Claim번호,원문,지표,단위,주기,지역,대표원인,적용규칙군,개선전실패단계,개선전사유,재실행후실패단계,재실행후사유,단계변화,엄격공식판정완료,최종판정,근거좌표수,공식값수,공식근거수,공식근거URL,공식응답해시
A00353_11,지난해부터 8000만원 이상 법인차에 연두색 표지판을 부착하게 한 것도 고가 수입차 판매 감소를 이끈 요인으로 꼽힌다.,수입액,원,년,,SEMANTIC_COORDINATE_AMBIGUITY,EXACT_COORDINATE_REVIEW,필수 조건 검사,NO_EVIDENCE_COORDINATE_CANDIDATE,후보 의미 비교,AMBIGUOUS_MARGIN,다음단계진전,N,UNDETERMINED,1,0,0,,
A00489_18,이미 1월 무역수지는 18억9000만달러의 적자로 돌아섰다.,무역수지,달러,월,,SEMANTIC_COORDINATE_AMBIGUITY,EXACT_COORDINATE_REVIEW,필수 조건 검사,NO_EVIDENCE_COORDINATE_CANDIDATE,필수 조건 검사,NO_EVIDENCE_COORDINATE_CANDIDATE,동일단계,N,UNDETERMINED,0,0,0,,
A00658_11,작년 수입액은 1조3600억원어치 정도다.,수입액,원,년,,SEMANTIC_COORDINATE_AMBIGUITY,EXACT_COORDINATE_REVIEW,필수 조건 검사,NO_EVIDENCE_COORDINATE_CANDIDATE,후보 의미 비교,AMBIGUOUS_MARGIN,다음단계진전,N,UNDETERMINED,1,0,0,,
A00672_9,작년 수입액은 1조3600억원어치 정도다.,수입액,원,년,,SEMANTIC_COORDINATE_AMBIGUITY,EXACT_COORDINATE_REVIEW,필수 조건 검사,NO_EVIDENCE_COORDINATE_CANDIDATE,후보 의미 비교,AMBIGUOUS_MARGIN,다음단계진전,N,UNDETERMINED,1,0,0,,
A00709_11,◇15년 뒤 생산연령인구 3000만명 아래로 하지만 올해부터는 90년대 초반생들도 이미 30세를 넘어 대부분 노동시장에 진출한 상태다.,총인구,명,년,,SEMANTIC_COORDINATE_AMBIGUITY,EXACT_COORDINATE_REVIEW,필수 조건 검사,NO_EVIDENCE_COORDINATE_CANDIDATE,필수 조건 검사,NO_EVIDENCE_COORDINATE_CANDIDATE,동일단계,N,UNDETERMINED,0,0,0,,
A00789_2,HMG그룹은 지난 1월 경기 용인시 처인구 역북동 신대지구 도시개발사업 공동주택 용지를 1813억원에 매입했다.,총인구,원,월,경기,CLAIM_STRUCTURE_ERROR,SOURCE_INDICATOR_VALUE_ROLE,필수 조건 검사,NO_HARD_GUARD_CANDIDATE,필수 조건 검사,NO_HARD_GUARD_CANDIDATE,동일단계,N,UNDETERMINED,0,0,0,,
A00840_14,"생활물가지수는 지난해 10월(1.2%)을 저점으로 꾸준히 오름세를 보이고 있는데, 소비자들이 실제 체감하는 물가 수준이 높아지고 있음을 시사한다.",생활물가 상승률,%,월,,SEMANTIC_COORDINATE_AMBIGUITY,EXACT_COORDINATE_REVIEW,필수 조건 검사,NO_EVIDENCE_COORDINATE_CANDIDATE,필수 조건 검사,NO_EVIDENCE_COORDINATE_CANDIDATE,동일단계,N,UNDETERMINED,0,0,0,,
A00872_2,9일 인천시에 따르면 지난달 기준 인천시 주민등록인구는 302만7854명으로 집계됐다.,총인구,명,월,인천,PERIOD_FREQUENCY_GAP,OFFICIAL_PERIOD_NORMALIZATION,필수 조건 검사,NO_HARD_GUARD_CANDIDATE,필수 조건 검사,NO_HARD_GUARD_CANDIDATE,동일단계,N,UNDETERMINED,0,0,0,,
A00922_5,청년층 쉬었음 인구가 50만명을 넘어선 것은 2003년 통계 작성 이래 최초다.,총인구,명,년,,DIMENSION_COORDINATE_GAP,OFFICIAL_DIMENSION_MEMBER,필수 조건 검사,NO_HARD_GUARD_CANDIDATE,필수 조건 검사,NO_HARD_GUARD_CANDIDATE,동일단계,N,UNDETERMINED,0,0,0,,
A00970_20,지난달 ICT 무역 수지는 58억1000만달러 흑자를 기록했다.,무역수지,달러,월,,SEMANTIC_COORDINATE_AMBIGUITY,EXACT_COORDINATE_REVIEW,필수 조건 검사,NO_EVIDENCE_COORDINATE_CANDIDATE,필수 조건 검사,NO_EVIDENCE_COORDINATE_CANDIDATE,동일단계,N,UNDETERMINED,0,0,0,,
A01149_18,지난해 대미수출액(약 61조3533억원)을 넘어서는 규모다.,수출액,원,년,,SEMANTIC_COORDINATE_AMBIGUITY,NO_AUTOMATIC_UNIT_CONVERSION,필수 조건 검사,NO_HARD_GUARD_CANDIDATE,필수 조건 검사,NO_HARD_GUARD_CANDIDATE,동일단계,N,UNDETERMINED,0,0,0,,
A01176_3,,과수원 면적,ha,월,경북 | 안동시 | 의성군 | 청송군 | 영양군,PERIOD_FREQUENCY_GAP,OFFICIAL_PERIOD_NORMALIZATION,필수 조건 검사,NO_HARD_GUARD_CANDIDATE,필수 조건 검사,NO_HARD_GUARD_CANDIDATE,동일단계,N,UNDETERMINED,0,0,0,,
A01185_23,"올해 1월 기준 광공업생산지수(상승)와 취업지수(회복)를 제외한 8개 지표(서비스업생산지수, 소매판매액지수, 설비투자지수, 건설기성액, 수출액, 수입액, 기업경기실사지수, 소비자기대지수)가 하강 국면에 분포했다.",광공업생산,개,년,경기,CLAIM_STRUCTURE_ERROR,SOURCE_INDICATOR_VALUE_ROLE,필수 조건 검사,NO_HARD_GUARD_CANDIDATE,필수 조건 검사,NO_HARD_GUARD_CANDIDATE,동일단계,N,UNDETERMINED,0,0,0,,
A01324_6,키움증권의 지난해 국내 주식 위탁 매매 수수료 수입은 총 3697억원이다.,수입액,원,년,전국,SEMANTIC_COORDINATE_AMBIGUITY,EXACT_COORDINATE_REVIEW,필수 조건 검사,NO_EVIDENCE_COORDINATE_CANDIDATE,후보 의미 비교,AMBIGUOUS_MARGIN,다음단계진전,N,UNDETERMINED,1,0,0,,
A01386_5,,경제성장률,%,분기,,SEMANTIC_COORDINATE_AMBIGUITY,EXACT_COORDINATE_REVIEW,필수 조건 검사,NO_EVIDENCE_COORDINATE_CANDIDATE,필수 조건 검사,NO_EVIDENCE_COORDINATE_CANDIDATE,동일단계,N,UNDETERMINED,0,0,0,,
A01464_3,,총인구,건,월,,CLAIM_STRUCTURE_ERROR,SOURCE_INDICATOR_VALUE_ROLE,필수 조건 검사,NO_HARD_GUARD_CANDIDATE,필수 조건 검사,NO_HARD_GUARD_CANDIDATE,동일단계,N,UNDETERMINED,0,0,0,,
A01480_17,순수출 성장 기여도는 올해 1분기 0.3%포인트로 집계됐다.,순수출 성장 기여도,%p,분기,,SEMANTIC_COORDINATE_AMBIGUITY,EXACT_COORDINATE_REVIEW,필수 조건 검사,NO_EVIDENCE_COORDINATE_CANDIDATE,필수 조건 검사,NO_EVIDENCE_COORDINATE_CANDIDATE,동일단계,N,UNDETERMINED,0,0,0,,
A01539_16,3만달러를 넘은 2014년쯤에는 자동차·화학·정유(차화정)가 반도체와 함께 수출을 쌍끌이했다.,수출액,달러,년,,PERIOD_FREQUENCY_GAP,OFFICIAL_PERIOD_NORMALIZATION,필수 조건 검사,NO_HARD_GUARD_CANDIDATE,필수 조건 검사,NO_HARD_GUARD_CANDIDATE,동일단계,N,UNDETERMINED,0,0,0,,
A01641_18,지난해 기업들이 낸 법인세 수입(62조5000억원)과 맞먹는 수준이다.,수입액,원,년,,SEMANTIC_COORDINATE_AMBIGUITY,EXACT_COORDINATE_REVIEW,필수 조건 검사,NO_EVIDENCE_COORDINATE_CANDIDATE,후보 의미 비교,AMBIGUOUS_MARGIN,다음단계진전,N,UNDETERMINED,1,0,0,,
A01693_1,올해 1분기(1~3월) 성장률이 -0.2%로 뒷걸음질 쳤던 우리 경제가 세계 주요국 중 1분기에 성장이 가장 더뎠던 것으로 나타났다.,경제성장률,%,분기,,SEMANTIC_COORDINATE_AMBIGUITY,EXACT_COORDINATE_REVIEW,필수 조건 검사,NO_EVIDENCE_COORDINATE_CANDIDATE,필수 조건 검사,NO_EVIDENCE_COORDINATE_CANDIDATE,동일단계,N,UNDETERMINED,0,0,0,,
A01708_16,,무역수지,달러,월,,PERIOD_FREQUENCY_GAP,OFFICIAL_PERIOD_NORMALIZATION,필수 조건 검사,NO_HARD_GUARD_CANDIDATE,필수 조건 검사,NO_HARD_GUARD_CANDIDATE,동일단계,N,UNDETERMINED,0,0,0,,
A01723_2,"2000년대 후반 잠재성장률이 4% 수준이었음을 고려하면, 20년 만에 반 토막 난 것이다.",경제성장률,%,년,,SEMANTIC_COORDINATE_AMBIGUITY,EXACT_COORDINATE_REVIEW,필수 조건 검사,NO_EVIDENCE_COORDINATE_CANDIDATE,필수 조건 검사,NO_EVIDENCE_COORDINATE_CANDIDATE,동일단계,N,UNDETERMINED,0,0,0,,
A01762_4,한국의 1인당 GDP(국내총생산)는 지난해 기준 4926만원이다.,1인당 GDP,원,년,전국,SEMANTIC_COORDINATE_AMBIGUITY,EXACT_COORDINATE_REVIEW,필수 조건 검사,NO_EVIDENCE_COORDINATE_CANDIDATE,필수 조건 검사,NO_EVIDENCE_COORDINATE_CANDIDATE,동일단계,N,UNDETERMINED,0,0,0,,
A01798_35,"올해 1~4월 우리나라는 스페인에 오징어를 2180톤 수출했는데, 작년 같은 기간에는 스페인에 수출한 오징어가 한 마리도 없었다.",오징어 수출량,톤,누계,전국,PERIOD_FREQUENCY_GAP,OFFICIAL_PERIOD_NORMALIZATION,필수 조건 검사,NO_HARD_GUARD_CANDIDATE,필수 조건 검사,NO_HARD_GUARD_CANDIDATE,동일단계,N,UNDETERMINED,0,0,0,,
A01894_4,저출산고령사회위원회에 따르면 2023년 기준 국내 치매 인구는 124만명이다.,총인구,명,년,전국,SEMANTIC_COORDINATE_AMBIGUITY,EXACT_COORDINATE_REVIEW,필수 조건 검사,NO_EVIDENCE_COORDINATE_CANDIDATE,필수 조건 검사,NO_EVIDENCE_COORDINATE_CANDIDATE,동일단계,N,UNDETERMINED,0,0,0,,
A01953_8,이는 한국제약바이오협회가 집계한 지난해 기술 수출액(61억3300만달러)을 이미 넘어선 것이다.,수출액,달러,년,전국,DIMENSION_COORDINATE_GAP,OFFICIAL_DIMENSION_MEMBER,필수 조건 검사,NO_HARD_GUARD_CANDIDATE,필수 조건 검사,NO_HARD_GUARD_CANDIDATE,동일단계,N,UNDETERMINED,0,0,0,,
A02022_15,노동투입이 잠재성장률에 기여하는 정도도 2000년대 초반과 비슷한 30% 수준으로 낮아졌다.,경제성장률,%,년,,SEMANTIC_COORDINATE_AMBIGUITY,EXACT_COORDINATE_REVIEW,필수 조건 검사,NO_EVIDENCE_COORDINATE_CANDIDATE,필수 조건 검사,NO_EVIDENCE_COORDINATE_CANDIDATE,동일단계,N,UNDETERMINED,0,0,0,,
A02179_7,특히 아랍에미리트는 2031년까지 GDP의 40%를 AI 산업에서 창출하겠다고 한다.,경제성장률,%,년,,SEMANTIC_COORDINATE_AMBIGUITY,EXACT_COORDINATE_REVIEW,필수 조건 검사,NO_EVIDENCE_COORDINATE_CANDIDATE,필수 조건 검사,NO_EVIDENCE_COORDINATE_CANDIDATE,동일단계,N,UNDETERMINED,0,0,0,,
A02253_15,,경제성장률,%,분기,아일랜드,REGION_COORDINATE_GAP,OFFICIAL_REGION_ALIAS,필수 조건 검사,NO_HARD_GUARD_CANDIDATE,필수 조건 검사,NO_HARD_GUARD_CANDIDATE,동일단계,N,UNDETERMINED,0,0,0,,
A02385_22,"이재명 대통령이 취임 닷새 만인 지난달 9일 “라면 한 개에 2000원도 한다는데, 진짜냐”며 요주의 품목으로 라면을 콕 짚어 언급했지만, 라면을 포함한 가공식품 물가는 고공 행진하고 있다.",물가상승률,원,월,,CLAIM_STRUCTURE_ERROR,SOURCE_INDICATOR_VALUE_ROLE,필수 조건 검사,NO_EVIDENCE_COORDINATE_CANDIDATE,필수 조건 검사,NO_EVIDENCE_COORDINATE_CANDIDATE,동일단계,N,UNDETERMINED,0,0,0,,
A02385_32,라면에 계란을 풀어 파는 외식 라면 물가도 지난달 4%나 뛰었다.,물가상승률,%,월,,DIMENSION_COORDINATE_GAP,OFFICIAL_DIMENSION_MEMBER,필수 조건 검사,NO_HARD_GUARD_CANDIDATE,필수 조건 검사,NO_HARD_GUARD_CANDIDATE,동일단계,N,UNDETERMINED,0,0,0,,
A02395_19,2005년 인구조사에서는 남북 이산가족 유무를 물었는데 총 71만5968명의 국민이 “북한에 가족이나 친인척이 있다”고 답했다.,총인구,명,년,,PERIOD_FREQUENCY_GAP,OFFICIAL_PERIOD_NORMALIZATION,필수 조건 검사,NO_HARD_GUARD_CANDIDATE,필수 조건 검사,NO_HARD_GUARD_CANDIDATE,동일단계,N,UNDETERMINED,0,0,0,,
A02631_3,"보고서는 2019∼2024년 국가데이터처 소비자물가지수 분류 항목 중 의식주와 관련 있고 상승률이 높은 15개 항목(식료품, 수도 및 주거 관련 서비스, 음식 서비스 등)을 중점적으로 분석했다.",소비자물가지수,개,년,,CLAIM_STRUCTURE_ERROR,SOURCE_INDICATOR_VALUE_ROLE,필수 조건 검사,NO_HARD_GUARD_CANDIDATE,필수 조건 검사,NO_HARD_GUARD_CANDIDATE,동일단계,N,UNDETERMINED,0,0,0,,
A02656_28,이는 지난해 1인 가구 최저생계비(133만원)에 못 미치는 수준이다.,1인 가구 수,원,년,,CLAIM_STRUCTURE_ERROR,SOURCE_INDICATOR_VALUE_ROLE,필수 조건 검사,NO_EVIDENCE_COORDINATE_CANDIDATE,필수 조건 검사,NO_EVIDENCE_COORDINATE_CANDIDATE,동일단계,N,UNDETERMINED,0,0,0,,
A02700_19,코로나 시기였던 2020년 인구주택총조사의 최종 응답률은 96.3%였다.,인구주택총조사 최종 응답률,%,년,,SEMANTIC_COORDINATE_AMBIGUITY,EXACT_COORDINATE_REVIEW,필수 조건 검사,NO_EVIDENCE_COORDINATE_CANDIDATE,필수 조건 검사,NO_EVIDENCE_COORDINATE_CANDIDATE,동일단계,N,UNDETERMINED,0,0,0,,
claim_0236b22fed29bb35,"자동차 수출은 하반기 주요 완성차·부품업계 파업 등에 따른 일부 생산 차질 영향으로 전년도와 보합세인 708억 달러(-0.1%)를 기록하였으며, 2년 연속 700억 달러 이상의 호실적을 이어갔다.",수출액,억 달러,년,,DIMENSION_COORDINATE_GAP,OFFICIAL_DIMENSION_MEMBER,필수 조건 검사,NO_HARD_GUARD_CANDIDATE,필수 조건 검사,NO_HARD_GUARD_CANDIDATE,동일단계,N,UNDETERMINED,0,0,0,,
claim_08456a7c943ec326,"이는 자산 총액이 최근 명목 GDP 확정치의 0.5%(올해는 11조6000억원) 이상인 경우 지정되는데, 올해 두나무와 한국앤컴퍼니가 새로 들어오면서 46곳이 됐다.",경제성장률,%,년,전국,SEMANTIC_COORDINATE_AMBIGUITY,EXACT_COORDINATE_REVIEW,필수 조건 검사,NO_EVIDENCE_COORDINATE_CANDIDATE,필수 조건 검사,NO_EVIDENCE_COORDINATE_CANDIDATE,동일단계,N,UNDETERMINED,0,0,0,,
claim_0d6482ba1fa9a6ab,"1990년 64만9000명대였던 출생아 수가 1991년 70만9000명대로 뛰어오른 데 이어, 올해 33세인 1992년생은 출생아 수가 73만명대로 2차 에코 붐 세대 중에서도 가장 많았기 때문이다.",출생아 수,명,년,,DIMENSION_COORDINATE_GAP,OFFICIAL_DIMENSION_MEMBER,필수 조건 검사,NO_HARD_GUARD_CANDIDATE,필수 조건 검사,NO_HARD_GUARD_CANDIDATE,동일단계,N,UNDETERMINED,0,0,0,,
claim_155c3f8814001494,"대중 수출은 지난 2010년(1168억3800만달러)부터 1000억달러선을 넘어섰고, 2021년에는 1629억1300만달러까지 늘어났지만 이후 감소세가 눈에 띄었다.",수출액,USD,년,,SEMANTIC_COORDINATE_AMBIGUITY,EXACT_COORDINATE_REVIEW,필수 조건 검사,NO_EVIDENCE_COORDINATE_CANDIDATE,필수 조건 검사,NO_EVIDENCE_COORDINATE_CANDIDATE,동일단계,N,UNDETERMINED,0,0,0,,
claim_1aa98594f46770a7,"작년 12월 수출은 633억달러로 전달보다 11.1%, 전년 같은 달보다 6.6% 뛰었다.",수출,억달러,월,,METADATA_GAP,OFFICIAL_METADATA_REFRESH,필수 조건 검사,NO_HARD_GUARD_CANDIDATE,후보 의미 비교,AMBIGUOUS_MARGIN,다음단계진전,N,UNDETERMINED,1,0,0,,
claim_22d76b35abe5866e,지난 1~10일 반도체 수출액은 36억2900만달러로 전년 동월 대비 22% 뛰었다.,수출액,달러,월,,PERIOD_FREQUENCY_GAP,OFFICIAL_PERIOD_NORMALIZATION,필수 조건 검사,NO_HARD_GUARD_CANDIDATE,필수 조건 검사,NO_HARD_GUARD_CANDIDATE,동일단계,N,UNDETERMINED,0,0,0,,
claim_297f5d4a6be813a9,"작년 전체 자동차 부품 수출액은 총 225억4700만달러(약 32조4300억원)로, 이 중 대미 수출 비중(36.5％)이 가장 컸다.",자동차 부품 수출액,달러,년,전체,REGION_COORDINATE_GAP,OFFICIAL_REGION_ALIAS,필수 조건 검사,NO_HARD_GUARD_CANDIDATE,필수 조건 검사,NO_HARD_GUARD_CANDIDATE,동일단계,N,UNDETERMINED,0,0,0,,
claim_2d1e921e3ec4a6fc,지난달 비경제활동인구 중 활동 상태를 ‘쉬었음’이라고 응답한 20대는 39만6000명으로 전년 동월 대비 2000명 늘었다.,비경제활동인구 중 활동 상태가 ‘쉬었음’인 인구,명,월,,PERIOD_FREQUENCY_GAP,OFFICIAL_PERIOD_NORMALIZATION,필수 조건 검사,NO_HARD_GUARD_CANDIDATE,필수 조건 검사,NO_HARD_GUARD_CANDIDATE,동일단계,N,UNDETERMINED,0,0,0,,
claim_3375a461ad29e545,반면 국내 산업 중 가장 많은 인력을 고용하는 제조업은 지난달 취업자 수가 441만4000명으로 전년 동월 대비 8만3000명 줄었다.,취업자 수,명,월,국내,REGION_COORDINATE_GAP,OFFICIAL_REGION_ALIAS,필수 조건 검사,NO_HARD_GUARD_CANDIDATE,완료,WITHIN_TOLERANCE,공식판정완료,Y,MATCH,1,1,1,https://kosis.kr/openapi/Param/statisticsParameterData.do?method=getList&orgId=101&tblId=DT_1DA7E06S_NEW&itmId=T30&prdSe=M&startPrdDe=202506&endPrdDe=202506&objL1=10,81dfe8132b57aedc1c544c69cf8686ce3085eb8b0ec9ebcf7664df3fa0c9d91b
claim_33a229c35a60058a,"올해 1분기 우리나라 성장률은 -0.2%로 역성장했는데, 설비 투자 성장률은 이보다 낮은 -0.4%였다.",우리나라 성장률,%,분기,대한민국,DIMENSION_COORDINATE_GAP,OFFICIAL_DIMENSION_MEMBER,필수 조건 검사,NO_HARD_GUARD_CANDIDATE,필수 조건 검사,NO_HARD_GUARD_CANDIDATE,동일단계,N,UNDETERMINED,0,0,0,,
claim_3548667ef4067f27,2023년 말 일반 정부 부채는 약 1217조원(GDP의 50.7%)이다.,일반 정부 부채,조원,년,,DIMENSION_COORDINATE_GAP,OFFICIAL_DIMENSION_MEMBER,필수 조건 검사,NO_HARD_GUARD_CANDIDATE,필수 조건 검사,NO_HARD_GUARD_CANDIDATE,동일단계,N,UNDETERMINED,0,0,0,,
claim_4e7f395f77940f8f,생활 물가와 소비자물가 차이는 작년 상반기 0.6%포인트에서 하반기 0.1%포인트로 줄었다가 올해 1~5월 0.4%포인트로 다시 확대되는 추세다.,생활물가와 소비자물가의 차이,%포인트,1~5월,,PERIOD_FREQUENCY_GAP,OFFICIAL_PERIOD_NORMALIZATION,필수 조건 검사,NO_HARD_GUARD_CANDIDATE,필수 조건 검사,NO_HARD_GUARD_CANDIDATE,동일단계,N,UNDETERMINED,0,0,0,,
claim_57da797b1c0ab29f,"◇반도체로 2만불, 車로 3만불 시대… ‘4만불 엔진’은 안 보여 1만729달러(1994년)→2만162달러(2005년)→3만667달러(2014년). 한국 경제는 1인당 GDP가 1만달러 간격의 허들을 넘을 때마다 확실한 동력을 갖고 있었다.",1인당 GDP,달러,년,한국,SEMANTIC_COORDINATE_AMBIGUITY,EXACT_COORDINATE_REVIEW,필수 조건 검사,NO_EVIDENCE_COORDINATE_CANDIDATE,필수 조건 검사,NO_EVIDENCE_COORDINATE_CANDIDATE,동일단계,N,UNDETERMINED,0,0,0,,
claim_5f13c1222537880e,올해 두나무를 포함해 자산총액이 11조6000억원(최근 명목 GDP 확정치의 0.5%) 이상인 기업집단 46곳이 상호출자제한기업집단으로 지정됐다.,상호출자제한기업집단 지정 기업집단 수,곳,년,대한민국,DIMENSION_COORDINATE_GAP,OFFICIAL_DIMENSION_MEMBER,필수 조건 검사,NO_HARD_GUARD_CANDIDATE,필수 조건 검사,NO_HARD_GUARD_CANDIDATE,동일단계,N,UNDETERMINED,0,0,0,,
claim_5f58fe9138cdce63,,취업자,명,반기,대한민국,PERIOD_FREQUENCY_GAP,OFFICIAL_PERIOD_NORMALIZATION,필수 조건 검사,NO_HARD_GUARD_CANDIDATE,필수 조건 검사,NO_HARD_GUARD_CANDIDATE,동일단계,N,UNDETERMINED,0,0,0,,
claim_68783c5d74281af2,,상용근로자 수,명,년,,DIMENSION_COORDINATE_GAP,OFFICIAL_DIMENSION_MEMBER,필수 조건 검사,NO_HARD_GUARD_CANDIDATE,필수 조건 검사,NO_HARD_GUARD_CANDIDATE,동일단계,N,UNDETERMINED,0,0,0,,
claim_68f111412bb9df44,그런데 1~4월 고등어 수출량은 3만7888톤으로 전년 동월(1만4178톤) 대비 167%나 폭증했다.,수출량,톤,1~4월 누계,,PERIOD_FREQUENCY_GAP,OFFICIAL_PERIOD_NORMALIZATION,필수 조건 검사,NO_HARD_GUARD_CANDIDATE,필수 조건 검사,NO_HARD_GUARD_CANDIDATE,동일단계,N,UNDETERMINED,0,0,0,,
claim_696fd653e7921dfb,,예산,억원,년,,DIMENSION_COORDINATE_GAP,OFFICIAL_DIMENSION_MEMBER,필수 조건 검사,NO_HARD_GUARD_CANDIDATE,필수 조건 검사,NO_HARD_GUARD_CANDIDATE,동일단계,N,UNDETERMINED,0,0,0,,
claim_6b36a4392062740e,"15일 한국수입자동차협회(KAIDA)에 따르면, 작년 수입 승용차 판매량은 26만3288대로 2023년 대비 2.9％ 줄었다.",수입 승용차 판매량,대,년,한국,SEMANTIC_COORDINATE_AMBIGUITY,EXACT_COORDINATE_REVIEW,필수 조건 검사,NO_EVIDENCE_COORDINATE_CANDIDATE,필수 조건 검사,NO_EVIDENCE_COORDINATE_CANDIDATE,동일단계,N,UNDETERMINED,0,0,0,,
claim_70931b90f2bda6d9,"하지만 지난 1분기까지 4개 분기 연속 성장률이 0.1%를 밑돌자, 경기 부양에 추가 재정을 투입할 수 있다고 공식화한 것이다.",성장률,%,분기,,DIMENSION_COORDINATE_GAP,OFFICIAL_DIMENSION_MEMBER,필수 조건 검사,NO_HARD_GUARD_CANDIDATE,필수 조건 검사,NO_HARD_GUARD_CANDIDATE,동일단계,N,UNDETERMINED,0,0,0,,
claim_7555330ed60c895a,"국가데이터처가 22일 발표한 '2025년 8월 경제활동인구조사 근로형태별 부가조사'에 따르면, 지난 8월 기준 비정규직 근로자는 856만8000명으로 전년 동월 대비 11만 명 증가했다.",근로자 수,명,월,대한민국,SEMANTIC_COORDINATE_AMBIGUITY,EXACT_COORDINATE_REVIEW,필수 조건 검사,NO_EVIDENCE_COORDINATE_CANDIDATE,필수 조건 검사,NO_EVIDENCE_COORDINATE_CANDIDATE,동일단계,N,UNDETERMINED,0,0,0,,
claim_7e26ca8b021dc775,작년에도 대졸 실업률(5.8%)이 고졸(5.1%)을 웃돌았고 올 들어서도 이런 상황이 이어지고 있다.,실업률,%,년,한국,SEMANTIC_COORDINATE_AMBIGUITY,EXACT_COORDINATE_REVIEW,필수 조건 검사,NO_EVIDENCE_COORDINATE_CANDIDATE,필수 조건 검사,NO_EVIDENCE_COORDINATE_CANDIDATE,동일단계,N,UNDETERMINED,0,0,0,,
claim_7e7c3ca7eabeece5,"올해 들어 소비자물가는 지난 1월(2.2%)부터 2월(2.0%), 3월(2.1%), 그리고 4월까지 넉 달 연속으로 2%대를 유지하고 있다.",소비자물가 상승률,%,월,대한민국,SEMANTIC_COORDINATE_AMBIGUITY,EXACT_COORDINATE_REVIEW,필수 조건 검사,NO_EVIDENCE_COORDINATE_CANDIDATE,필수 조건 검사,NO_EVIDENCE_COORDINATE_CANDIDATE,동일단계,N,UNDETERMINED,0,0,0,,
claim_8553de442b750f6e,"소비자물가는 작년 9월(1.6%)부터 12월(1.9%)까지 4개월간 1%대를 유지하다가, 올해 들어 지난 1월(2.2%)과 2월(2%)에 이어 세 달 연속으로 2%대를 기록했다.",소비자물가,%,월,,SEMANTIC_COORDINATE_AMBIGUITY,NO_AUTOMATIC_UNIT_CONVERSION,필수 조건 검사,NO_HARD_GUARD_CANDIDATE,필수 조건 검사,NO_HARD_GUARD_CANDIDATE,동일단계,N,UNDETERMINED,0,0,0,,
claim_863eebfa6f331bc6,"2일 한국수입자동차협회(KAIDA)에 따르면, 지난해 국내에서 판매된 수입 SUV는 12만7754대로 집계돼 세단(12만6881대)보다 많았다.",수입액,대,년,전국,DIMENSION_COORDINATE_GAP,OFFICIAL_DIMENSION_MEMBER,필수 조건 검사,NO_HARD_GUARD_CANDIDATE,필수 조건 검사,NO_HARD_GUARD_CANDIDATE,동일단계,N,UNDETERMINED,0,0,0,,
claim_86c3569ecb965994,,잠재성장률,%,decade,대한민국,PERIOD_FREQUENCY_GAP,OFFICIAL_PERIOD_NORMALIZATION,필수 조건 검사,NO_HARD_GUARD_CANDIDATE,필수 조건 검사,NO_HARD_GUARD_CANDIDATE,동일단계,N,UNDETERMINED,0,0,0,,
claim_876392cfe0983300,"올해 내수의 성장률 기여도는 0.8%포인트, 순수출 성장률 기여도는 0%포인트 정도로 봤다.",성장률 기여도,%포인트,년,,SEMANTIC_COORDINATE_AMBIGUITY,EXACT_COORDINATE_REVIEW,필수 조건 검사,NO_EVIDENCE_COORDINATE_CANDIDATE,필수 조건 검사,NO_EVIDENCE_COORDINATE_CANDIDATE,동일단계,N,UNDETERMINED,0,0,0,,
claim_8aa30da67bf9f7e7,"지난달 실업률은 3.8%로 2022년 1월(4.1%) 이후 가장 높았고, 청년 실업률은 5.9%로 6%에 육박했다.",실업률,%,월,,DIMENSION_COORDINATE_GAP,OFFICIAL_DIMENSION_MEMBER,필수 조건 검사,NO_HARD_GUARD_CANDIDATE,필수 조건 검사,NO_HARD_GUARD_CANDIDATE,동일단계,N,UNDETERMINED,0,0,0,,
claim_8cae8d34eacd941c,농림축산식품부는 6일 올해 상반기 아이스크림 수출액이 6550만달러(894억원)를 기록했다고 밝혔다.,수출액,만달러,반기,대한민국,PERIOD_FREQUENCY_GAP,OFFICIAL_PERIOD_NORMALIZATION,필수 조건 검사,NO_HARD_GUARD_CANDIDATE,필수 조건 검사,NO_HARD_GUARD_CANDIDATE,동일단계,N,UNDETERMINED,0,0,0,,
claim_98c3281f01004e9b,"지난해 기준 65세 이상 연금 소득자의 월평균 연금 소득은 70~80만원 수준으로, 같은 해 1인 가구 월 최저 생계비(134만원)에 못 미친다는 설명이다.",월평균 연금 소득,만원,월,,SEMANTIC_COORDINATE_AMBIGUITY,EXACT_COORDINATE_REVIEW,필수 조건 검사,NO_EVIDENCE_COORDINATE_CANDIDATE,필수 조건 검사,NO_EVIDENCE_COORDINATE_CANDIDATE,동일단계,N,UNDETERMINED,0,0,0,,
claim_9e3fa367e9e40c46,"고용노동부가 사업체 5만여 곳을 대상으로 조사한 결과에 따르면 지난해 우리나라 근로자 월평균 명목임금은 407만9000원이고, 물가 수준을 고려한 실질임금은 월평균 357만3000원이다.",물가상승률,원,년,전국,CLAIM_STRUCTURE_ERROR,SOURCE_INDICATOR_VALUE_ROLE,필수 조건 검사,NO_EVIDENCE_COORDINATE_CANDIDATE,필수 조건 검사,NO_EVIDENCE_COORDINATE_CANDIDATE,동일단계,N,UNDETERMINED,0,0,0,,
claim_a39c95dc02922b4e,고령 돌봄 수요 확대 등에 따라 지난달 보건·사회복지서비스업 취업자 수는 323만4000명으로 전년 동월 대비 21만6000명 증가했다.,취업자 수,명,월,대한민국,DIMENSION_COORDINATE_GAP,OFFICIAL_DIMENSION_MEMBER,필수 조건 검사,NO_HARD_GUARD_CANDIDATE,필수 조건 검사,NO_HARD_GUARD_CANDIDATE,동일단계,N,UNDETERMINED,0,0,0,,
claim_a3d2eacdeae596da,"전국 농가 수는 1970년 약 248만3000가구였지만, 1984년 약 197만 3000가구로 처음 200만 가구 아래로 떨어진 뒤 2023년에는 100만 가구 선도 깨졌다.",농가 수,가구,년,전국,PERIOD_FREQUENCY_GAP,OFFICIAL_PERIOD_NORMALIZATION,필수 조건 검사,NO_HARD_GUARD_CANDIDATE,필수 조건 검사,NO_HARD_GUARD_CANDIDATE,동일단계,N,UNDETERMINED,0,0,0,,
claim_ac272991918f1c8e,국내 농가 수는 지난 2023년 99만9000가구를 기록하며 처음으로 100만 가구 아래로 떨어진 이후 하락세가 지속되고 있다.,농가 수,가구,년,국내,SEMANTIC_COORDINATE_AMBIGUITY,EXACT_COORDINATE_REVIEW,필수 조건 검사,NO_EVIDENCE_COORDINATE_CANDIDATE,공식값 조회,AS_OF_UNAVAILABLE,다음단계진전,N,UNDETERMINED,1,0,1,https://kosis.kr/openapi/Param/statisticsParameterData.do?method=getList&orgId=101&tblId=DT_1EA1038&itmId=T00&prdSe=Y&startPrdDe=2023&endPrdDe=2023&objL1=000,549c95750bc55bd5b9a3447b39105e263542315a23a0ec2b5599dffc34a9ff56
claim_accf2f7d9058e976,"통계청이 집계하는 가공식품 품목 73개 가운데 라면과 초콜릿(20.4%), 고추장(14.2%), 김치(14.2%), 빵(6.4%) 등 62개 가격이 올라 지난달 가공식품 물가는 4.6%나 뛰었다.",가공식품 가격,%,월,대한민국,PERIOD_FREQUENCY_GAP,OFFICIAL_PERIOD_NORMALIZATION,필수 조건 검사,NO_HARD_GUARD_CANDIDATE,필수 조건 검사,NO_HARD_GUARD_CANDIDATE,동일단계,N,UNDETERMINED,0,0,0,,
claim_b0c618819d2bd081,키움증권은 올해 5월 19일 기준 국내 제약 바이오 기술 수출액이 62억달러(약 8조5500억원)에 달했다고 최근 밝혔다.,기술 수출액,억달러,누계,국내,REGION_COORDINATE_GAP,OFFICIAL_REGION_ALIAS,필수 조건 검사,NO_HARD_GUARD_CANDIDATE,필수 조건 검사,NO_HARD_GUARD_CANDIDATE,동일단계,N,UNDETERMINED,0,0,0,,
claim_b256cf2d4da2d9f2,28일 한국수입자동차협회(KAIDA)에 따르면 작년 1~12월 1억원이 넘는 수입차는 총 6만2520대가 판매됐다.,수입차 판매 대수,대,년,한국,PERIOD_FREQUENCY_GAP,OFFICIAL_PERIOD_NORMALIZATION,필수 조건 검사,NO_HARD_GUARD_CANDIDATE,필수 조건 검사,NO_HARD_GUARD_CANDIDATE,동일단계,N,UNDETERMINED,0,0,0,,
claim_bca90962953a18c9,,수출액,대,년,,DIMENSION_COORDINATE_GAP,OFFICIAL_DIMENSION_MEMBER,필수 조건 검사,NO_HARD_GUARD_CANDIDATE,필수 조건 검사,NO_HARD_GUARD_CANDIDATE,동일단계,N,UNDETERMINED,0,0,0,,
claim_bf069e7a5b2482e3,"지난 1분기 25~34세 인구는 697만6000명으로, 작년 1분기(697만7000명)와 비슷했다.",인구,명,분기,,DIMENSION_COORDINATE_GAP,OFFICIAL_DIMENSION_MEMBER,필수 조건 검사,NO_HARD_GUARD_CANDIDATE,필수 조건 검사,NO_HARD_GUARD_CANDIDATE,동일단계,N,UNDETERMINED,0,0,0,,
claim_c598b89c89778fed,,수출량,대,누계,,PERIOD_FREQUENCY_GAP,OFFICIAL_PERIOD_NORMALIZATION,필수 조건 검사,NO_HARD_GUARD_CANDIDATE,필수 조건 검사,NO_HARD_GUARD_CANDIDATE,동일단계,N,UNDETERMINED,0,0,0,,
claim_c91a83f4d40b12ab,올해 두나무를 포함해 자산총액이 11조6000억원(최근 명목 GDP 확정치의 0.5%) 이상인 기업집단 46곳이 상호출자제한기업집단으로 지정됐다.,상호출자제한기업집단 지정 기준 자산총액,조원,년,대한민국,DIMENSION_COORDINATE_GAP,OFFICIAL_DIMENSION_MEMBER,필수 조건 검사,NO_HARD_GUARD_CANDIDATE,필수 조건 검사,NO_HARD_GUARD_CANDIDATE,동일단계,N,UNDETERMINED,0,0,0,,
claim_cafe56bb76521bbb,지난달 청년 실업률이 7% 중반까지 치솟아 코로나 대유행으로 실업률이 10%까지 치솟았던 2021년 이후 4년 만에 가장 높았다.,실업률,%,월,,SEMANTIC_COORDINATE_AMBIGUITY,EXACT_COORDINATE_REVIEW,필수 조건 검사,NO_EVIDENCE_COORDINATE_CANDIDATE,필수 조건 검사,NO_EVIDENCE_COORDINATE_CANDIDATE,동일단계,N,UNDETERMINED,0,0,0,,
claim_cbad041451547ab2,"연간 경제성장률이 3~4%에 달하던 시절은 아련하고, 지금은 1% 성장률에 머물러 있다.",경제성장률,%,년,지금,SEMANTIC_COORDINATE_AMBIGUITY,EXACT_COORDINATE_REVIEW,필수 조건 검사,NO_EVIDENCE_COORDINATE_CANDIDATE,필수 조건 검사,NO_EVIDENCE_COORDINATE_CANDIDATE,동일단계,N,UNDETERMINED,0,0,0,,
claim_cce2f043f3f0e786,"전년 동월 대비 비정규직이 늘어난 산업은 보건사회복지업(21만명), 운수창고업(3만9000명)이었고, 숙박음식업(-5만8000명), 건설업(-5만1000명), 도소매업(-4만1000명), 제조업(-3만2000명)은 감소했다.",비정규직 수 증감,명,월,,DIMENSION_COORDINATE_GAP,OFFICIAL_DIMENSION_MEMBER,필수 조건 검사,NO_HARD_GUARD_CANDIDATE,필수 조건 검사,NO_HARD_GUARD_CANDIDATE,동일단계,N,UNDETERMINED,0,0,0,,
claim_cdacc78d98fd1e6b,,수출액,달러,년,,DIMENSION_COORDINATE_GAP,OFFICIAL_DIMENSION_MEMBER,필수 조건 검사,NO_HARD_GUARD_CANDIDATE,필수 조건 검사,NO_HARD_GUARD_CANDIDATE,동일단계,N,UNDETERMINED,0,0,0,,
claim_ce14765a78a0675e,"3일 국가데이터처의 경제활동인구조사 마이크로데이터를 분석한 결과에 따르면, 지난 9월 기준 국내 부업자 수는 67만9367명으로 지난해 9월(65만5475명)보다 2만4000명가량 늘었다.",부업자 수,명,월,국내,PERIOD_FREQUENCY_GAP,OFFICIAL_PERIOD_NORMALIZATION,필수 조건 검사,NO_HARD_GUARD_CANDIDATE,필수 조건 검사,NO_HARD_GUARD_CANDIDATE,동일단계,N,UNDETERMINED,0,0,0,,
claim_d16538d7381cefb2,"작년 1억원 이상 수입차에서 가장 인기 있는 모델 5개 중 SUV가 3개, 세단은 1개였다.",수입액,원,년,,SEMANTIC_COORDINATE_AMBIGUITY,EXACT_COORDINATE_REVIEW,필수 조건 검사,NO_EVIDENCE_COORDINATE_CANDIDATE,후보 의미 비교,AMBIGUOUS_MARGIN,다음단계진전,N,UNDETERMINED,1,0,0,,
claim_d3cfc35992f45b90,비상 계엄 파문 이전인 작년... 3분기 연속 제로 성장… 현실이 된 '피크 코리아' -0.2%(2024년 2분기)→0.1%(3분기)→0.1%(4분기) 한국 경제성장률이 3개 분기 연속으로 0% 안팎을 기록했다.,경제성장률,%,분기,전국,SEMANTIC_COORDINATE_AMBIGUITY,EXACT_COORDINATE_REVIEW,필수 조건 검사,NO_EVIDENCE_COORDINATE_CANDIDATE,필수 조건 검사,NO_EVIDENCE_COORDINATE_CANDIDATE,동일단계,N,UNDETERMINED,0,0,0,,
claim_e2ed9bf16de852a0,"실업률은 4% 수준이고, 작년 12월에는 일자리 25만개가 새로 만들어졌다.",일자리,개,월,,PERIOD_FREQUENCY_GAP,OFFICIAL_PERIOD_NORMALIZATION,필수 조건 검사,NO_HARD_GUARD_CANDIDATE,필수 조건 검사,NO_HARD_GUARD_CANDIDATE,동일단계,N,UNDETERMINED,0,0,0,,
claim_e8ddfd4375ff8253,"지난 2003년부터 2022년까지 20년간 20대 후반의 실업률은 고졸이 대졸보다 높았는데, 지난 2023년부터 대졸 실업률(6.2%)이 고졸(5.2%)을 넘는 역전 현상이 발생했다.",실업률,%,년,,SEMANTIC_COORDINATE_AMBIGUITY,EXACT_COORDINATE_REVIEW,필수 조건 검사,NO_EVIDENCE_COORDINATE_CANDIDATE,필수 조건 검사,NO_EVIDENCE_COORDINATE_CANDIDATE,동일단계,N,UNDETERMINED,0,0,0,,
claim_e9cc4c0de10264a9,한국무역협회는 올해 1분기 한국의 대미 무역수지 흑자가 133억8000만달러로 작년 동기(132억2000만달러)보다 소폭 웃돌았다고 19일 밝혔다.,무역수지 흑자,달러,분기,한국,PERIOD_FREQUENCY_GAP,OFFICIAL_PERIOD_NORMALIZATION,필수 조건 검사,NO_HARD_GUARD_CANDIDATE,필수 조건 검사,NO_HARD_GUARD_CANDIDATE,동일단계,N,UNDETERMINED,0,0,0,,
claim_eb64c1ce7e5abde3,"우리나라 역시 GDP 대비 정부 부채 비율이 2000년부터 2023년까지 34.6%포인트 늘었는데, 고령화와 관련이 높은 사회수혜금(44.5%포인트), 사회보장현물(49.8%) 지출이 큰 영향을 끼쳤다.",사회보장현물 지출,%,년,대한민국,DIMENSION_COORDINATE_GAP,OFFICIAL_DIMENSION_MEMBER,필수 조건 검사,NO_HARD_GUARD_CANDIDATE,필수 조건 검사,NO_HARD_GUARD_CANDIDATE,동일단계,N,UNDETERMINED,0,0,0,,
claim_ec3f120db14ef8f3,"2008년 금융 위기 때나 2020년 코로나 위기 때도 2개 분기 연속으로 0.1%를 하회하는 성장률을 기록했지만, 세 번째 분기에는 곧바로 1~2% 성장했었다.",성장률,%,분기,,SEMANTIC_COORDINATE_AMBIGUITY,EXACT_COORDINATE_REVIEW,필수 조건 검사,NO_EVIDENCE_COORDINATE_CANDIDATE,필수 조건 검사,NO_EVIDENCE_COORDINATE_CANDIDATE,동일단계,N,UNDETERMINED,0,0,0,,
claim_ed030b7903aeff70,29일 농림축산식품부와 한국농수산식품유통공사(aT)에 따르면 지난해 떡류 수출액은 9140만달러(약 1313억원)로 1억달러에 근접했다.,수출액,달러,년,,DIMENSION_COORDINATE_GAP,OFFICIAL_DIMENSION_MEMBER,필수 조건 검사,NO_HARD_GUARD_CANDIDATE,필수 조건 검사,NO_HARD_GUARD_CANDIDATE,동일단계,N,UNDETERMINED,0,0,0,,
claim_efe06326549a5d8e,"당시 수입차 판매량은 1996년 1만315대, 1997년 8136대, 1998년 2075대로 2년 연속 줄었다.",판매량,대,년,,PERIOD_FREQUENCY_GAP,OFFICIAL_PERIOD_NORMALIZATION,필수 조건 검사,NO_HARD_GUARD_CANDIDATE,필수 조건 검사,NO_HARD_GUARD_CANDIDATE,동일단계,N,UNDETERMINED,0,0,0,,
claim_f6144e9032ae4a7a,실제 근로소득세 수입은 2008년 15조6000억원에서 지난해 61조원으로 거의 4배로 늘었다.,실제 근로소득세 수입,조원,년,,PERIOD_FREQUENCY_GAP,OFFICIAL_PERIOD_NORMALIZATION,필수 조건 검사,NO_HARD_GUARD_CANDIDATE,필수 조건 검사,NO_EVIDENCE_COORDINATE_CANDIDATE,동일단계,N,UNDETERMINED,0,0,0,,
claim_fa38cac3c10b0e85,"한편, 지난해 현대차·기아 전체 수출 대수는 218만698대, 수출액은 533억6000만달러(약 78조원)로, 2년 연속 수출 200만대, 수출액 500억달러를 이어갔다.",수출 대수,대,년,,PERIOD_FREQUENCY_GAP,OFFICIAL_PERIOD_NORMALIZATION,필수 조건 검사,NO_HARD_GUARD_CANDIDATE,필수 조건 검사,NO_HARD_GUARD_CANDIDATE,동일단계,N,UNDETERMINED,0,0,0,,
claim_fd0b6a6685277a86,"◇수입차 최대 수준 보조금 2025년형 ID.4의 가격은 ID.4 Pro Lite가 5299만원, ID.4 Pro가 5999만원으로 9만원 인상에 그쳤다.",차량 가격,만원,년,,PERIOD_FREQUENCY_GAP,OFFICIAL_PERIOD_NORMALIZATION,필수 조건 검사,NO_HARD_GUARD_CANDIDATE,필수 조건 검사,NO_HARD_GUARD_CANDIDATE,동일단계,N,UNDETERMINED,0,0,0,,
claim_ff5fabf31d5ab7af,하지만 사회 초년생인 청년층 고용률은 46.2%로 전년 동월 대비 0.7%포인트 감소했다.,고용률,%,월,,SEMANTIC_COORDINATE_AMBIGUITY,EXACT_COORDINATE_REVIEW,필수 조건 검사,NO_EVIDENCE_COORDINATE_CANDIDATE,필수 조건 검사,NO_HARD_GUARD_CANDIDATE,동일단계,N,UNDETERMINED,0,0,0,,
