"번호","확인 항목","확인 값","근거","판정","비고"
"1","Render 서비스","clafact-auto; https://clafact-auto.onrender.com","사용자 제공 Render Events 화면","확인 완료","서비스 ID srv-d9v9sdegekts7374vos0"
"2","현재 배포 브랜치","main","20260825_162528.png 상단 저장소 정보; SHA256=35EA08760603E6DF1AF47D8ADAA17CA3D914647D0ACF1598862AF5929AA42C60","확인 완료","이전 설정 점검의 codex/kosis-gateway 정보는 최신 Events 화면으로 대체"
"3","실제 배포 커밋","28c9ec1; 28c9ec10197dff11a221bb85557b6f2bb4dddac3","Render Events: Deploy live for 28c9ec1; git ls-remote origin refs/heads/main 일치","확인 완료","커밋 제목 fix: block non-statistical numeric roles"
"4","배포 시작","2026-08-25 2:18 PM; 사용자 Dashboard에서 수동 실행","Render Events: Deploy started for 28c9ec1; Manually triggered by you via Dashboard","확인 완료","Render 화면 표기 시각"
"5","배포 완료","2026-08-25 2:19 PM; Deploy live","Render Events: Deploy live for 28c9ec1","확인 완료","체크리스트 완료시각 근거"
"6","공개 서비스 상태","HTTP 200; 응답 ok; 2026-08-25 16:26:25+09:00 확인","https://clafact-auto.onrender.com/_stcore/health","확인 완료","프로세스 정상 상태"
"7","원격 main 일치 여부","Render 배포 SHA와 GitHub main SHA가 모두 28c9ec10197d","git ls-remote origin refs/heads/main","일치","대시보드는 당시 원격 main을 배포"
"8","현재 실행 브랜치와 차이","codex/direct-value-execution은 배포 main보다 5개 커밋 앞","git rev-list --left-right --count origin/main...HEAD = 0 5","확인","KOSIS 구조정보 공유 개선 ba6c2b0은 아직 대시보드 미배포"
"9","체크리스트 판정","배포 브랜치·실제 커밋·배포 완료시각 모두 직접 확인","Events 화면과 공개 상태 응답","완료","0단계 네 번째 항목 완료"
