부모Claim번호,최초상태,최초사유,재시도여부,재시도상태,재시도사유,최종상태,최종사유,발견수치수,생성자식수,진단번호JSON,원문SHA256,실행서명
A00007_3,HUMAN_REVIEW,GROUPING_AMBIGUOUS,N,,,HUMAN_REVIEW,GROUPING_AMBIGUOUS,2,1,[],187106E6296730BE6599BB122009799C890EAD0A3033E33501FBEF702B8369C4,DF22275EF7A6E4780DB7518AECFE6F124A96BBA2A72FD0198258BC314F36BCE9
A00186_9,PASS,,N,,,PASS,,5,2,[],7CF93F3E1F90215194654577A3574D7548D572A5ABE01514E51D9873F1F6F128,DF22275EF7A6E4780DB7518AECFE6F124A96BBA2A72FD0198258BC314F36BCE9
A00189_11,PASS,,N,,,PASS,,2,2,[],ABC71BB8F5A74E78F77BED26F184B6AEB101FE363EEA19631DD6909167C52741,DF22275EF7A6E4780DB7518AECFE6F124A96BBA2A72FD0198258BC314F36BCE9
A00189_5,PASS,,N,,,PASS,,2,2,[],ECD1D1AEAC9277F4C209AB752AF0CDB481462EE24BB6ACB0C0274FEEC0614CFE,DF22275EF7A6E4780DB7518AECFE6F124A96BBA2A72FD0198258BC314F36BCE9
A00195_11,PASS,,N,,,PASS,,2,1,[],96078FB2DD5E6B5D36428507A2E6F7FB904FD4AADF642453D56F640341169465,DF22275EF7A6E4780DB7518AECFE6F124A96BBA2A72FD0198258BC314F36BCE9
A00202_26,HUMAN_REVIEW,GROUPING_AMBIGUOUS,N,,,HUMAN_REVIEW,GROUPING_AMBIGUOUS,2,1,[],DE9E85453A2A7A2E0F43171B70F01BA5352F742FF58EC7FF33A4CF282DD80A9F,DF22275EF7A6E4780DB7518AECFE6F124A96BBA2A72FD0198258BC314F36BCE9
A00202_5,PASS,,N,,,PASS,,2,1,[],5AE6CBC8A0692776BB6128CC91AEBF5D2369BBF4E480CA98AFB020DFA23B5A92,DF22275EF7A6E4780DB7518AECFE6F124A96BBA2A72FD0198258BC314F36BCE9
A00231_10,PASS,,N,,,PASS,,4,1,[],193078691E698AABB8A39580839ED80FDB8251E3FBB06314BC04EAFBD485670E,DF22275EF7A6E4780DB7518AECFE6F124A96BBA2A72FD0198258BC314F36BCE9
A00254_17,PASS,,N,,,PASS,,3,1,[],6A69981EF4A17223750F8617D9A577DCF04951C32CB2A827B5A372022B9C4FF2,DF22275EF7A6E4780DB7518AECFE6F124A96BBA2A72FD0198258BC314F36BCE9
A00298_3,HUMAN_REVIEW,GROUPING_AMBIGUOUS,N,,,HUMAN_REVIEW,GROUPING_AMBIGUOUS,2,1,[],76A4B37D0803D07701552C88170454591DE43DB4BA91C759C09A068DF737E909,DF22275EF7A6E4780DB7518AECFE6F124A96BBA2A72FD0198258BC314F36BCE9
A00308_6,PASS,,N,,,PASS,,2,1,[],44A03518057397A801838418CCC83A01DE38C385BB4F13AF86483DCAC6BFE2CA,DF22275EF7A6E4780DB7518AECFE6F124A96BBA2A72FD0198258BC314F36BCE9
A00353_15,PASS,,N,,,PASS,,2,1,[],4A4492670F395F28CBD26847A72F905E18F1743AF4F9A7CECBE53A8DF9846384,DF22275EF7A6E4780DB7518AECFE6F124A96BBA2A72FD0198258BC314F36BCE9
A00354_13,PASS,,N,,,PASS,,2,1,[],EC113255ACBEEB0ECED2BEAC1ACAB8AE10DA36BBDCDA39FB8AED12B7341C4CD6,DF22275EF7A6E4780DB7518AECFE6F124A96BBA2A72FD0198258BC314F36BCE9
A00368_19,PASS,,N,,,PASS,,2,1,[],C151B1AD11EB8E57328188E3792BE258F067125E6B9F9F9E78AE7D67B8BBFE08,DF22275EF7A6E4780DB7518AECFE6F124A96BBA2A72FD0198258BC314F36BCE9
A00399_21,HUMAN_REVIEW,GROUPING_AMBIGUOUS,N,,,HUMAN_REVIEW,GROUPING_AMBIGUOUS,2,1,[],B725109FD4598D89C490C40118976415CDFC1F949560187B7AD1AE262C8CCA5B,DF22275EF7A6E4780DB7518AECFE6F124A96BBA2A72FD0198258BC314F36BCE9
A00463_15,PASS,,N,,,PASS,,2,1,[],5B3AFB56744D7A59756CB4FF3EB1BB583D6DE6049E088A1640CFC8F484A98350,DF22275EF7A6E4780DB7518AECFE6F124A96BBA2A72FD0198258BC314F36BCE9
A00489_11,PASS,,N,,,PASS,,3,1,[],A76506BE5FE32AF654243716BEA2A5D7B1B37C5089A51EC97B07C1758F34BB27,DF22275EF7A6E4780DB7518AECFE6F124A96BBA2A72FD0198258BC314F36BCE9
A00579_17,PASS,,N,,,PASS,,2,1,[],D0036866D0D7EBF2129F4B21152C1505B98C35870CF933ACA19EF328EBB3CDCD,DF22275EF7A6E4780DB7518AECFE6F124A96BBA2A72FD0198258BC314F36BCE9
A00630_16,HUMAN_REVIEW,KOSIS_CATALOG_UNAVAILABLE,Y,PASS,,PASS,,2,1,[],66D88340B7D680E509A14A43AEFBF793930DE45D90AE595B969F7D3C6F6D904E,95DFDD6CC88E71904A82CBBE77E658C906D10DB86ED9C2676CA09D6AFAE417FF
A00635_5,PASS,,N,,,PASS,,2,1,[],D98087289D6E39BD266D34A0A61F2E2CFAA032A8B5FCCE3E623ED1974A391D2C,DF22275EF7A6E4780DB7518AECFE6F124A96BBA2A72FD0198258BC314F36BCE9
A00646_15,PASS,,N,,,PASS,,2,1,[],3CB91B1A3D4A49639ECDBDA80D26421F992A627A2885B85269471173E81D6BF2,DF22275EF7A6E4780DB7518AECFE6F124A96BBA2A72FD0198258BC314F36BCE9
A00722_6,PASS,,N,,,PASS,,3,1,[],98AB4D01D57F775AEA54BEB19F064AD62FB9A440A062E9DF52806BE6203AEF62,DF22275EF7A6E4780DB7518AECFE6F124A96BBA2A72FD0198258BC314F36BCE9
A00735_6,PASS,,N,,,PASS,,2,1,[],3D457C35EB6A5C09EFA1DB191532B7072380E5CDA5202312651446C1031C3B52,DF22275EF7A6E4780DB7518AECFE6F124A96BBA2A72FD0198258BC314F36BCE9
A00749_14,PASS,,N,,,PASS,,3,1,[],6E0F3FAF158A2E2CB9910FB11880ACF99DFB0DA093A21817C5DE0344C6032BF4,DF22275EF7A6E4780DB7518AECFE6F124A96BBA2A72FD0198258BC314F36BCE9
A00749_24,PASS,,N,,,PASS,,6,3,[],464DD1355BD9E9178C05FF6DF36C80DD29C60ED2344E116B0764B9BCC9936FDE,DF22275EF7A6E4780DB7518AECFE6F124A96BBA2A72FD0198258BC314F36BCE9
A00751_27,HUMAN_REVIEW,KOSIS_CATALOG_UNAVAILABLE,Y,PASS,,PASS,,2,2,[],7E1F32DEEE4760A4998AA5254C140A4056C96E8159913CCB8AD1194BE9E67B9F,95DFDD6CC88E71904A82CBBE77E658C906D10DB86ED9C2676CA09D6AFAE417FF
A00922_25,PASS,,N,,,PASS,,2,1,[],96A5D7CAEE2FF2C4FFB17110994C5B8385B6106B2929C9EB4EC3D7DC6E7ADE85,DF22275EF7A6E4780DB7518AECFE6F124A96BBA2A72FD0198258BC314F36BCE9
A00953_14,HUMAN_REVIEW,KOSIS_CATALOG_UNAVAILABLE,Y,HUMAN_REVIEW,GROUPING_AMBIGUOUS,HUMAN_REVIEW,GROUPING_AMBIGUOUS,2,1,[],6F51365E5119FD560BD8A9AFC2A434091A0DDFC2D801AB426EE2019496E33599,95DFDD6CC88E71904A82CBBE77E658C906D10DB86ED9C2676CA09D6AFAE417FF
A01193_11,PASS,,N,,,PASS,,2,2,[],799A9479F7523BF5374FD005080CCFE6435625DE6E380CBCAF1639CD00310BB4,DF22275EF7A6E4780DB7518AECFE6F124A96BBA2A72FD0198258BC314F36BCE9
A01193_7,PASS,,N,,,PASS,,2,2,[],6360905A78EB1B549CACF8D04A43DFCBE0ACD1409AEC10A27A4DDC2B81EC7159,DF22275EF7A6E4780DB7518AECFE6F124A96BBA2A72FD0198258BC314F36BCE9
A01194_4,PASS,,N,,,PASS,,3,1,[],E0596BA98D043E34B98A080FBAB1D0871BC3802D0611C4E750FB58B12EC27BA3,DF22275EF7A6E4780DB7518AECFE6F124A96BBA2A72FD0198258BC314F36BCE9
A01285_4,PASS,,N,,,PASS,,2,1,[],E901166AC9371CBB315FD4AE832DB0E68C7317317B60672684B5FF7201E0B0BF,DF22275EF7A6E4780DB7518AECFE6F124A96BBA2A72FD0198258BC314F36BCE9
A01384_4,PASS,,N,,,PASS,,2,2,[],508AEBF68BB344A3F7E09F8147DDD835C90DCCC13ED9E99B60555AC4F966733D,DF22275EF7A6E4780DB7518AECFE6F124A96BBA2A72FD0198258BC314F36BCE9
A01385_7,PASS,,N,,,PASS,,3,1,[],81C8624009DB82E07B8D0A472E80E80B42E0B8792877F93672A0E9F49FD85D6D,DF22275EF7A6E4780DB7518AECFE6F124A96BBA2A72FD0198258BC314F36BCE9
A01555_14,PASS,,N,,,PASS,,2,2,[],2FD440824F2C924DEDC6C04401ECB9B83C1B3B2878730B0E8844A1559AED83FC,DF22275EF7A6E4780DB7518AECFE6F124A96BBA2A72FD0198258BC314F36BCE9
A01584_3,PASS,,N,,,PASS,,2,1,[],D792E2CEA37ACAAEB52B3A00E2152E09C9B6B592B659457AE34F6B4F9B47E969,DF22275EF7A6E4780DB7518AECFE6F124A96BBA2A72FD0198258BC314F36BCE9
A01589_4,PASS,,N,,,PASS,,2,1,[],D792E2CEA37ACAAEB52B3A00E2152E09C9B6B592B659457AE34F6B4F9B47E969,DF22275EF7A6E4780DB7518AECFE6F124A96BBA2A72FD0198258BC314F36BCE9
A01641_17,PASS,,N,,,PASS,,3,1,[],A330FB46FD8B905F46973829D7C788A871F89885E6C52C121B94900824509CEA,DF22275EF7A6E4780DB7518AECFE6F124A96BBA2A72FD0198258BC314F36BCE9
A01709_31,PASS,,N,,,PASS,,2,1,[],1A513E161EBF1F62AEF5428B1B096A85D9F0ACD78487CFD62B7F8B384BDA45ED,DF22275EF7A6E4780DB7518AECFE6F124A96BBA2A72FD0198258BC314F36BCE9
A01720_37,PASS,,N,,,PASS,,2,1,[],3E804A4DF21B0AF507F852C6A6C46FF2CB6F640E687FF05B949A56D3A3E0B231,DF22275EF7A6E4780DB7518AECFE6F124A96BBA2A72FD0198258BC314F36BCE9
A01737_11,PASS,,N,,,PASS,,3,1,[],53F6C5D02CCCFA17842A1066A7D2A60284B3B4F41013E4B9A09131E8DDCCD5A7,DF22275EF7A6E4780DB7518AECFE6F124A96BBA2A72FD0198258BC314F36BCE9
A01737_5,PASS,,N,,,PASS,,2,1,[],45BBBDA34EDDEBA5BEF9CB8E9784FA0D6F2E618F4F4958C303028DFEA206C627,DF22275EF7A6E4780DB7518AECFE6F124A96BBA2A72FD0198258BC314F36BCE9
A01752_4,PASS,,N,,,PASS,,2,1,[],329049D674F951EF537CAA6D9BEA4E886914EADB3A408253587C98FC2B7C34BF,DF22275EF7A6E4780DB7518AECFE6F124A96BBA2A72FD0198258BC314F36BCE9
A01927_11,PASS,,N,,,PASS,,2,1,[],4FCBE83303BA505C08E4BC376EB443F6E2D66F7D85FBE18D800C36DAD1887B7D,DF22275EF7A6E4780DB7518AECFE6F124A96BBA2A72FD0198258BC314F36BCE9
A01927_23,PASS,,N,,,PASS,,3,2,[],205CB79C7A825154BEBF50E3CBE6BEF29B3DA3ADDB48398FF5A0E42015F24383,DF22275EF7A6E4780DB7518AECFE6F124A96BBA2A72FD0198258BC314F36BCE9
A01935_13,PASS,,N,,,PASS,,2,2,[],62FE1754CC9985F14F3B6CB042230227120543815A2867A9D53A8366E1EADFAD,DF22275EF7A6E4780DB7518AECFE6F124A96BBA2A72FD0198258BC314F36BCE9
A01953_25,PASS,,N,,,PASS,,2,1,[],05D4B68528D658C4E4F945853F7B7C9079FC6DF51E4986DB3FA4E8742BCB2634,DF22275EF7A6E4780DB7518AECFE6F124A96BBA2A72FD0198258BC314F36BCE9
A02010_4,PASS,,N,,,PASS,,2,1,[],C4B15A74443039E1BC64F1EA19F9FA091C4B1E4C3A5662F83829121621A08D06,DF22275EF7A6E4780DB7518AECFE6F124A96BBA2A72FD0198258BC314F36BCE9
A02028_21,HUMAN_REVIEW,GROUPING_AMBIGUOUS,N,,,HUMAN_REVIEW,GROUPING_AMBIGUOUS,2,1,[],57A8B97DD84A78A2E62DD265D0F891FF8382A4DFFCC244897BC18EEE99A13502,DF22275EF7A6E4780DB7518AECFE6F124A96BBA2A72FD0198258BC314F36BCE9
A02065_4,PASS,,N,,,PASS,,2,2,[],72DB2FCB59BBF91F9D77F34AAF9DF929098535C73B78B0B48D63B9470DA130C8,DF22275EF7A6E4780DB7518AECFE6F124A96BBA2A72FD0198258BC314F36BCE9
A02096_18,PASS,,N,,,PASS,,2,1,[],D5744B9B1BDF1330C317E6B9FE9759CB3E4EC2EB5D784AE2574DA8D7944D8A45,DF22275EF7A6E4780DB7518AECFE6F124A96BBA2A72FD0198258BC314F36BCE9
A02096_19,PASS,,N,,,PASS,,2,1,[],E7BA24EAC18876623A2B6AE415CD2C01DC1B745C0DDC11D37E9038722384F6D1,DF22275EF7A6E4780DB7518AECFE6F124A96BBA2A72FD0198258BC314F36BCE9
A02096_3,PASS,,N,,,PASS,,2,1,[],6F3F886B055569FDC82F81C716E88CBFE5DEB82475ACB75BF9589115BFDBDB3B,DF22275EF7A6E4780DB7518AECFE6F124A96BBA2A72FD0198258BC314F36BCE9
A02099_4,PASS,,N,,,PASS,,2,1,[],33D02037BD24E3CA93767260B20357DA1ED5DA35BA999C635C83E036D6A625DC,DF22275EF7A6E4780DB7518AECFE6F124A96BBA2A72FD0198258BC314F36BCE9
A02111_13,HUMAN_REVIEW,CONTEXT_TARGET_UNRESOLVED,N,,,HUMAN_REVIEW,CONTEXT_TARGET_UNRESOLVED,2,1,[],521BFE719694EF7B88C2812D931C21A1718A5821E90E033745F4E4FF65E314F1,DF22275EF7A6E4780DB7518AECFE6F124A96BBA2A72FD0198258BC314F36BCE9
A02111_4,PASS,,N,,,PASS,,2,1,[],C5E7C71C89D2BE78754F257C39522BA3E4C36859AFE41195231A378821706CA1,DF22275EF7A6E4780DB7518AECFE6F124A96BBA2A72FD0198258BC314F36BCE9
A02181_14,PASS,,N,,,PASS,,2,1,[],EB1A602F368AE2A19EB2D7922433F5848AA784EEBD204E688208A62953F7C7E8,DF22275EF7A6E4780DB7518AECFE6F124A96BBA2A72FD0198258BC314F36BCE9
A02184_12,PASS,,N,,,PASS,,2,2,[],1FAB150AE67242D8E1EBFCC2C851D74DB8C569009C82EC52367AE03A62D77A49,DF22275EF7A6E4780DB7518AECFE6F124A96BBA2A72FD0198258BC314F36BCE9
A02184_8,PASS,,N,,,PASS,,3,1,[],EFB38ECAF7FE32768C42D42CFCB87663D0044F2274EA9ED4F0DA89810DA40FE5,DF22275EF7A6E4780DB7518AECFE6F124A96BBA2A72FD0198258BC314F36BCE9
A02350_6,PASS,,N,,,PASS,,2,1,[],A2EDE7B3CFEA651ED02B04F592043664C40B16A2A3EF5AA6F66B397DAB412A5A,DF22275EF7A6E4780DB7518AECFE6F124A96BBA2A72FD0198258BC314F36BCE9
A02366_7,HUMAN_REVIEW,KOSIS_CATALOG_UNAVAILABLE,Y,PASS,,PASS,,2,1,[],169812B5D968E9AB62BC4F013C0A5C7F39F95039C21ED0A6F20830FD3F1DFDD3,95DFDD6CC88E71904A82CBBE77E658C906D10DB86ED9C2676CA09D6AFAE417FF
A02375_3,PASS,,N,,,PASS,,2,1,[],AD0EF7B820D9D275ECA70F25A7287629C65449C25E8D5EE0D45BE3DB27431532,DF22275EF7A6E4780DB7518AECFE6F124A96BBA2A72FD0198258BC314F36BCE9
A02385_19,PASS,,N,,,PASS,,2,1,[],F1FD5AE831389BDB1816B60DC05C980C2F97F3A79D43284FE5DA0EF2C85A6E73,DF22275EF7A6E4780DB7518AECFE6F124A96BBA2A72FD0198258BC314F36BCE9
A02385_25,PASS,,N,,,PASS,,7,5,[],C33C4650D3A6784DB206556B187DC9D06BDB55AFFB8182EDC6BA4A7D50562D4A,DF22275EF7A6E4780DB7518AECFE6F124A96BBA2A72FD0198258BC314F36BCE9
A02421_1,PASS,,N,,,PASS,,2,1,[],6FB952F9863D6475C50CC45F10F5EF39BC5DAA890DDC27B38C6DF848D54EDC1C,DF22275EF7A6E4780DB7518AECFE6F124A96BBA2A72FD0198258BC314F36BCE9
A02421_4,PASS,,N,,,PASS,,2,1,[],DCB68991A0E68A17734D18787D03F6516B1CF5AC8EFF30D7B039327D70E24793,DF22275EF7A6E4780DB7518AECFE6F124A96BBA2A72FD0198258BC314F36BCE9
A02558_21,PASS,,N,,,PASS,,3,1,[],177EE743C2180B6F9166A529D01A4EEDC2E0610389F47A2E0E9145FE723020DB,DF22275EF7A6E4780DB7518AECFE6F124A96BBA2A72FD0198258BC314F36BCE9
A02564_5,PASS,,N,,,PASS,,3,1,[],EC952C889E99F700FB185E1FCF0693B11A76BC0DD4FD429184B917C879253745,DF22275EF7A6E4780DB7518AECFE6F124A96BBA2A72FD0198258BC314F36BCE9
A02569_31,PASS,,N,,,PASS,,2,1,[],BF990599F3EE9CB1C0192006017C88D14F750C855506E1F9FA2F925B5FE9CE13,DF22275EF7A6E4780DB7518AECFE6F124A96BBA2A72FD0198258BC314F36BCE9
A02569_4,PASS,,N,,,PASS,,2,1,[],DB907F259A6A9095E39A0ADF3E2D733908767AABD22B8A64BA8B7DCBB6787CAE,DF22275EF7A6E4780DB7518AECFE6F124A96BBA2A72FD0198258BC314F36BCE9
A02605_13,PASS,,N,,,PASS,,2,2,[],8A4F5FF01F17E820396CF0CF16E55ED076EB1C59A9DD60C8498712FB154BBE10,DF22275EF7A6E4780DB7518AECFE6F124A96BBA2A72FD0198258BC314F36BCE9
A02638_7,PASS,,N,,,PASS,,4,1,[],6D6E4929A3481C572B41E3145D8B05343B1D4B116EEDC2FC7D33DE2FE7A6CE10,DF22275EF7A6E4780DB7518AECFE6F124A96BBA2A72FD0198258BC314F36BCE9
A02638_9,PASS,,N,,,PASS,,2,1,[],69D11086967183858053C86EB8ECE39B59FC25E74651C5D30BC1D124CE6629B7,DF22275EF7A6E4780DB7518AECFE6F124A96BBA2A72FD0198258BC314F36BCE9
A02647_3,PASS,,N,,,PASS,,2,1,[],F16FC4BC3D60E03B2436B35A50A5B22C2936AF67F585A596C17939DEE0A159F9,DF22275EF7A6E4780DB7518AECFE6F124A96BBA2A72FD0198258BC314F36BCE9
A02647_8,PASS,,N,,,PASS,,2,1,[],B9C4C5E826B12676036EEC4025904EF43A16B5A554CA0DC283896222F6693959,DF22275EF7A6E4780DB7518AECFE6F124A96BBA2A72FD0198258BC314F36BCE9
A02656_1,PASS,,N,,,PASS,,3,3,[],A3BDC7AFE889187766EAA9CA8483855DA0D963A2610B960EA6C86755DE602E45,DF22275EF7A6E4780DB7518AECFE6F124A96BBA2A72FD0198258BC314F36BCE9
A02661_3,PASS,,N,,,PASS,,2,1,[],0C8EEBE0655A527489CCB780D6AF9BCF7F628B868AD3BCC84AE14A12A69C4839,DF22275EF7A6E4780DB7518AECFE6F124A96BBA2A72FD0198258BC314F36BCE9
A02681_3,PASS,,N,,,PASS,,2,1,[],067B786C3F780EFF119ECC79C1D5D6278B351D5D23D4EDB2AF27751C02FFAFAB,DF22275EF7A6E4780DB7518AECFE6F124A96BBA2A72FD0198258BC314F36BCE9
A02682_6,HUMAN_REVIEW,KOSIS_CATALOG_UNAVAILABLE,Y,PASS,,PASS,,2,2,[],A99E8B1B78AEB1C5FAE5EA479DA880D42AF7152CD6519F5407A6B8A803E2FD2B,95DFDD6CC88E71904A82CBBE77E658C906D10DB86ED9C2676CA09D6AFAE417FF
A02682_9,PASS,,N,,,PASS,,2,2,[],6A37A5044C64C297CA9ABBDB5A409B085B340253719E25D9079BD3DD2ED2B1F5,DF22275EF7A6E4780DB7518AECFE6F124A96BBA2A72FD0198258BC314F36BCE9
A02701_3,PASS,,N,,,PASS,,3,1,[],9A1514AD889C4E057F24B707F1990B449C0E94DA7EC8A5C52CAD3415E7B36B4C,DF22275EF7A6E4780DB7518AECFE6F124A96BBA2A72FD0198258BC314F36BCE9
A02704_4,PASS,,N,,,PASS,,4,1,[],DE7786D490F53E1F56CDEA95E4201EFFA1D89423C7DF548E51912444CFA36CBA,DF22275EF7A6E4780DB7518AECFE6F124A96BBA2A72FD0198258BC314F36BCE9
A00041_5,PASS,,N,,,PASS,,3,1,[],059A907A200336B733229A329915C26F4B43AB94022A34C8792B40C8ADE44EB5,DF22275EF7A6E4780DB7518AECFE6F124A96BBA2A72FD0198258BC314F36BCE9
A00070_11,PASS,,N,,,PASS,,3,2,[],6A4946867755AB1311FE19C1E10084E3B4D1E7E73F426727BE05CF275B41DE7A,DF22275EF7A6E4780DB7518AECFE6F124A96BBA2A72FD0198258BC314F36BCE9
A00308_3,PASS,,N,,,PASS,,5,1,[],F432102E7A60F93093CF61464F340B0CDF03C1115DF91509A29EE4654452E60D,DF22275EF7A6E4780DB7518AECFE6F124A96BBA2A72FD0198258BC314F36BCE9
A00353_6,PASS,,N,,,PASS,,4,1,[],57171837F75D2D0DE5F188FA0C2091C0652F22B1C900819AD9AF56F04B639E24,DF22275EF7A6E4780DB7518AECFE6F124A96BBA2A72FD0198258BC314F36BCE9
A00622_3,PASS,,N,,,PASS,,2,1,[],866C5B188654C1038C79529DA5FABB7827790440CB0D70CB4DE280157D4F4D19,DF22275EF7A6E4780DB7518AECFE6F124A96BBA2A72FD0198258BC314F36BCE9
A00708_7,PASS,,N,,,PASS,,6,1,[],AFA7E686ECFE045B951D457DE4E8A99728904EB37FEE384BD6DC0C954BE40339,DF22275EF7A6E4780DB7518AECFE6F124A96BBA2A72FD0198258BC314F36BCE9
A00840_16,PASS,,N,,,PASS,,2,1,[],3FBBD9F3221F56C37CE89CAFF2AD6A9E1BC7D64C0960387F4FBCF3D2B9664B50,DF22275EF7A6E4780DB7518AECFE6F124A96BBA2A72FD0198258BC314F36BCE9
A00849_11,HUMAN_REVIEW,KOSIS_CATALOG_UNAVAILABLE,Y,HUMAN_REVIEW,KOSIS_CATALOG_UNAVAILABLE,HUMAN_REVIEW,KOSIS_CATALOG_UNAVAILABLE,4,1,"[""f8161c5643c5""]",72E0198DA407DC4A285BE79A91CF5686DAEB2810839E128022F2A656FD12D1F7,95DFDD6CC88E71904A82CBBE77E658C906D10DB86ED9C2676CA09D6AFAE417FF
A00922_27,PASS,,N,,,PASS,,2,1,[],B39651D650674135BB8B3711E0454F1BBD411C14B67E03F4655A7B40DC768015,DF22275EF7A6E4780DB7518AECFE6F124A96BBA2A72FD0198258BC314F36BCE9
A01103_18,PASS,,N,,,PASS,,3,2,[],2D5D71E393B84C4F56E78D3B0AF6B73B608A623D5859E57649D7AD3CB221668F,DF22275EF7A6E4780DB7518AECFE6F124A96BBA2A72FD0198258BC314F36BCE9
A01190_9,PASS,,N,,,PASS,,2,1,[],A043D0779C749EF1524A833FC42EA877E926C1C29D441F849066358ECE6D577A,DF22275EF7A6E4780DB7518AECFE6F124A96BBA2A72FD0198258BC314F36BCE9
A01489_17,HUMAN_REVIEW,KOSIS_CATALOG_UNAVAILABLE,Y,PASS,,PASS,,2,2,[],CF7E1EC2D7D879AA987B31FC75AEF865DECF506813445EDBE03739E678CA8E10,95DFDD6CC88E71904A82CBBE77E658C906D10DB86ED9C2676CA09D6AFAE417FF
A01565_13,PASS,,N,,,PASS,,3,2,[],0F933384331D804F8E0B1EBFA9789E70166B87B30B96E4076493F34E5A1586B4,DF22275EF7A6E4780DB7518AECFE6F124A96BBA2A72FD0198258BC314F36BCE9
A01737_12,PASS,,N,,,PASS,,4,1,[],8E20BA047610AC524B0A0058719B56B8931665AD88AAA9CCBBAC4F6B2E0CF46E,DF22275EF7A6E4780DB7518AECFE6F124A96BBA2A72FD0198258BC314F36BCE9
A01737_4,PASS,,N,,,PASS,,2,1,[],49C999E3EE61BF8AB124A2E295B304C3AF8448009957EE8FBB31D5FA0AC1CECA,DF22275EF7A6E4780DB7518AECFE6F124A96BBA2A72FD0198258BC314F36BCE9
A01924_10,PASS,,N,,,PASS,,3,1,[],2DC216E2759A4DDB6FAB87FD85B1A11BC51EAD50FCD948EBCDBFE4642E1969FB,DF22275EF7A6E4780DB7518AECFE6F124A96BBA2A72FD0198258BC314F36BCE9
A01924_9,PASS,,N,,,PASS,,2,1,[],4785E10DA04DA2DE8A9433994E9F15D3906EA36A5C5915A2262C2199C0552539,DF22275EF7A6E4780DB7518AECFE6F124A96BBA2A72FD0198258BC314F36BCE9
A02096_11,PASS,,N,,,PASS,,2,2,[],4E7CF2C0B5D094ED36674723E86DA5A1C1A4A35E58DF54547B6DD2D7FDBC06E6,DF22275EF7A6E4780DB7518AECFE6F124A96BBA2A72FD0198258BC314F36BCE9
A02111_6,PASS,,N,,,PASS,,3,1,[],73C0F076F219D3F09623C72A6433E946127D5CB4652F43A37AC08ED49D6D6911,DF22275EF7A6E4780DB7518AECFE6F124A96BBA2A72FD0198258BC314F36BCE9
A02184_11,HUMAN_REVIEW,CLAIM_PARSE_UNAVAILABLE,Y,HUMAN_REVIEW,CLAIM_PARSE_UNAVAILABLE,HUMAN_REVIEW,CLAIM_PARSE_UNAVAILABLE,3,1,"[""6c9e97d530d6""]",04F45E078B36F0410F50901189F549BA8C2FBC8BF3C40E91DDE938B9619E03E0,95DFDD6CC88E71904A82CBBE77E658C906D10DB86ED9C2676CA09D6AFAE417FF
A02184_15,PASS,,N,,,PASS,,3,2,[],AD5DE3D64606D19EC1202960472F6F23A86DF182E6D390F567448542C6795609,DF22275EF7A6E4780DB7518AECFE6F124A96BBA2A72FD0198258BC314F36BCE9
A02184_9,PASS,,N,,,PASS,,2,1,[],0E928713E3BA1EE2526A4F049BDB105F697934CBE6005CF3657C7FAB116D5EE7,DF22275EF7A6E4780DB7518AECFE6F124A96BBA2A72FD0198258BC314F36BCE9
A02203_8,PASS,,N,,,PASS,,2,1,[],E1204B79DA1D0D6F1C8E09D0AEEAD98D57B62ECB23E58981C9CBCB43398960EA,DF22275EF7A6E4780DB7518AECFE6F124A96BBA2A72FD0198258BC314F36BCE9
A02388_5,PASS,,N,,,PASS,,2,1,[],085545E1DB51368FFBF9361F55FFF8B1F1C4327C181EA5F7AFE3D03690F14F77,DF22275EF7A6E4780DB7518AECFE6F124A96BBA2A72FD0198258BC314F36BCE9
A02558_5,PASS,,N,,,PASS,,2,1,[],8A53ED105CC540988CE10F365F00DF51060497E0694FAAE929321EE9376D400C,DF22275EF7A6E4780DB7518AECFE6F124A96BBA2A72FD0198258BC314F36BCE9
A02633_4,PASS,,N,,,PASS,,2,1,[],675601AA906D906BFA198B2C39FE09889BFB110F07DC00A8D1C8DD9AF4774DC6,DF22275EF7A6E4780DB7518AECFE6F124A96BBA2A72FD0198258BC314F36BCE9
A02647_11,PASS,,N,,,PASS,,2,1,[],93EF6A413D4EC5EDB4B5447EBDC785EA2526655D895C804E9DDE639C49F607AA,DF22275EF7A6E4780DB7518AECFE6F124A96BBA2A72FD0198258BC314F36BCE9
A00185_3,PASS,,N,,,PASS,,2,1,[],5BDB28E79B9209F938D42FC28A1817477BFCDF8513EAFE72734018530432E815,DF22275EF7A6E4780DB7518AECFE6F124A96BBA2A72FD0198258BC314F36BCE9
A00202_23,PASS,,N,,,PASS,,4,2,[],E1E0A719E2AB3C3A2B0546500DD588A76D912D8CBDBAD445FD9074AFBB47343A,DF22275EF7A6E4780DB7518AECFE6F124A96BBA2A72FD0198258BC314F36BCE9
A00308_1,PASS,,N,,,PASS,,5,1,[],6AAC41CC7F5832C1B5857AD22668755B97DD8008C8E05840F3C3A5C236661E89,DF22275EF7A6E4780DB7518AECFE6F124A96BBA2A72FD0198258BC314F36BCE9
A00308_33,PASS,,N,,,PASS,,3,3,[],4672A0BC884932D50F8AFE244FDE2EAC67054D400D93410D658268377572981E,DF22275EF7A6E4780DB7518AECFE6F124A96BBA2A72FD0198258BC314F36BCE9
A00312_11,HUMAN_REVIEW,KOSIS_CATALOG_UNAVAILABLE,Y,HUMAN_REVIEW,KOSIS_CATALOG_UNAVAILABLE,HUMAN_REVIEW,KOSIS_CATALOG_UNAVAILABLE,4,1,"[""02c3ce642b98""]",17E73278E25A7E695BB287BE5C61E9BD25FF26EEAEEEAB2F727C9E5AD74A9CD3,95DFDD6CC88E71904A82CBBE77E658C906D10DB86ED9C2676CA09D6AFAE417FF
A00312_4,PASS,,N,,,PASS,,3,1,[],B79DC2970BBE9506040C2F60EE95C243A3EF353C7C6247FCA83AE41799018EAE,DF22275EF7A6E4780DB7518AECFE6F124A96BBA2A72FD0198258BC314F36BCE9
A00354_11,PASS,,N,,,PASS,,3,1,[],0F476E287AEC8C12F584B5B1B3EFD343ED7382C928F45310AD678AD5509CECCB,DF22275EF7A6E4780DB7518AECFE6F124A96BBA2A72FD0198258BC314F36BCE9
A00365_2,PASS,,N,,,PASS,,3,1,[],0288E86D33B30582734C8C6C42AE73D00ED568DF732F30FF5BA586FBED7F463D,DF22275EF7A6E4780DB7518AECFE6F124A96BBA2A72FD0198258BC314F36BCE9
A00368_5,PASS,,N,,,PASS,,2,1,[],A36B923FF4B4D93B7F03016C6D85DE2A627E31AB994E7E93D6FAC317F743C96B,DF22275EF7A6E4780DB7518AECFE6F124A96BBA2A72FD0198258BC314F36BCE9
A00368_9,PASS,,N,,,PASS,,3,1,[],ADABED3E722D72C7200783015B7B957A981328BB444356C2C50C4A929123E3C2,DF22275EF7A6E4780DB7518AECFE6F124A96BBA2A72FD0198258BC314F36BCE9
A00382_5,PASS,,N,,,PASS,,3,1,[],AFA40E4948EDB6DA3B82DF9941FAC3C88BAC158181EC7193B1BA7BAD16502475,DF22275EF7A6E4780DB7518AECFE6F124A96BBA2A72FD0198258BC314F36BCE9
A00433_3,HUMAN_REVIEW,KOSIS_CATALOG_UNAVAILABLE,Y,HUMAN_REVIEW,KOSIS_CATALOG_UNAVAILABLE,HUMAN_REVIEW,KOSIS_CATALOG_UNAVAILABLE,2,1,"[""10014e417050""]",EB22C9701B0602E73E38451FB5AEC351B7B7D75F624F6B1238C225D5CE4BD077,95DFDD6CC88E71904A82CBBE77E658C906D10DB86ED9C2676CA09D6AFAE417FF
A00509_10,PASS,,N,,,PASS,,5,1,[],B7A4E2ABFA5B7A120808E57C1CEB65EFA22EDCAC79FB4F0EC2D6ADBE786606BB,DF22275EF7A6E4780DB7518AECFE6F124A96BBA2A72FD0198258BC314F36BCE9
A00514_8,PASS,,N,,,PASS,,2,1,[],838085999E865A06592E46EE57A9DCD73B4FDFB123CDC1F1C34752D4FF685193,DF22275EF7A6E4780DB7518AECFE6F124A96BBA2A72FD0198258BC314F36BCE9
A00526_14,PASS,,N,,,PASS,,2,1,[],47779F7AFC40029F523BF980EDAB5058744D778A2FA928E5AC27BB32629A75EA,DF22275EF7A6E4780DB7518AECFE6F124A96BBA2A72FD0198258BC314F36BCE9
A00579_13,HUMAN_REVIEW,KOSIS_CATALOG_UNAVAILABLE,Y,HUMAN_REVIEW,KOSIS_CATALOG_UNAVAILABLE,HUMAN_REVIEW,KOSIS_CATALOG_UNAVAILABLE,3,1,"[""9de8d52eaf65""]",B3D3173FD079C271C40407358BEB0EA2CFCCFFC35833A179EFF67CF945D82739,95DFDD6CC88E71904A82CBBE77E658C906D10DB86ED9C2676CA09D6AFAE417FF
A00588_15,PASS,,N,,,PASS,,2,1,[],CE0BA78087494DC1D1FB4732990E4F84DD2550E1B32057CFD16E2387BC196098,DF22275EF7A6E4780DB7518AECFE6F124A96BBA2A72FD0198258BC314F36BCE9
A00588_16,PASS,,N,,,PASS,,3,2,[],BD99536B7DD218BB2426B7E05B3FEF0A6B57437B5084B4B7C2EEB9605D5BAA39,DF22275EF7A6E4780DB7518AECFE6F124A96BBA2A72FD0198258BC314F36BCE9
A00588_18,PASS,,N,,,PASS,,2,1,[],7A8EE8D3C07CD5E3EB131147FEDBED314AB9086CBD827385040904C4D1E0CE3B,DF22275EF7A6E4780DB7518AECFE6F124A96BBA2A72FD0198258BC314F36BCE9
A00692_3,PASS,,N,,,PASS,,3,1,[],2574E023FCD0BF4C52DF1750C63F6E15532E7F07CA35F3DC60E0EE572D4A30AD,DF22275EF7A6E4780DB7518AECFE6F124A96BBA2A72FD0198258BC314F36BCE9
A00692_4,PASS,,N,,,PASS,,3,2,[],977A1B6BB94F709A6657AB74E654C3C7B4E1561DA9C058BD5522AB7741356610,DF22275EF7A6E4780DB7518AECFE6F124A96BBA2A72FD0198258BC314F36BCE9
A00723_14,PASS,,N,,,PASS,,2,1,[],70E9790AFDF6F55B0E7A1C4272CBA6AF315EE314BBF94DC6604AA269CAA65187,DF22275EF7A6E4780DB7518AECFE6F124A96BBA2A72FD0198258BC314F36BCE9
A00782_8,PASS,,N,,,PASS,,4,2,[],5C9099F2BC71543A1256F913D762BF504537E7347A64E3A60CE83A68E810BF08,DF22275EF7A6E4780DB7518AECFE6F124A96BBA2A72FD0198258BC314F36BCE9
A00838_3,HUMAN_REVIEW,KOSIS_CATALOG_UNAVAILABLE,Y,HUMAN_REVIEW,KOSIS_CATALOG_UNAVAILABLE,HUMAN_REVIEW,KOSIS_CATALOG_UNAVAILABLE,2,1,"[""24b267c1f0b3""]",67C1DF4712E239D231B661E93AD1B084F196E427FBF2229E75C95AAC09A646C2,95DFDD6CC88E71904A82CBBE77E658C906D10DB86ED9C2676CA09D6AFAE417FF
A00922_18,PASS,,N,,,PASS,,2,1,[],32FD932F4B5AF18B558D96CF2905CF91518066E1ABC7B4E2F7C1067EAD7F992F,DF22275EF7A6E4780DB7518AECFE6F124A96BBA2A72FD0198258BC314F36BCE9
A00922_19,PASS,,N,,,PASS,,2,1,[],BDD073547BA242A1E506A190016384C9CE36F83CC8BC69EE4D9F874CAAF41993,DF22275EF7A6E4780DB7518AECFE6F124A96BBA2A72FD0198258BC314F36BCE9
A00922_24,PASS,,N,,,PASS,,2,1,[],05037A76F2E6A5F62C038E3A0D19B6522C670F552F035CAB47769D88452B1763,DF22275EF7A6E4780DB7518AECFE6F124A96BBA2A72FD0198258BC314F36BCE9
A00922_8,PASS,,N,,,PASS,,2,1,[],0578DBB42EE0973D87A4A09663A94C475C1E8B534F598D69A576567FDB00619F,DF22275EF7A6E4780DB7518AECFE6F124A96BBA2A72FD0198258BC314F36BCE9
A01111_14,PASS,,N,,,PASS,,3,1,[],2EBEBCF3EE214D341936AF9DDE391FD7093083345EB757DFEB88C7090F81588A,DF22275EF7A6E4780DB7518AECFE6F124A96BBA2A72FD0198258BC314F36BCE9
A01124_14,PASS,,N,,,PASS,,2,1,[],34EC8C5D5DE681F1E3CB38DC593D96DD86E5640D945B8E0CDF43D3B51532DA54,DF22275EF7A6E4780DB7518AECFE6F124A96BBA2A72FD0198258BC314F36BCE9
A01124_20,HUMAN_REVIEW,KOSIS_CATALOG_UNAVAILABLE,Y,PASS,,PASS,,2,1,[],E3E067768EDE4A8CEA222D523E20311975BF01562A359E5535E90C1FAA31FDA2,95DFDD6CC88E71904A82CBBE77E658C906D10DB86ED9C2676CA09D6AFAE417FF
A01124_4,PASS,,N,,,PASS,,4,1,[],DC2EDC02D9CAC52935A2E91E1E9E2C04B1ED698F983F583E1D27AD0EAF5DC5C7,DF22275EF7A6E4780DB7518AECFE6F124A96BBA2A72FD0198258BC314F36BCE9
A01180_3,PASS,,N,,,PASS,,4,3,[],BF11FB66252531536A7B310175931532E65FA7D1621D260B58A77BA5C20B8A92,DF22275EF7A6E4780DB7518AECFE6F124A96BBA2A72FD0198258BC314F36BCE9
A01278_7,PASS,,N,,,PASS,,3,1,[],673DF38FF355B75A184D03277C5188874F2E9D44F122BADC0E549F4568282CEB,DF22275EF7A6E4780DB7518AECFE6F124A96BBA2A72FD0198258BC314F36BCE9
A01285_1,PASS,,N,,,PASS,,2,1,[],F0E430837CF9868264B9909D23B8915A30CD80FA2F6998FD49AC7122ED4A3D05,DF22275EF7A6E4780DB7518AECFE6F124A96BBA2A72FD0198258BC314F36BCE9
A01285_7,PASS,,N,,,PASS,,2,1,[],8917D6EECA5A40F2F3418C2ED07097C7998A4D908BE5AA0F3F5E8486514D16A9,DF22275EF7A6E4780DB7518AECFE6F124A96BBA2A72FD0198258BC314F36BCE9
A01359_5,PASS,,N,,,PASS,,4,1,[],A0273BAFB92DAF8646BD86F5ED542A6B95079618B70D0E4890D753BCD02C6AC7,DF22275EF7A6E4780DB7518AECFE6F124A96BBA2A72FD0198258BC314F36BCE9
A01359_7,PASS,,N,,,PASS,,2,1,[],F0B31B5D5656369EB288D31E48550F854861031ABC1DC5BE51D2238336DE750D,DF22275EF7A6E4780DB7518AECFE6F124A96BBA2A72FD0198258BC314F36BCE9
A01385_2,PASS,,N,,,PASS,,2,1,[],EFD870C2DDB57ED61C6F43010A134479B63C83EB390DEA48B6CFE5AF433611F7,DF22275EF7A6E4780DB7518AECFE6F124A96BBA2A72FD0198258BC314F36BCE9
A01385_5,PASS,,N,,,PASS,,4,1,[],9F784E49DB5DA742A7F2D7EB4A3A04DFF728AB532E6575F210FB88A8DFF6FB37,DF22275EF7A6E4780DB7518AECFE6F124A96BBA2A72FD0198258BC314F36BCE9
A01438_17,PASS,,N,,,PASS,,2,1,[],ED64F3F5F3D22B451AF2E7F91063F0F5B7CAC0F4710E07B35950192B7FFFC995,DF22275EF7A6E4780DB7518AECFE6F124A96BBA2A72FD0198258BC314F36BCE9
A01480_2,PASS,,N,,,PASS,,4,1,[],804D3ED28CCA9B534FB3C90A20939D41DE8254D94256F993642E02456B43CCD0,DF22275EF7A6E4780DB7518AECFE6F124A96BBA2A72FD0198258BC314F36BCE9
A01480_28,HUMAN_REVIEW,GROUPING_AMBIGUOUS,N,,,HUMAN_REVIEW,GROUPING_AMBIGUOUS,5,1,[],C370B5E9B7FB79AC88C2BBCF290A1641876DEC6725D77FEE4A04432258884385,DF22275EF7A6E4780DB7518AECFE6F124A96BBA2A72FD0198258BC314F36BCE9
A01539_13,PASS,,N,,,PASS,,4,1,[],86FB38944A48DD63702BFC3BD6DBE42E05206A07681BEDCAD4CA69BE147D6365,DF22275EF7A6E4780DB7518AECFE6F124A96BBA2A72FD0198258BC314F36BCE9
A01709_28,PASS,,N,,,PASS,,2,1,[],242CE912E31CFA566A31DD77A08A6C9280869702AD087965EBCCCB366FB93A61,DF22275EF7A6E4780DB7518AECFE6F124A96BBA2A72FD0198258BC314F36BCE9
A01733_8,PASS,,N,,,PASS,,2,2,[],89C9DD123C83C105D960FBB83D367A77A92566F0A8939261457F2FA242AC7ED0,DF22275EF7A6E4780DB7518AECFE6F124A96BBA2A72FD0198258BC314F36BCE9
A01737_13,PASS,,N,,,PASS,,2,1,[],C93245F253DC364901BC5D643FFC66AA425AADA26D713DA846C4DE73A6EE71D4,DF22275EF7A6E4780DB7518AECFE6F124A96BBA2A72FD0198258BC314F36BCE9
A01737_15,PASS,,N,,,PASS,,2,1,[],511B59F8E6FC03478D51D4B3849A9C0A565DB58451F7C2F12DD2928E1D41F028,DF22275EF7A6E4780DB7518AECFE6F124A96BBA2A72FD0198258BC314F36BCE9
A01737_17,PASS,,N,,,PASS,,3,1,[],C90E93BC99E7A6F1E702D0173644C1A750A3B1E6FB0372D9F2EE8AC3B55605AD,DF22275EF7A6E4780DB7518AECFE6F124A96BBA2A72FD0198258BC314F36BCE9
A01737_9,PASS,,N,,,PASS,,2,1,[],63E4B39609311FAA736A34779033866E9C8C508EEC1D81E3DB97AB06674B29A9,DF22275EF7A6E4780DB7518AECFE6F124A96BBA2A72FD0198258BC314F36BCE9
A01752_6,HUMAN_REVIEW,KOSIS_CATALOG_UNAVAILABLE,Y,PASS,,PASS,,2,1,[],7C20F13EA5E9D1A5578329DB328D9F8793BD3CE726E778DF237A1797ED1AD96D,95DFDD6CC88E71904A82CBBE77E658C906D10DB86ED9C2676CA09D6AFAE417FF
A01902_19,PASS,,N,,,PASS,,2,1,[],748EB13C70ECF36B9DFB2A1FC163B86BF1F9AE118187DD2E1DDC6F36647EB3F0,DF22275EF7A6E4780DB7518AECFE6F124A96BBA2A72FD0198258BC314F36BCE9
A01953_7,PASS,,N,,,PASS,,2,1,[],2BDF7E055E7005600E2DB1728DA03384213846623F2C627E706C826EFEFFAFA7,DF22275EF7A6E4780DB7518AECFE6F124A96BBA2A72FD0198258BC314F36BCE9
A01989_15,PASS,,N,,,PASS,,2,1,[],E926EB8BC7EC96FF2869AF56349420FFDF63AC45C23E1CCF9D3A9FC7A5F86F91,DF22275EF7A6E4780DB7518AECFE6F124A96BBA2A72FD0198258BC314F36BCE9
A02022_18,PASS,,N,,,PASS,,3,3,[],B55604B271A27BA2DFD51976DA51882B863A2D9CE04300864E4DF1CD9718BA10,DF22275EF7A6E4780DB7518AECFE6F124A96BBA2A72FD0198258BC314F36BCE9
A02096_15,PASS,,N,,,PASS,,2,1,[],318A5AB9CCF5779969DB54C6AA352B70DB328DA22C7C29D4148A354FBFC22839,DF22275EF7A6E4780DB7518AECFE6F124A96BBA2A72FD0198258BC314F36BCE9
A02258_26,PASS,,N,,,PASS,,2,2,[],9106862A2472E76C82A7D9FFBC26E284FF5E61F6034E87B5C6C6D30F1E5369FD,DF22275EF7A6E4780DB7518AECFE6F124A96BBA2A72FD0198258BC314F36BCE9
A02491_9,PASS,,N,,,PASS,,2,1,[],821026ECA954DF7C7936645E6ABEEEF8BEF464487B979513FA5DC7DA22638D17,DF22275EF7A6E4780DB7518AECFE6F124A96BBA2A72FD0198258BC314F36BCE9
A02558_11,PASS,,N,,,PASS,,2,1,[],34A488E4F873AD3C2B3209D5B7BFC464D79DE953903ADBBDCF302879A5156BBD,DF22275EF7A6E4780DB7518AECFE6F124A96BBA2A72FD0198258BC314F36BCE9
A02558_17,PASS,,N,,,PASS,,2,1,[],359545AB9AB67510BE54C6FF691DCE280DCE73917085DBD9721E030694F77A2F,DF22275EF7A6E4780DB7518AECFE6F124A96BBA2A72FD0198258BC314F36BCE9
A02558_9,PASS,,N,,,PASS,,2,1,[],1784F2B8437BE411CD430E12C499A70177D2A59F0F2B9179E447567726E6C778,DF22275EF7A6E4780DB7518AECFE6F124A96BBA2A72FD0198258BC314F36BCE9
A02617_1,PASS,,N,,,PASS,,2,1,[],ED43B0E7835C729BC0E7A731853981D2E094644ACC29F18260C86D5B7D1F46BC,DF22275EF7A6E4780DB7518AECFE6F124A96BBA2A72FD0198258BC314F36BCE9
A02617_13,PASS,,N,,,PASS,,2,1,[],F7505551124D7188F0FD76D7940E05BDAEFB4254792A6BDED3F6F581DEE5BC04,DF22275EF7A6E4780DB7518AECFE6F124A96BBA2A72FD0198258BC314F36BCE9
A02617_2,PASS,,N,,,PASS,,3,1,[],1EA3212814E6FF6D2C6FF256E5C8804A76A4BAEE5D1306FE400B9FFFF11A9C50,DF22275EF7A6E4780DB7518AECFE6F124A96BBA2A72FD0198258BC314F36BCE9
A02639_9,PASS,,N,,,PASS,,2,2,[],E64725A8E08E19A1B9F1272358B019A39BF61E37A04DC09DE44C9C8A002269E9,DF22275EF7A6E4780DB7518AECFE6F124A96BBA2A72FD0198258BC314F36BCE9
A02647_16,PASS,,N,,,PASS,,6,6,[],4799F74E6938E3CE3B63A11C73D5CA11131D3941F5D7631FDA5C955094B03203,DF22275EF7A6E4780DB7518AECFE6F124A96BBA2A72FD0198258BC314F36BCE9
A02656_11,PASS,,N,,,PASS,,2,2,[],D564405C12F00E760CC7EF2484CD2718B624DEB1E3146857A54D5D70C85232F8,DF22275EF7A6E4780DB7518AECFE6F124A96BBA2A72FD0198258BC314F36BCE9
A02676_2,PASS,,N,,,PASS,,3,1,[],E2563AEF192D2495E08AC680089E58053C6C6A869AECBC6C5A3C93DC4D7A3863,DF22275EF7A6E4780DB7518AECFE6F124A96BBA2A72FD0198258BC314F36BCE9
A02680_2,PASS,,N,,,PASS,,3,1,[],FDCE51FCED082C95207F6AE4C7B5DA00A83F2D67793A6B345DFFF93EF341E448,DF22275EF7A6E4780DB7518AECFE6F124A96BBA2A72FD0198258BC314F36BCE9
A02693_1,PASS,,N,,,PASS,,2,1,[],85800ED8DD4EEF1E449B81C047C7C5EBFB89F64698443EF7AA6088BC9E651CA1,DF22275EF7A6E4780DB7518AECFE6F124A96BBA2A72FD0198258BC314F36BCE9
A00006_11,PASS,,N,,,PASS,,3,1,[],722ED5518FA28D93EDA979053590061819D5A981D7029CC41AF1312AB6103679,DF22275EF7A6E4780DB7518AECFE6F124A96BBA2A72FD0198258BC314F36BCE9
A00006_9,PASS,,N,,,PASS,,3,1,[],9006003EC2B16249CE7AD3D8F396D12A903C1DA0BBC7E7A52DA66E92F2733B19,DF22275EF7A6E4780DB7518AECFE6F124A96BBA2A72FD0198258BC314F36BCE9
A00448_30,PASS,,N,,,PASS,,4,2,[],A621A37CB955B1FE1B1F220187F90A8A9202B675E30D55D1523CDBAAF03647ED,DF22275EF7A6E4780DB7518AECFE6F124A96BBA2A72FD0198258BC314F36BCE9
A00579_10,PASS,,N,,,PASS,,2,1,[],4C65DDA340EA92413E2C2C5C0AFB70980DB208534F336AD1BDC5AB49DB8859F0,DF22275EF7A6E4780DB7518AECFE6F124A96BBA2A72FD0198258BC314F36BCE9
A00760_3,PASS,,N,,,PASS,,3,2,[],86755BFA59DF01916AED240B400202CDB9C645C80FAE1DC7AFD5287487661C44,DF22275EF7A6E4780DB7518AECFE6F124A96BBA2A72FD0198258BC314F36BCE9
A00838_16,PASS,,N,,,PASS,,2,2,[],EE55031C22878257A7E9620C247CE440A74364BC542F653BCF8A71ABF69F8540,DF22275EF7A6E4780DB7518AECFE6F124A96BBA2A72FD0198258BC314F36BCE9
A00899_16,PASS,,N,,,PASS,,3,1,[],4C00A440B114910E74430A9C7A6D4A46F7A7D7F705A23AAB73016D7F903274EF,DF22275EF7A6E4780DB7518AECFE6F124A96BBA2A72FD0198258BC314F36BCE9
A00922_4,PASS,,N,,,PASS,,3,1,[],8D9940B20C6BDDBAF389BF03745011BF1B6A74E623B6245F24848D95880BC695,DF22275EF7A6E4780DB7518AECFE6F124A96BBA2A72FD0198258BC314F36BCE9
A01120_8,HUMAN_REVIEW,KOSIS_CATALOG_UNAVAILABLE,Y,PASS,,PASS,,2,1,[],51ED321D65ED9AB926B8172B72A0BA948BBCD8B7356700629B494F84B8F8CBB7,95DFDD6CC88E71904A82CBBE77E658C906D10DB86ED9C2676CA09D6AFAE417FF
A01254_41,PASS,,N,,,PASS,,3,1,[],979BCF15BE18065A75AAD2877D916B4737936E7C10E968B20E8178DC01710095,DF22275EF7A6E4780DB7518AECFE6F124A96BBA2A72FD0198258BC314F36BCE9
A01359_11,HUMAN_REVIEW,KOSIS_CATALOG_UNAVAILABLE,Y,PASS,,PASS,,2,2,[],F6289E9C9FFCFDFA8A1230DBCFD45C45DF0A3E8CEC8DCB1C8B2F60374A596887,95DFDD6CC88E71904A82CBBE77E658C906D10DB86ED9C2676CA09D6AFAE417FF
A01385_9,PASS,,N,,,PASS,,3,1,[],3215E30AAE3F79B46F703AEB48D6EDFFFDF5DB01E197242B5560271C476451CC,DF22275EF7A6E4780DB7518AECFE6F124A96BBA2A72FD0198258BC314F36BCE9
A01410_2,PASS,,N,,,PASS,,2,1,[],6C0AB07CF4FFD65B711146F55D027BBC88D1790172966A9ECD1C0DC67E1ED15D,DF22275EF7A6E4780DB7518AECFE6F124A96BBA2A72FD0198258BC314F36BCE9
A01455_3,PASS,,N,,,PASS,,2,1,[],44325858CAA7A2757EA3D4FD08FB226116AF660E3F5CA4ECF6808341FD0A2E9A,DF22275EF7A6E4780DB7518AECFE6F124A96BBA2A72FD0198258BC314F36BCE9
A01528_6,PASS,,N,,,PASS,,2,1,[],FD0D84154497D5822F8AB830D0BD917240999FDA86C76B14F7AD6B1158289567,DF22275EF7A6E4780DB7518AECFE6F124A96BBA2A72FD0198258BC314F36BCE9
A01578_9,HUMAN_REVIEW,KOSIS_CATALOG_UNAVAILABLE,Y,HUMAN_REVIEW,KOSIS_CATALOG_UNAVAILABLE,HUMAN_REVIEW,KOSIS_CATALOG_UNAVAILABLE,3,1,"[""d318661c493b""]",AD9D2B04197A9B16C3618CA08137A5C9A1FB3390C4F23713A13A704828998E33,95DFDD6CC88E71904A82CBBE77E658C906D10DB86ED9C2676CA09D6AFAE417FF
A01737_8,PASS,,N,,,PASS,,2,1,[],99E53AAE42E95DE0A094CE64B5EDEA6DF1860BB56F96D47E9A2FFDF7AD82E1CD,DF22275EF7A6E4780DB7518AECFE6F124A96BBA2A72FD0198258BC314F36BCE9
A01903_6,PASS,,N,,,PASS,,2,2,[],3C68E8A5E13BE0D39C1F4E86A17816F464E2B3CD72C9F6387623E93140D2B653,DF22275EF7A6E4780DB7518AECFE6F124A96BBA2A72FD0198258BC314F36BCE9
A02096_4,PASS,,N,,,PASS,,4,3,[],4F27A0D64D06802A846646E530C54470D4ED49CAAE32853463CDF07CAD6214A4,DF22275EF7A6E4780DB7518AECFE6F124A96BBA2A72FD0198258BC314F36BCE9
A02202_2,PASS,,N,,,PASS,,2,1,[],B4E8F0E70BF37B3F5AA3503A92EF67F31CBC6F28CD49B50E147C14D6AEA47391,DF22275EF7A6E4780DB7518AECFE6F124A96BBA2A72FD0198258BC314F36BCE9
A02408_12,PASS,,N,,,PASS,,2,1,[],F47F9DC7B95BBE8E05F32DD1F97122EFB2D774E5E4477417DFFDEC9FEB1A0BD9,DF22275EF7A6E4780DB7518AECFE6F124A96BBA2A72FD0198258BC314F36BCE9
A02558_14,PASS,,N,,,PASS,,3,1,[],F9C466CFD1A3C994B63E0961BE0ADF8B16CC26BBD7D356B930B986A9723EFC34,DF22275EF7A6E4780DB7518AECFE6F124A96BBA2A72FD0198258BC314F36BCE9
A02633_1,PASS,,N,,,PASS,,2,2,[],89F7C937BE1B3EBAB28410E577C7A23107AC5278CA3D3CDF0CC4EAA8203B1D04,DF22275EF7A6E4780DB7518AECFE6F124A96BBA2A72FD0198258BC314F36BCE9
A00298_5,PASS,,N,,,PASS,,2,2,[],59AABD1911FB8903A9C17E5045F344EBA89FA4FD8F59AB3BC0E5B2B1279C8B63,DF22275EF7A6E4780DB7518AECFE6F124A96BBA2A72FD0198258BC314F36BCE9
A00353_3,PASS,,N,,,PASS,,2,1,[],39396C5B1CA49CFC27F88CF4809408D755068D486C5F6E4B2814B5DFDE00DF99,DF22275EF7A6E4780DB7518AECFE6F124A96BBA2A72FD0198258BC314F36BCE9
A00922_28,PASS,,N,,,PASS,,2,2,[],1B118257FCF39461F6436CB1C079A6B2BF6BD4BDC8AAFB2F2BC0E47BFDFCC8A7,DF22275EF7A6E4780DB7518AECFE6F124A96BBA2A72FD0198258BC314F36BCE9
A01190_5,HUMAN_REVIEW,CLAIM_PARSE_UNAVAILABLE,Y,PASS,,PASS,,6,1,[],0A111EBC77F24B690235C4E484937B8063666F4E9CDE5BC0B62891C9988C4462,95DFDD6CC88E71904A82CBBE77E658C906D10DB86ED9C2676CA09D6AFAE417FF
A01359_1,PASS,,N,,,PASS,,2,1,[],DF86134BB31FBDDB3F463ADDD86EB40C79BD043808D5BFCF3398A39BE2DB8288,DF22275EF7A6E4780DB7518AECFE6F124A96BBA2A72FD0198258BC314F36BCE9
A01438_11,PASS,,N,,,PASS,,3,1,[],BC851CB98FC373B5232E7F0B08173A6A588ABD6FB76FA72A59B8C1B402D861ED,DF22275EF7A6E4780DB7518AECFE6F124A96BBA2A72FD0198258BC314F36BCE9
A01480_8,HUMAN_REVIEW,CLAIM_PARSE_UNAVAILABLE,Y,PASS,,PASS,,3,1,[],3B87C153ADBB962C3956A65E3429C2EC69776CF2FD42B08A6633CF6CC0DFA420,95DFDD6CC88E71904A82CBBE77E658C906D10DB86ED9C2676CA09D6AFAE417FF
A01496_11,PASS,,N,,,PASS,,4,2,[],333997CEC3BF65979762B126FA8864501CB50CCFC91EE30287C8F0E27792E6D1,DF22275EF7A6E4780DB7518AECFE6F124A96BBA2A72FD0198258BC314F36BCE9
A01584_4,PASS,,N,,,PASS,,4,1,[],C3F86F56501EC291801D5F8BE1961FC5101FB4D42FC00D537D2295F5EB38C51A,DF22275EF7A6E4780DB7518AECFE6F124A96BBA2A72FD0198258BC314F36BCE9
A01798_9,PASS,,N,,,PASS,,3,1,[],18599E0E2CE81660246261AA1F2C08056E787594F65D1F03CDEDEC894A9E25EB,DF22275EF7A6E4780DB7518AECFE6F124A96BBA2A72FD0198258BC314F36BCE9
A01822_6,PASS,,N,,,PASS,,4,2,[],6E1CF6669BCD96B779A43DEA2CCB5C56BCFF40258D40A17C3020C38BF13C143F,DF22275EF7A6E4780DB7518AECFE6F124A96BBA2A72FD0198258BC314F36BCE9
A01924_3,PASS,,N,,,PASS,,3,1,[],786D32D1440A09BEA58DA98F251ACBAA62950C19550BE55FF9074ACC9C059718,DF22275EF7A6E4780DB7518AECFE6F124A96BBA2A72FD0198258BC314F36BCE9
A02203_5,PASS,,N,,,PASS,,3,1,[],2BDE842FC3399A041A7ED85DCC796EC03318200045F7E487E1A737310042CA78,DF22275EF7A6E4780DB7518AECFE6F124A96BBA2A72FD0198258BC314F36BCE9
A02416_14,PASS,,N,,,PASS,,2,2,[],B452023CBF5DE27EADCF540F878B2354E478C806E65776EB58DD9D98D1CFE88C,DF22275EF7A6E4780DB7518AECFE6F124A96BBA2A72FD0198258BC314F36BCE9
A02450_11,PASS,,N,,,PASS,,2,1,[],0855DF16D9A8D5AE7BC27C600E6F041D0ECF012245A7E6BD2D527C2223919870,DF22275EF7A6E4780DB7518AECFE6F124A96BBA2A72FD0198258BC314F36BCE9
A02633_6,HUMAN_REVIEW,GROUPING_AMBIGUOUS,N,,,HUMAN_REVIEW,GROUPING_AMBIGUOUS,2,1,[],6637F02D6B752AC343ADB9A8A7E1C5368C61B438288062AAA0E33BB84CAC26BA,DF22275EF7A6E4780DB7518AECFE6F124A96BBA2A72FD0198258BC314F36BCE9
A02656_3,PASS,,N,,,PASS,,2,1,[],B46FEB72579A2813159633376D0C7B550D361F6C06263CF978392EA2678CC6F8,DF22275EF7A6E4780DB7518AECFE6F124A96BBA2A72FD0198258BC314F36BCE9
A01455_7,PASS,,N,,,PASS,,3,1,[],6C57FA969CF346987D32D2D37232104236CD8C880FA413C4952379C25903C085,DF22275EF7A6E4780DB7518AECFE6F124A96BBA2A72FD0198258BC314F36BCE9
A01947_22,PASS,,N,,,PASS,,3,1,[],FF3BE9BB38F01194EBE74DB98F35D4A8D598D99157D506E61E6210A0DDEC97D6,DF22275EF7A6E4780DB7518AECFE6F124A96BBA2A72FD0198258BC314F36BCE9
A02099_6,PASS,,N,,,PASS,,2,1,[],FA5D96D62F0357F1EC0F527EFA7EAAA086E55B8F9F340500F8C0C82A97A4AF0A,DF22275EF7A6E4780DB7518AECFE6F124A96BBA2A72FD0198258BC314F36BCE9
A00185_6,PASS,,N,,,PASS,,3,1,[],C33FECE068FEEF658512F9B24B99A2913FEC9568CE2647819EA301149A6956AA,DF22275EF7A6E4780DB7518AECFE6F124A96BBA2A72FD0198258BC314F36BCE9
A00202_17,PASS,,N,,,PASS,,2,2,[],9E65F39EC05B2CC8B51606324D6FFF4EF9B58D249363F7E271350D917269AC07,DF22275EF7A6E4780DB7518AECFE6F124A96BBA2A72FD0198258BC314F36BCE9
A00621_5,PASS,,N,,,PASS,,2,1,[],2C831150639EF9A5880E48630FB22ADD6164B862BD7EE8DA2DECD4964F42DFEC,DF22275EF7A6E4780DB7518AECFE6F124A96BBA2A72FD0198258BC314F36BCE9
A00922_9,PASS,,N,,,PASS,,2,1,[],CED8A0C4A8E9F655CC9E4098963AE813D97FCC4FAEA36DE1082556D5DB99F60D,DF22275EF7A6E4780DB7518AECFE6F124A96BBA2A72FD0198258BC314F36BCE9
A01285_13,PASS,,N,,,PASS,,2,2,[],1B73B714504BB9B28529A7EB4D890C44F66C263C5A2F1BE0CCD8744EFB84B4C6,DF22275EF7A6E4780DB7518AECFE6F124A96BBA2A72FD0198258BC314F36BCE9
