부모Claim번호,자식순번,자식Claim번호,실행자식Claim번호,재시도결과,12칸공식조회가능,공식결과생성,개념확정,후보수,근거좌표수,공식출처수,판정,판정경로,판정사유,최종상태,최종사유,진단번호
A00007_3,1,claim_f8916174d4816698,A00007_3,N,True,N,,0,0,0,,,,HUMAN_REVIEW,GROUPING_AMBIGUOUS,
A00186_9,1,claim_fa38cac3c10b0e85,claim_f8ee8fb0f4b72433,N,True,N,,0,0,0,,,,HUMAN_REVIEW,"문장에 수출 대수와 수출액이라는 서로 독립적으로 검증 가능한 두 수치가 함께 있어 하나의 주장으로 안전하게 통합하기 어렵고, ‘2년 연속’은 증가율이 아닌 지속·기준 충족 표현임",
A00186_9,2,claim_3b4c57d9172bc1c9,claim_ccd4c16816d9226b,N,True,N,,0,0,0,,,,HUMAN_REVIEW,TARGET_VALUE_NOT_IN_SOURCE_SENTENCE,
A00189_11,1,claim_a1a76c745abcc58a,claim_3837ae19190fab9e,N,False,N,,0,0,0,,,,HUMAN_REVIEW,문장에 커피와 쇠고기의 서로 독립적으로 검증 가능한 두 증감률이 함께 제시되어 단일 Claim으로 확정할 수 없음,
A00189_11,2,claim_53bb51959f2ad1a4,claim_15cf90de9f1a506c,N,False,N,,0,0,0,,,,HUMAN_REVIEW,"문장에 쇠고기 물가의 전월 대비 상승률 3.4%가 명시되어 있으나, 목표 시점이 직접 명시되지 않았고 기사 발행일만 제공되어 기준 시점 확정이 필요함",
A00189_5,1,claim_144547d31050a370,claim_e4445d226ceae05b,N,True,Y,MATCHED,20,0,0,UNDETERMINED,HOLD,NO_EVIDENCE_COORDINATE_CANDIDATE,HOLD,NO_EVIDENCE_COORDINATE_CANDIDATE,
A00189_5,2,claim_f205ddbcba891809,claim_cc6b6bd585ac1eaa,N,True,Y,MATCHED,20,0,0,UNDETERMINED,HOLD,NO_EVIDENCE_COORDINATE_CANDIDATE,HOLD,NO_EVIDENCE_COORDINATE_CANDIDATE,
A00195_11,1,claim_cbad041451547ab2,claim_c778beb868de3229,N,True,Y,MATCHED,20,1,1,UNDETERMINED,HOLD,FETCH_FAILED,HOLD,FETCH_FAILED,
A00202_26,1,claim_0a51bae8271add36,A00202_26,N,True,N,,0,0,0,,,,HUMAN_REVIEW,GROUPING_AMBIGUOUS,
A00202_5,1,claim_01db654650442f8b,claim_07d586df71361c3b,N,True,N,,0,0,0,,,,HUMAN_REVIEW,TARGET_VALUE_NOT_IN_SOURCE_SENTENCE,
A00231_10,1,claim_4292bd4861a1b423,claim_f9e8a7e49073ca96,N,True,N,,0,0,0,,,,HUMAN_REVIEW,TARGET_VALUE_NOT_IN_SOURCE_SENTENCE,
A00254_17,1,claim_dca145422e091386,claim_92d84b3c4a59cd15,N,True,N,,0,0,0,,,,HUMAN_REVIEW,TARGET_VALUE_NOT_IN_SOURCE_SENTENCE,
A00298_3,1,claim_eecfa40878a00f16,A00298_3,N,True,N,,0,0,0,,,,HUMAN_REVIEW,GROUPING_AMBIGUOUS,
A00308_6,1,claim_e95466b1942a27e4,claim_1c3a7f43144585da,N,False,N,,0,0,0,,,,HUMAN_REVIEW,"중심 수치 2%의 지표와 대상 기간이 문장에 명시되지 않았고, 괄호의 1.3%는 비교 기준으로 보이지만 어떤 지표의 값인지 불명확함",
A00353_15,1,claim_b1560507664759f9,claim_c117eea59b89f822,N,True,N,,0,0,0,,,,HUMAN_REVIEW,MISSING_REQUIRED_SLOTS:comparison,
A00354_13,1,claim_de464853d689a99b,claim_89fe0912d791e78d,N,True,Y,MATCHED,1,0,0,UNDETERMINED,HOLD,NO_HARD_GUARD_CANDIDATE,HOLD,NO_HARD_GUARD_CANDIDATE,
A00368_19,1,claim_75abc0998b9bf098,claim_f5afb29e46313759,N,True,Y,MATCHED,1,1,1,UNDETERMINED,HOLD,AS_OF_UNAVAILABLE,HOLD,AS_OF_UNAVAILABLE,
A00399_21,1,claim_d5f35a2e89a3e911,A00399_21,N,True,N,,0,0,0,,,,HUMAN_REVIEW,GROUPING_AMBIGUOUS,
A00463_15,1,claim_d81f609a74b27d3d,claim_fe3c0a762800a296,N,True,Y,MATCHED,1,0,0,UNDETERMINED,HOLD,NO_HARD_GUARD_CANDIDATE,HOLD,NO_HARD_GUARD_CANDIDATE,
A00489_11,1,claim_1aa98594f46770a7,claim_93868d0fe52c1333,N,True,N,,0,0,0,,,,HUMAN_REVIEW,중심 수치에 전월 대비와 전년 동월 대비라는 서로 독립적으로 검증 가능한 증감률이 함께 포함되어 있어 단일 주장으로 안전하게 확정할 수 없음,
A00579_17,1,claim_425d38a409b560bc,claim_a31925d406ed0862,N,True,Y,MATCHED,1,0,0,UNDETERMINED,HOLD,NO_HARD_GUARD_CANDIDATE,HOLD,NO_HARD_GUARD_CANDIDATE,
A00630_16,1,claim_696fd653e7921dfb,claim_18a8259b786da120,Y,True,Y,MATCHED,22,0,0,UNDETERMINED,HOLD,NO_HARD_GUARD_CANDIDATE,HOLD,NO_HARD_GUARD_CANDIDATE,
A00635_5,1,claim_fcc8fa522e6bb94d,claim_2697916a3f575ea4,N,True,N,,0,0,0,,,,HUMAN_REVIEW,CLAIM_CALCULATION_UNSUPPORTED,
A00646_15,1,claim_234778d65b063b6b,claim_6f94a245cc5e3158,N,False,N,,0,0,0,,,,HUMAN_REVIEW,TARGET_VALUE_NOT_IN_SOURCE_SENTENCE,
A00722_6,1,claim_7617d2fac19710d2,claim_a8b8c935e53da438,N,True,Y,MATCHED,20,0,0,UNDETERMINED,HOLD,NO_EVIDENCE_COORDINATE_CANDIDATE,HOLD,NO_EVIDENCE_COORDINATE_CANDIDATE,
A00735_6,1,claim_5095c98de43d1375,claim_6899362d0f00e6c9,N,False,N,,0,0,0,,,,HUMAN_REVIEW,"목표 수치 1.9%와 기준 수치 2.1%는 명확하지만, 대명사 '이를'이 가리키는 구체적 지표가 문장에 명시되지 않음",
A00749_14,1,claim_0d6482ba1fa9a6ab,claim_1aa874f2b5ac8624,N,True,Y,MATCHED,1,0,0,UNDETERMINED,HOLD,NO_HARD_GUARD_CANDIDATE,HOLD,NO_HARD_GUARD_CANDIDATE,
A00749_24,1,claim_a4c35c85011066cd,claim_51f06d1fd9510a12,N,True,Y,MATCHED,1,0,0,UNDETERMINED,HOLD,NO_HARD_GUARD_CANDIDATE,HOLD,NO_HARD_GUARD_CANDIDATE,
A00749_24,2,claim_4ec273e3eb5dc413,claim_2f9cd8f9470671d9,N,True,Y,MATCHED,1,0,0,UNDETERMINED,HOLD,NO_HARD_GUARD_CANDIDATE,HOLD,NO_HARD_GUARD_CANDIDATE,
A00749_24,3,claim_0549fe7976730903,claim_84bae48b8f1d64fa,N,True,Y,MATCHED,1,0,0,UNDETERMINED,HOLD,NO_HARD_GUARD_CANDIDATE,HOLD,NO_HARD_GUARD_CANDIDATE,
A00751_27,1,claim_ab7eebfc50678e82,claim_7119ecd951a1cbcc,Y,False,N,,0,0,0,,,,HUMAN_REVIEW,실업률 4%라는 단일 수치는 명확하지만 대상 인구와 기준 시점이 본문에 직접 제시되지 않아 충분한 슬롯을 확정할 수 없음,
A00751_27,2,claim_e2ed9bf16de852a0,claim_0d135cb2f55e7669,Y,True,Y,MATCHED,26,0,0,UNDETERMINED,HOLD,NO_HARD_GUARD_CANDIDATE,HOLD,NO_HARD_GUARD_CANDIDATE,
A00922_25,1,claim_0891b38fe687ca41,claim_fc6661162e03cec1,N,True,Y,MATCHED,1,0,0,UNDETERMINED,HOLD,NO_HARD_GUARD_CANDIDATE,HOLD,NO_HARD_GUARD_CANDIDATE,
A00953_14,1,claim_990e2230f27dbd12,A00953_14,Y,True,N,,0,0,0,,,,HUMAN_REVIEW,GROUPING_AMBIGUOUS,
A01193_11,1,claim_fa16759bc2782c6b,claim_3c9e3af9b280b4ae,N,True,Y,MATCHED,8,0,0,UNDETERMINED,HOLD,NO_HARD_GUARD_CANDIDATE,HOLD,NO_HARD_GUARD_CANDIDATE,
A01193_11,2,claim_4d7dc9ed0457a5f5,claim_d1249d7eefcdfd0d,N,True,Y,MATCHED,111,1,0,UNDETERMINED,HOLD,LOW_SEMANTIC_SCORE,HOLD,LOW_SEMANTIC_SCORE,
A01193_7,1,claim_88b757f547926753,claim_f25b2a9402e9b7f2,N,True,Y,MATCHED,20,0,0,UNDETERMINED,HOLD,NO_EVIDENCE_COORDINATE_CANDIDATE,HOLD,NO_EVIDENCE_COORDINATE_CANDIDATE,
A01193_7,2,claim_20ff519d54b08eff,claim_fb0e8bb8f95a5a67,N,True,Y,MATCHED,8,0,0,UNDETERMINED,HOLD,NO_HARD_GUARD_CANDIDATE,HOLD,NO_HARD_GUARD_CANDIDATE,
A01194_4,1,claim_cae2c70cd4ab0543,claim_989c5c16ba827e7d,N,True,Y,MATCHED,49,0,0,UNDETERMINED,HOLD,NO_HARD_GUARD_CANDIDATE,HOLD,NO_HARD_GUARD_CANDIDATE,
A01285_4,1,claim_d5a7ae422c416dbf,claim_8334ec755f430a47,N,True,Y,MATCHED,1,1,1,MATCH,AUTO,WITHIN_TOLERANCE,AUTO,WITHIN_TOLERANCE,
A01384_4,1,claim_19830a4588052a84,claim_a8db0b0e44ad2adb,N,False,N,,0,0,0,,,,HUMAN_REVIEW,"추경 규모가 15~20조원의 범위로 제시되어 단일 값으로 확정할 수 없고, 성장률 0.2%포인트 상승 효과라는 별도의 수치 주장도 함께 포함되어 있어 하나의 명확한 수치 주장으로 구조화하기 어렵습니다.",
A01384_4,2,claim_ca6c5e4ceef712bf,claim_b18f08a7568ea1a1,N,False,N,,0,0,0,,,,HUMAN_REVIEW,MISSING_REQUIRED_SLOTS:comparison,
A01385_7,1,claim_0b82eca204ef02a6,claim_e2ccd789a58070ed,N,True,Y,MATCHED,20,0,0,UNDETERMINED,HOLD,NO_EVIDENCE_COORDINATE_CANDIDATE,HOLD,NO_EVIDENCE_COORDINATE_CANDIDATE,
A01555_14,1,claim_655e588fbfd64be9,claim_754c95e88166f70c,N,False,N,,0,0,0,,,,HUMAN_REVIEW,TARGET_VALUE_NOT_IN_SOURCE_SENTENCE,
A01555_14,2,claim_e005a2037795a10d,claim_727f337747fdeef7,N,True,N,,0,0,0,,,,HUMAN_REVIEW,"GDP에서 0.25%포인트를 깎아내렸다는 중심 수치와 연방정부 지출 5.1% 감소가 함께 제시됐지만, DIFFERENCE 계산에 필요한 current_value와 reference_value가 명시되지 않았고 5.1% 감소의 비교 기준도 불명확함",
A01584_3,1,claim_5c09a68c75dde0e2,claim_c7688eb008562485,N,True,N,,0,0,0,,,,HUMAN_REVIEW,TARGET_VALUE_NOT_IN_SOURCE_SENTENCE,
A01589_4,1,claim_3e2801049ee55e9d,claim_c7688eb008562485,N,True,N,,0,0,0,,,,HUMAN_REVIEW,TARGET_VALUE_NOT_IN_SOURCE_SENTENCE,
A01641_17,1,claim_f6144e9032ae4a7a,claim_2617d0f5a5065df3,N,True,Y,MATCHED,9,0,0,UNDETERMINED,HOLD,NO_HARD_GUARD_CANDIDATE,HOLD,NO_HARD_GUARD_CANDIDATE,
A01709_31,1,claim_3548667ef4067f27,claim_39a5e0380a9a65d8,N,True,Y,MATCHED,20,0,0,UNDETERMINED,HOLD,NO_HARD_GUARD_CANDIDATE,HOLD,NO_HARD_GUARD_CANDIDATE,
A01720_37,1,claim_4f01e6da4bafdd79,claim_7aef100e4edef048,N,True,Y,MATCHED,20,2,1,UNDETERMINED,HOLD,PUBLICATION_FETCH_FAILED,HOLD,PUBLICATION_FETCH_FAILED,
A01737_11,1,claim_4784a1df9b05fd94,claim_80895f9c29289a44,N,False,N,,0,0,0,,,,HUMAN_REVIEW,"중심 수치와 전년 동월 대비 증감은 명시됐지만, 주장 대상 월이 문장에 직접 제시되지 않아 target time을 확정할 수 없음",
A01737_5,1,claim_535e5c9e6674fa0e,claim_2ad5bb5bd9905a6f,N,True,N,,0,0,0,,,,HUMAN_REVIEW,"‘10만명대’는 정확한 단일 수치가 아닌 범위 표현이며, 4개월 연속이라는 기간에 걸친 주장이라 확정값으로 자동 구조화하기 어렵습니다.",
A01752_4,1,claim_93612f4fd03ddb56,claim_a2dea7f14b093c76,N,True,Y,MATCHED,1,1,1,MATCH,AUTO,WITHIN_TOLERANCE,AUTO,WITHIN_TOLERANCE,
A01927_11,1,claim_fb5fd135415c3b5c,claim_6e36d010210a5789,N,True,Y,MATCHED,1,1,1,UNDETERMINED,HOLD,AS_OF_UNAVAILABLE,HOLD,AS_OF_UNAVAILABLE,
A01927_23,1,claim_12fae89412f5fe2b,claim_2e43042570127df6,N,True,Y,MATCHED,1,1,1,UNDETERMINED,HOLD,AS_OF_UNAVAILABLE,HOLD,AS_OF_UNAVAILABLE,
A01927_23,2,claim_1014ae0c2e198bd3,claim_8a92ee6b7acec653,N,True,Y,MATCHED,1,1,1,UNDETERMINED,HOLD,FETCH_FAILED,HOLD,FETCH_FAILED,
A01935_13,1,claim_f92fc8467da2f9d7,claim_bb1148c4984f9655,N,True,N,,0,0,0,,,,HUMAN_REVIEW,문장에 내수와 순수출이라는 서로 독립적으로 검증 가능한 두 수치가 함께 제시되어 단일 Claim으로 안전하게 확정할 수 없음,
A01935_13,2,claim_876392cfe0983300,claim_8c11f8bc2e1155d0,N,True,Y,MATCHED,20,0,0,UNDETERMINED,HOLD,NO_EVIDENCE_COORDINATE_CANDIDATE,HOLD,NO_EVIDENCE_COORDINATE_CANDIDATE,
A01953_25,1,claim_cecd602327217d8d,claim_05babacc724d791f,N,True,Y,MATCHED,12,0,0,UNDETERMINED,HOLD,NO_HARD_GUARD_CANDIDATE,HOLD,NO_HARD_GUARD_CANDIDATE,
A02010_4,1,claim_51a6496f4aa68666,claim_0690047a53f191d0,N,True,N,,0,0,0,,,,HUMAN_REVIEW,TARGET_VALUE_NOT_IN_SOURCE_SENTENCE,
A02028_21,1,claim_45833028dbca3e22,A02028_21,N,True,N,,0,0,0,,,,HUMAN_REVIEW,GROUPING_AMBIGUOUS,
A02065_4,1,claim_5f82e5797d63537f,claim_1414ea7876152e4f,N,False,N,,0,0,0,,,,HUMAN_REVIEW,MISSING_REQUIRED_SLOTS:time,
A02065_4,2,claim_e6dc0e8f203a746e,claim_c7a340daf83cd473,N,False,N,,0,0,0,,,,HUMAN_REVIEW,MISSING_REQUIRED_SLOTS:time,
A02096_18,1,claim_5be8d71af5c168a2,claim_bce3529d3652ea7e,N,True,Y,MATCHED,1,1,1,UNDETERMINED,HOLD,AS_OF_UNAVAILABLE,HOLD,AS_OF_UNAVAILABLE,
A02096_19,1,claim_1ecdb544aa72ae01,claim_eea0c167608334ec,N,False,N,,0,0,0,,,,HUMAN_REVIEW,MISSING_REQUIRED_SLOTS:time,
A02096_3,1,claim_c67035994b1740c0,claim_5e3957373df19a5a,N,True,Y,MATCHED,1,0,0,UNDETERMINED,HOLD,NO_HARD_GUARD_CANDIDATE,HOLD,NO_HARD_GUARD_CANDIDATE,
A02099_4,1,claim_3a279cee0bf7df85,claim_e923948d2d966fb0,N,True,N,,0,0,0,,,,HUMAN_REVIEW,RELATIVE_TIME_UNRESOLVED,
A02111_13,1,claim_1c587cb4401c7eed,A02111_13,N,True,N,,0,0,0,,,,HUMAN_REVIEW,CONTEXT_TARGET_UNRESOLVED,
A02111_4,1,claim_cbf0fa2709dcf6dd,claim_920b94d0a0bd3213,N,True,Y,MATCHED,1,1,1,MATCH,AUTO,WITHIN_TOLERANCE,AUTO,WITHIN_TOLERANCE,
A02181_14,1,claim_4bd0595b56c90f89,claim_7cd7fd35f64558c9,N,True,N,,0,0,0,,,,HUMAN_REVIEW,MISSING_REQUIRED_SLOTS:comparison,
A02184_12,1,claim_a8ea1441d888bb96,claim_86bafe9ab3ba567b,N,True,Y,MATCHED,29,1,1,UNDETERMINED,HOLD,FETCH_FAILED,HOLD,FETCH_FAILED,
A02184_12,2,claim_e4383ee9b65c6c52,claim_8dcb3d88daf3d44e,N,True,Y,MATCHED,41,1,0,UNDETERMINED,HOLD,AMBIGUOUS_MARGIN,HOLD,AMBIGUOUS_MARGIN,
A02184_8,1,claim_e8ddfd4375ff8253,claim_17ac32734835b4ff,N,True,Y,MATCHED,41,1,1,UNDETERMINED,HOLD,FETCH_FAILED,HOLD,FETCH_FAILED,
A02350_6,1,claim_a98a3f38be1a6de2,claim_1a828370ce663974,N,False,N,,0,0,0,,,,HUMAN_REVIEW,TARGET_VALUE_NOT_IN_SOURCE_SENTENCE,
A02366_7,1,claim_7851493c515d1961,claim_cbe32415c35669c6,Y,True,N,,0,0,0,,,,HUMAN_REVIEW,CLAIM_CALCULATION_UNSUPPORTED,
A02375_3,1,claim_a9e9a18c31e048f0,claim_702acab8e660d451,N,True,N,,0,0,0,,,,HUMAN_REVIEW,TARGET_VALUE_NOT_IN_SOURCE_SENTENCE,
A02385_19,1,claim_3435ff4255fbe8da,claim_125cab3fadaf7307,N,False,N,,0,0,0,,,,HUMAN_REVIEW,"증가율 6.9%와 대상 품목은 명확하지만, 비교 기준(전년 동월·전월 등)이 문장에 명시되지 않아 성장률의 comparison.type을 확정할 수 없음",
A02385_25,1,claim_accf2f7d9058e976,claim_038c05811fc04e09,N,True,Y,MATCHED,22,0,0,UNDETERMINED,HOLD,NO_HARD_GUARD_CANDIDATE,HOLD,NO_HARD_GUARD_CANDIDATE,
A02385_25,2,claim_1bac61eceba97acf,claim_afab39901c4dfaca,N,False,N,,0,0,0,,,,HUMAN_REVIEW,"목표 수치 14.2%는 고추장 가격 상승률로 보이지만, 기사 문장에 상승 비교 기준(전월·전년 등)이 명시되지 않았고 여러 품목별 상승률과 전체 가공식품 물가 상승률이 함께 제시되어 독립 검증 단위가 모호함.",
A02385_25,3,claim_3124ebc0448cce54,claim_afab39901c4dfaca,N,False,N,,0,0,0,,,,HUMAN_REVIEW,"목표 수치 14.2%가 고추장과 김치라는 두 독립 품목에 동시에 제시되어 단일 품목 주장으로 확정할 수 없고, 증감 비교 기준도 문장에 명시되지 않음",
A02385_25,4,claim_fea6ce29b2dad792,claim_2597ab6ee7e8ea8a,N,False,N,,0,0,0,,,,HUMAN_REVIEW,"중심 수치인 빵 6.4%와 전체 가공식품 물가 4.6%, 다른 품목별 수치가 한 문장에 함께 제시되어 있고, 6.4%의 비교 기준과 증감 방향이 직접 명확하지 않음",
A02385_25,5,claim_06b0d681a388327e,claim_dce09bdd40438fe0,N,False,N,,0,0,0,,,,HUMAN_REVIEW,"4.6% 상승의 비교 기준(전년 동월, 전월 등)이 본문에 명시되지 않아 성장률 유형을 확정할 수 없음",
A02421_1,1,claim_8cae8d34eacd941c,claim_74d928b87b3d88dc,N,True,Y,MATCHED,85,0,0,UNDETERMINED,HOLD,NO_HARD_GUARD_CANDIDATE,HOLD,NO_HARD_GUARD_CANDIDATE,
A02421_4,1,claim_052eec638c4dabea,claim_05c9911a91660aa9,N,True,Y,MATCHED,15,0,0,UNDETERMINED,HOLD,NO_EVIDENCE_COORDINATE_CANDIDATE,HOLD,NO_EVIDENCE_COORDINATE_CANDIDATE,
A02558_21,1,claim_2d1e921e3ec4a6fc,claim_7e1423463acdf322,N,True,Y,MATCHED,1,0,0,UNDETERMINED,HOLD,NO_HARD_GUARD_CANDIDATE,HOLD,NO_HARD_GUARD_CANDIDATE,
A02564_5,1,claim_ce084f39d9613e94,claim_8095a00986781de9,N,True,Y,MATCHED,20,0,0,UNDETERMINED,HOLD,NO_HARD_GUARD_CANDIDATE,HOLD,NO_HARD_GUARD_CANDIDATE,
A02569_31,1,claim_51d22b2304b36c5e,claim_53de5e61b4cf6f54,N,False,N,,0,0,0,,,,HUMAN_REVIEW,목표값은 명확하지만 기사 본문에 기준 시점(해당 월)이 명시되지 않아 target time을 확정할 수 없음,
A02569_4,1,claim_8af7f5fba0e18a13,claim_5589eab0f1f66e09,N,True,Y,MATCHED,1,1,1,MATCH,AUTO,WITHIN_TOLERANCE,AUTO,WITHIN_TOLERANCE,
A02605_13,1,claim_2b0732cff624ac31,claim_0fa91954d6f6d125,N,False,N,,0,0,0,,,,HUMAN_REVIEW,문장에 달걀의 9.2% 상승과 농축수산물 전체의 전년 동월 대비 1.9% 상승이라는 서로 독립적으로 검증 가능한 두 수치가 함께 있어 단일 Claim으로 확정할 수 없음,
A02605_13,2,claim_c6f659515668b76d,claim_edf4837696036d22,N,True,Y,MATCHED,2,0,0,UNDETERMINED,HOLD,NO_HARD_GUARD_CANDIDATE,HOLD,NO_HARD_GUARD_CANDIDATE,
A02638_7,1,claim_afe4998fc4e1a479,claim_9e040b4f7080376e,N,True,Y,MATCHED,44,1,0,UNDETERMINED,HOLD,AMBIGUOUS_MARGIN,HOLD,AMBIGUOUS_MARGIN,
A02638_9,1,claim_344f9ec5f011218f,claim_88b29e71d432ae65,N,True,Y,MATCHED,44,0,0,UNDETERMINED,HOLD,NO_HARD_GUARD_CANDIDATE,HOLD,NO_HARD_GUARD_CANDIDATE,
A02647_3,1,claim_7555330ed60c895a,claim_3151ac2781ccb109,N,True,Y,MATCHED,42,0,0,UNDETERMINED,HOLD,NO_EVIDENCE_COORDINATE_CANDIDATE,HOLD,NO_EVIDENCE_COORDINATE_CANDIDATE,
A02647_8,1,claim_dfffd1ef43518eee,claim_ea3d6a30aac87f34,N,False,N,,0,0,0,,,,HUMAN_REVIEW,MISSING_REQUIRED_SLOTS:time,
A02656_1,1,claim_8e7202ff446c16a9,claim_3bea9d178e787da1,N,True,Y,MATCHED,18,0,0,UNDETERMINED,HOLD,NO_HARD_GUARD_CANDIDATE,HOLD,NO_HARD_GUARD_CANDIDATE,
A02656_1,2,claim_6c19d00162786e70,claim_eb73bfd02cedecb1,N,True,Y,MATCHED,59,0,0,UNDETERMINED,HOLD,NO_HARD_GUARD_CANDIDATE,HOLD,NO_HARD_GUARD_CANDIDATE,
A02656_1,3,claim_3c5ead72888df203,claim_dce9c30d9e392f18,N,True,Y,MATCHED,1,2,1,UNDETERMINED,HOLD,AS_OF_UNAVAILABLE,HOLD,AS_OF_UNAVAILABLE,
A02661_3,1,claim_5f58fe9138cdce63,claim_c01aacd154d67734,N,True,Y,MATCHED,120,0,0,UNDETERMINED,HOLD,NO_HARD_GUARD_CANDIDATE,HOLD,NO_HARD_GUARD_CANDIDATE,
A02681_3,1,claim_16ca1f40e351972d,claim_cd8c5836ffd27341,N,True,N,,0,0,0,,,,HUMAN_REVIEW,TARGET_VALUE_NOT_IN_SOURCE_SENTENCE,
A02682_6,1,claim_27c0ce7c302f1a13,claim_dfb149c3ca8e7a2d,Y,False,N,,0,0,0,,,,HUMAN_REVIEW,문장에 전년 동월 대비 가공식품 물가 상승률 3.5%와 전체 물가를 끌어올린 기여도 0.30%포인트라는 서로 독립적으로 검증 가능한 수치가 함께 있어 단일 타깃으로 안전하게 구조화할 수 없음,
A02682_6,2,claim_2577c2711f54fe7c,claim_8e93ff5b7d796bb5,Y,False,N,,0,0,0,,,,HUMAN_REVIEW,"목표 수치인 전체 물가에 대한 가공식품의 상승 기여도는 추출되지만, 대상 시점이 본문에 명시되지 않았습니다.",
A02682_9,1,claim_16c9c5b669aa1ee1,claim_569daa144ea226ec,N,True,N,,0,0,0,,,,HUMAN_REVIEW,문장에 축산물 5.3%와 수산물 5.9%라는 독립적으로 검증 가능한 두 증감 수치가 함께 있어 단일 Claim으로 확정할 수 없음,
A02682_9,2,claim_a66cfa10dc420e98,claim_f398fc58c2c7a721,N,True,Y,MATCHED,42,0,0,UNDETERMINED,HOLD,NO_EVIDENCE_COORDINATE_CANDIDATE,HOLD,NO_EVIDENCE_COORDINATE_CANDIDATE,
A02701_3,1,claim_68783c5d74281af2,claim_94c91fd0faa4a4d7,N,True,Y,MATCHED,40,0,0,UNDETERMINED,HOLD,NO_HARD_GUARD_CANDIDATE,HOLD,NO_HARD_GUARD_CANDIDATE,
A02704_4,1,claim_b8f33b32705e794d,claim_756f277a80014db8,N,True,Y,MATCHED,20,0,0,UNDETERMINED,HOLD,NO_HARD_GUARD_CANDIDATE,HOLD,NO_HARD_GUARD_CANDIDATE,
A00041_5,1,claim_12eb47cdfcbdbd6f,claim_b02dc8c186e9d718,N,False,N,,0,0,0,,,,HUMAN_REVIEW,MISSING_REQUIRED_SLOTS:time,
A00070_11,1,claim_155c3f8814001494,claim_a9f29200a840b948,N,True,Y,MATCHED,71,0,0,UNDETERMINED,HOLD,NO_EVIDENCE_COORDINATE_CANDIDATE,HOLD,NO_EVIDENCE_COORDINATE_CANDIDATE,
A00070_11,2,claim_a27e0beb2a34ddf3,claim_d1b8123832d0589f,N,True,Y,MATCHED,75,0,0,UNDETERMINED,HOLD,NO_EVIDENCE_COORDINATE_CANDIDATE,HOLD,NO_EVIDENCE_COORDINATE_CANDIDATE,
A00308_3,1,claim_c15918a1987e652a,claim_1a97c4c94a780c50,N,True,N,,0,0,0,,,,HUMAN_REVIEW,RELATIVE_TIME_UNRESOLVED,
A00353_6,1,claim_70d7100e09bca27c,claim_bfa0e51105123802,N,True,N,,0,0,0,,,,HUMAN_REVIEW,MISSING_REQUIRED_SLOTS:comparison,
A00622_3,1,claim_0ed26196df5bbc8f,claim_a7b2fd6156d10614,N,True,N,,0,0,0,,,,HUMAN_REVIEW,CLAIM_COMPARISON_UNSUPPORTED,
A00708_7,1,claim_082ce24adf741f95,claim_4fbbaeda57b9d06e,N,True,N,,0,0,0,,,,HUMAN_REVIEW,TARGET_VALUE_NOT_IN_SOURCE_SENTENCE,
A00840_16,1,claim_ef84bbc1bf485bb7,claim_e7bfbc87d1b3f69d,N,True,Y,MATCHED,64,1,0,UNDETERMINED,HOLD,LOW_SEMANTIC_SCORE,HOLD,LOW_SEMANTIC_SCORE,
A00849_11,1,claim_d16538d7381cefb2,A00849_11,Y,,N,,0,0,0,,,,HOLD,KOSIS_CATALOG_UNAVAILABLE,f8161c5643c5
A00922_27,1,claim_0182f2a8521e4a75,claim_2c52e902e73bce9c,N,True,Y,MATCHED,1,1,1,MATCH,AUTO,WITHIN_TOLERANCE,AUTO,WITHIN_TOLERANCE,
A01103_18,1,claim_813cd81dead363f4,claim_0cc311fbeac2fe4c,N,True,Y,MATCHED,25,0,0,UNDETERMINED,HOLD,NO_HARD_GUARD_CANDIDATE,HOLD,NO_HARD_GUARD_CANDIDATE,
A01103_18,2,claim_fd0b6a6685277a86,claim_b7ca0f60fb485bcf,N,True,Y,MATCHED,20,0,0,UNDETERMINED,HOLD,NO_HARD_GUARD_CANDIDATE,HOLD,NO_HARD_GUARD_CANDIDATE,
A01190_9,1,claim_4caf4e7e701f609f,claim_2c4ff69691162239,N,True,Y,MATCHED,81,1,0,UNDETERMINED,HOLD,AMBIGUOUS_MARGIN,HOLD,AMBIGUOUS_MARGIN,
A01489_17,1,claim_f964e8b487419854,claim_7418dcffff676dde,Y,True,Y,MATCHED,39,0,0,UNDETERMINED,HOLD,NO_EVIDENCE_COORDINATE_CANDIDATE,HOLD,NO_EVIDENCE_COORDINATE_CANDIDATE,
A01489_17,2,claim_244686b731b78640,claim_427c05c12bdeeabc,Y,False,N,,0,0,0,,,,HUMAN_REVIEW,MISSING_REQUIRED_SLOTS:value,
A01565_13,1,claim_c91a83f4d40b12ab,claim_ce81c542b080d1ce,N,True,Y,MATCHED,1,0,0,UNDETERMINED,HOLD,NO_HARD_GUARD_CANDIDATE,HOLD,NO_HARD_GUARD_CANDIDATE,
A01565_13,2,claim_5f13c1222537880e,claim_f55aaa969abbed54,N,True,Y,MATCHED,1,0,0,UNDETERMINED,HOLD,NO_HARD_GUARD_CANDIDATE,HOLD,NO_HARD_GUARD_CANDIDATE,
A01737_12,1,claim_a89607f9f689f43b,claim_d06f6b157e95b812,N,True,Y,MATCHED,29,1,0,UNDETERMINED,HOLD,AMBIGUOUS_MARGIN,HOLD,AMBIGUOUS_MARGIN,
A01737_4,1,claim_c588485a27a5026c,claim_ac87b9d2a82c0da1,N,True,Y,MATCHED,103,1,0,UNDETERMINED,HOLD,AMBIGUOUS_MARGIN,HOLD,AMBIGUOUS_MARGIN,
A01924_10,1,claim_f58fdfa21e8042e8,claim_400ebb8b8f545c76,N,True,Y,MATCHED,1,1,1,UNDETERMINED,HOLD,AS_OF_UNAVAILABLE,HOLD,AS_OF_UNAVAILABLE,
A01924_9,1,claim_a91758e1b4b33569,claim_8f0445efe878985f,N,False,N,,0,0,0,,,,HUMAN_REVIEW,MISSING_REQUIRED_SLOTS:value,
A02096_11,1,claim_aec9634f2c214306,claim_51187645801dea7d,N,True,Y,MATCHED,59,1,1,UNDETERMINED,HOLD,AS_OF_UNAVAILABLE,HOLD,AS_OF_UNAVAILABLE,
A02096_11,2,claim_d90a0ef74550d916,claim_60c76d3e7237ece9,N,True,Y,MATCHED,150,1,1,UNDETERMINED,HOLD,AS_OF_UNAVAILABLE,HOLD,AS_OF_UNAVAILABLE,
A02111_6,1,claim_1af97c42f8e79dcb,claim_0b480e92fd76dad9,N,True,Y,MATCHED,122,1,1,UNDETERMINED,HOLD,AS_OF_UNAVAILABLE,HOLD,AS_OF_UNAVAILABLE,
A02184_11,1,claim_c6b69bfc2bdf2b78,A02184_11,Y,,N,,0,0,0,,,,HUMAN_REVIEW,CLAIM_PARSE_UNAVAILABLE,6c9e97d530d6
A02184_15,1,claim_5bf21e8b888c9fcd,claim_27a679f4967c600c,N,True,N,,0,0,0,,,,HUMAN_REVIEW,"중심 수치와 비교 수치가 함께 제시되지만, 두 학력 집단의 독립적인 실업률을 하나의 단일 목표 수치로 구조화해야 하므로 비교 수치의 표준 슬롯 처리가 불충분함",
A02184_15,2,claim_10ced07077608569,claim_f91124a4a8198647,N,True,Y,MATCHED,56,1,1,MISMATCH,AUTO,OUTSIDE_TOLERANCE,AUTO,OUTSIDE_TOLERANCE,
A02184_9,1,claim_7e26ca8b021dc775,claim_ac024e3d51a1b24d,N,True,Y,MATCHED,41,1,1,UNDETERMINED,HOLD,FETCH_FAILED,HOLD,FETCH_FAILED,
A02203_8,1,claim_2b2075bebeb1d97b,claim_fb429e05e1de065b,N,True,N,,0,0,0,,,,HUMAN_REVIEW,CLAIM_UNIT_INCOMPATIBLE,
A02388_5,1,claim_38e68b454935159e,claim_814c0236ce55e386,N,True,Y,MATCHED,20,0,0,UNDETERMINED,HOLD,NO_HARD_GUARD_CANDIDATE,HOLD,NO_HARD_GUARD_CANDIDATE,
A02558_5,1,claim_a4678613610d47a5,claim_dd7f9320985819d8,N,True,Y,MATCHED,1,1,1,MATCH,AUTO,WITHIN_TOLERANCE,AUTO,WITHIN_TOLERANCE,
A02633_4,1,claim_3e98d7f3646f6d9b,claim_57a534979d0230db,N,True,Y,MATCHED,103,1,0,UNDETERMINED,HOLD,AMBIGUOUS_MARGIN,HOLD,AMBIGUOUS_MARGIN,
A02647_11,1,claim_ef7373759319caae,claim_5b07965c5d5da2c5,N,False,N,,0,0,0,,,,HUMAN_REVIEW,MISSING_REQUIRED_SLOTS:time,
A00185_3,1,claim_6b36a4392062740e,claim_72bc5d19e53bd33f,N,True,Y,MATCHED,17,0,0,UNDETERMINED,HOLD,NO_EVIDENCE_COORDINATE_CANDIDATE,HOLD,NO_EVIDENCE_COORDINATE_CANDIDATE,
A00202_23,1,claim_7c98d65c16d08668,claim_137349e074940ffc,N,True,Y,MATCHED,29,1,1,MATCH,AUTO,WITHIN_TOLERANCE,AUTO,WITHIN_TOLERANCE,
A00202_23,2,claim_8aa30da67bf9f7e7,claim_3c71ab735b2e9ee3,N,True,Y,MATCHED,48,1,0,UNDETERMINED,HOLD,AMBIGUOUS_MARGIN,HOLD,AMBIGUOUS_MARGIN,
A00308_1,1,claim_bc12aa8d7b003d87,claim_82522bb53547951f,N,False,N,,0,0,0,,,,HUMAN_REVIEW,"문장에 2024년 2분기, 3분기, 4분기의 서로 독립적으로 검증 가능한 성장률이 여러 개 제시되어 단일 목표 수치로 자동 확정할 수 없음",
A00308_33,1,claim_ebeb8db644a856f1,claim_8787c9e7074e32eb,N,True,Y,MATCHED,20,0,0,UNDETERMINED,HOLD,NO_EVIDENCE_COORDINATE_CANDIDATE,HOLD,NO_EVIDENCE_COORDINATE_CANDIDATE,
A00308_33,2,claim_7a9ee01ab58a69fb,claim_e8df7f2f093f8157,N,True,N,,0,0,0,,,,HUMAN_REVIEW,TARGET_VALUE_NOT_IN_SOURCE_SENTENCE,
A00308_33,3,claim_b771764a1b4cbdfa,claim_371452fd49932398,N,True,Y,MATCHED,20,0,0,UNDETERMINED,HOLD,NO_EVIDENCE_COORDINATE_CANDIDATE,HOLD,NO_EVIDENCE_COORDINATE_CANDIDATE,
A00312_11,1,claim_bca90962953a18c9,A00312_11,Y,,N,,0,0,0,,,,HOLD,KOSIS_CATALOG_UNAVAILABLE,02c3ce642b98
A00312_4,1,claim_306a2c6f47fe05d6,claim_ac0dc3a5ac2f3b18,N,True,N,,0,0,0,,,,HUMAN_REVIEW,CLAIM_CALCULATION_UNSUPPORTED,
A00354_11,1,claim_3177fb06f0656043,claim_a9fdda941f19da78,N,True,N,,0,0,0,,,,HUMAN_REVIEW,MISSING_REQUIRED_SLOTS:comparison,
A00365_2,1,claim_ed030b7903aeff70,claim_3484bd1d51bc0b43,N,True,Y,MATCHED,87,0,0,UNDETERMINED,HOLD,NO_HARD_GUARD_CANDIDATE,HOLD,NO_HARD_GUARD_CANDIDATE,
A00368_5,1,claim_b50c19825fa9649a,claim_dfaa01677ecc363f,N,False,N,,0,0,0,,,,HUMAN_REVIEW,MISSING_REQUIRED_SLOTS:value,
A00368_9,1,claim_0e29ba800703910e,claim_3aff6fbd9177d5e0,N,True,N,,0,0,0,,,,HUMAN_REVIEW,"중심 수치는 전년 동월 대비 0%포인트 변동이지만, 문장 후반에 2013년 9월부터 2016년 10월까지의 증가세와 각 시점의 별도 수치가 함께 제시되어 있어 단일 독립 주장으로 완전히 분리하기 어렵고, 0%포인트 보합을 GROWTH_RATE로 표현할 때 증감 방향 조건도 불명확함.",
A00382_5,1,claim_1ba74e0ac15dc55c,claim_22361451201894d8,N,True,Y,MATCHED,31,0,0,UNDETERMINED,HOLD,NO_EVIDENCE_COORDINATE_CANDIDATE,HOLD,NO_EVIDENCE_COORDINATE_CANDIDATE,
A00433_3,1,claim_863eebfa6f331bc6,A00433_3,Y,,N,,0,0,0,,,,HOLD,KOSIS_CATALOG_UNAVAILABLE,10014e417050
A00509_10,1,claim_244329659d7b2f05,claim_77498fc3ae531d7c,N,True,Y,MATCHED,26,0,0,UNDETERMINED,HOLD,NO_HARD_GUARD_CANDIDATE,HOLD,NO_HARD_GUARD_CANDIDATE,
A00514_8,1,claim_2ca7d994ac25a0f7,claim_bcfe4c355bf627d8,N,True,Y,MATCHED,20,0,0,UNDETERMINED,HOLD,NO_EVIDENCE_COORDINATE_CANDIDATE,HOLD,NO_EVIDENCE_COORDINATE_CANDIDATE,
A00526_14,1,claim_cdacc78d98fd1e6b,claim_288d3aa3d128557f,N,True,Y,MATCHED,120,0,0,UNDETERMINED,HOLD,NO_HARD_GUARD_CANDIDATE,HOLD,NO_HARD_GUARD_CANDIDATE,
A00579_13,1,claim_dccdcb63bdcf78d5,A00579_13,Y,,N,,0,0,0,,,,HOLD,KOSIS_CATALOG_UNAVAILABLE,9de8d52eaf65
A00588_15,1,claim_8641db1ff6d681d4,claim_e0a26d3d58307279,N,False,N,,0,0,0,,,,HUMAN_REVIEW,"문장에 현재 감소 수치와 과거 기준 수치가 함께 제시되지만, '5만2000명이 줄어든'은 기준 수준 대비 감소폭이고 47만3000명은 별도의 과거 감소폭으로 해석될 수 있어 두 수치의 산술적 차이를 단일 값으로 확정하기 어렵습니다.",
A00588_16,1,claim_ab257b776914f0af,claim_f7789dcf0b17574e,N,True,Y,MATCHED,27,0,0,UNDETERMINED,HOLD,NO_EVIDENCE_COORDINATE_CANDIDATE,HOLD,NO_EVIDENCE_COORDINATE_CANDIDATE,
A00588_16,2,claim_cb17ef48bf559cf2,claim_bda51dfc0f4c325d,N,True,Y,MATCHED,71,1,1,UNDETERMINED,HOLD,FETCH_FAILED,HOLD,FETCH_FAILED,
A00588_18,1,claim_15931e21627d8188,claim_1d6b40ff01da626d,N,False,N,,0,0,0,,,,HUMAN_REVIEW,RECORD_COMPARISON_REQUIRES_SEPARATE_CLAIM,
A00692_3,1,claim_b667efa0aa57cc9a,claim_30874d23df711c4b,N,True,Y,MATCHED,3,0,0,UNDETERMINED,HOLD,NO_HARD_GUARD_CANDIDATE,HOLD,NO_HARD_GUARD_CANDIDATE,
A00692_4,1,claim_297f5d4a6be813a9,claim_35ae468fd3fd8221,N,True,Y,MATCHED,47,0,0,UNDETERMINED,HOLD,NO_HARD_GUARD_CANDIDATE,HOLD,NO_HARD_GUARD_CANDIDATE,
A00692_4,2,claim_ecefdae761aa55cb,claim_eccee54d9983f389,N,True,N,,0,0,0,,,,HUMAN_REVIEW,TARGET_VALUE_NOT_IN_SOURCE_SENTENCE,
A00723_14,1,claim_2e73dcbf5b0f952d,claim_a1a9c2951a529a67,N,True,Y,MATCHED,1,1,1,MISMATCH,AUTO,OUTSIDE_TOLERANCE,AUTO,OUTSIDE_TOLERANCE,
A00782_8,1,claim_c2d064bd30f9a76d,claim_aa7f3ffda65e0ac5,N,True,Y,MATCHED,20,0,0,UNDETERMINED,HOLD,NO_HARD_GUARD_CANDIDATE,HOLD,NO_HARD_GUARD_CANDIDATE,
A00782_8,2,claim_7def5eee007790ed,claim_13b22d228fb2d7ae,N,False,N,,0,0,0,,,,HUMAN_REVIEW,MISSING_REQUIRED_SLOTS:comparison,
A00838_3,1,claim_9e3fa367e9e40c46,A00838_3,Y,,N,,0,0,0,,,,HOLD,KOSIS_CATALOG_UNAVAILABLE,24b267c1f0b3
A00922_18,1,claim_a9ec3f04db83dfaf,claim_7eb1db14d2ef93b0,N,True,Y,MATCHED,1,1,1,MISMATCH,AUTO,OUTSIDE_TOLERANCE,AUTO,OUTSIDE_TOLERANCE,
A00922_19,1,claim_2e95b79efb1adf6c,claim_fb510f67f873455c,N,True,Y,MATCHED,17,0,0,UNDETERMINED,HOLD,NO_EVIDENCE_COORDINATE_CANDIDATE,HOLD,NO_EVIDENCE_COORDINATE_CANDIDATE,
A00922_24,1,claim_0c0cca95acd7a481,claim_e604dff2107e7e1e,N,True,Y,MATCHED,1,2,2,MISMATCH,AUTO,OUTSIDE_TOLERANCE,AUTO,OUTSIDE_TOLERANCE,
A00922_8,1,claim_434bd64cde8b9c5b,claim_6871ecf68cf4c7f2,N,True,Y,MATCHED,46,1,0,UNDETERMINED,HOLD,AMBIGUOUS_MARGIN,HOLD,AMBIGUOUS_MARGIN,
A01111_14,1,claim_cd57273d71240241,claim_4c38bce068e469f3,N,True,N,,0,0,0,,,,HUMAN_REVIEW,TARGET_VALUE_NOT_IN_SOURCE_SENTENCE,
A01124_14,1,claim_c140a036c893f263,claim_45d592c73f4b1601,N,True,N,,0,0,0,,,,HUMAN_REVIEW,TARGET_VALUE_NOT_IN_SOURCE_SENTENCE,
A01124_20,1,claim_df23c845fc5e7fa4,claim_35a6d244a2682969,Y,True,N,,0,0,0,,,,HUMAN_REVIEW,TARGET_VALUE_NOT_IN_SOURCE_SENTENCE,
A01124_4,1,claim_62ca8f77d15ed5b4,claim_1a1efb9dae338e13,N,True,N,,0,0,0,,,,HUMAN_REVIEW,MISSING_REQUIRED_SLOTS:comparison,
A01180_3,1,claim_2fd9321a443899ba,claim_c03c899bf349597c,N,True,Y,MATCHED,71,1,2,MISMATCH,AUTO,OUTSIDE_TOLERANCE,AUTO,OUTSIDE_TOLERANCE,
A01180_3,2,claim_1538c404a6786c92,claim_95c250988eb4ef38,N,True,Y,MATCHED,90,1,2,MATCH,AUTO,WITHIN_TOLERANCE,AUTO,WITHIN_TOLERANCE,
A01180_3,3,claim_0343cabcbc0e045a,claim_4aaab47fc083ec5e,N,True,Y,MATCHED,38,0,1,MATCH,AUTO,WITHIN_TOLERANCE,AUTO,WITHIN_TOLERANCE,
A01278_7,1,claim_fd0d4561eadf9399,claim_368ed52c3503daa9,N,True,Y,MATCHED,3,0,0,UNDETERMINED,HOLD,NO_EVIDENCE_COORDINATE_CANDIDATE,HOLD,NO_EVIDENCE_COORDINATE_CANDIDATE,
A01285_1,1,claim_cafe56bb76521bbb,claim_61cd0ae34c857afe,N,True,N,,0,0,0,,,,HUMAN_REVIEW,"중심 수치가 '7% 중반'으로 정확한 단일 수치가 아니며, 10%는 2021년 당시의 역사적 참고값으로 현재 수치와 직접 비교할 수 없음",
A01285_7,1,claim_394eebc6bf25b4a8,claim_fd4e7175639c14c6,N,True,Y,MATCHED,190,1,1,MISMATCH,AUTO,OUTSIDE_TOLERANCE,AUTO,OUTSIDE_TOLERANCE,
A01359_5,1,claim_e14952291591b135,claim_b9c45a8c91180211,N,True,N,,0,0,0,,,,HUMAN_REVIEW,문장에 서로 다른 기간의 증감 수치가 여러 개 포함되어 있어 독립적으로 검증 가능한 단일 주장으로 확정하기 어렵습니다.,
A01359_7,1,claim_bf069e7a5b2482e3,claim_724b3e6de2681b66,N,True,Y,MATCHED,53,0,0,UNDETERMINED,HOLD,NO_HARD_GUARD_CANDIDATE,HOLD,NO_HARD_GUARD_CANDIDATE,
A01385_2,1,claim_ac272991918f1c8e,claim_72c85541d0c9a7f3,N,True,Y,MATCHED,30,1,1,UNDETERMINED,HOLD,AS_OF_UNAVAILABLE,HOLD,AS_OF_UNAVAILABLE,
A01385_5,1,claim_a3d2eacdeae596da,claim_755cd4e2f52b3da2,N,True,Y,MATCHED,29,0,0,UNDETERMINED,HOLD,NO_HARD_GUARD_CANDIDATE,HOLD,NO_HARD_GUARD_CANDIDATE,
A01438_17,1,claim_86c3569ecb965994,claim_6067fc06fab3688b,N,True,N,,0,0,0,,,,HUMAN_REVIEW,"2010년대 수치가 '3%대 초·중반'으로 범위 표현되어 정확한 단일 수치로 확정하기 어렵지만, 중심 수치 3%와 2000년대 초반의 5% 안팎 비교를 보존함",
A01480_2,1,claim_6b5c6fa3d513f214,claim_504f5639b2e81aa0,N,True,Y,MATCHED,21,0,0,UNDETERMINED,HOLD,NO_HARD_GUARD_CANDIDATE,HOLD,NO_HARD_GUARD_CANDIDATE,
A01480_28,1,claim_d3cfc35992f45b90,A01480_28,N,True,N,,0,0,0,,,,HUMAN_REVIEW,GROUPING_AMBIGUOUS,
A01539_13,1,claim_57da797b1c0ab29f,claim_26d6d5bebe45f2af,N,True,Y,MATCHED,21,0,0,UNDETERMINED,HOLD,NO_EVIDENCE_COORDINATE_CANDIDATE,HOLD,NO_EVIDENCE_COORDINATE_CANDIDATE,
A01709_28,1,claim_a2739266c650400b,claim_26d4e03368067f88,N,False,N,,0,0,0,,,,HUMAN_REVIEW,금액이 무엇을 나타내는지에 해당하는 핵심 지표명이나 대상이 문장에 명시되지 않아 식별할 수 없음,
A01733_8,1,claim_f57dc283be4ddd65,claim_87d216d8fb3e7c2c,N,False,N,,0,0,0,,,,HUMAN_REVIEW,문장에 상품 수출 -0.4%와 상품 수입 0%라는 서로 독립적으로 검증 가능한 수치가 함께 제시되어 단일 Claim으로 자동 확정할 수 없음,
A01733_8,2,claim_5a77a353ce8f1a1d,claim_2edafae068c6bb74,N,True,N,,0,0,0,,,,HUMAN_REVIEW,문장에 상품 수출 -0.4%와 상품 수입 0%라는 서로 독립적으로 검증 가능한 두 수치가 함께 제시되어 단일 Claim으로 확정하기 어렵습니다.,
A01737_13,1,claim_073063a70545bd72,claim_8d4f4f77e400f80f,N,True,Y,MATCHED,49,1,0,UNDETERMINED,HOLD,AMBIGUOUS_MARGIN,HOLD,AMBIGUOUS_MARGIN,
A01737_15,1,claim_818db34e5f32e0ef,claim_636c78029fc5810e,N,True,Y,MATCHED,1,1,1,MISMATCH,AUTO,OUTSIDE_TOLERANCE,AUTO,OUTSIDE_TOLERANCE,
A01737_17,1,claim_62e42f605baac6f3,claim_d26d225b41b1c238,N,True,N,,0,0,0,,,,HUMAN_REVIEW,"현재 감소폭 15만명과 2024년 12월 감소폭 15만7000명이 함께 제시되지만, 문장상 현재 수치의 정확한 기준월 및 두 수치의 비교 방식이 명확하지 않아 차이값 산출을 확정하기 어렵습니다.",
A01737_9,1,claim_4e8f4bec36b92b41,claim_4bce14bbe0adf81f,N,True,Y,MATCHED,71,1,1,MATCH,AUTO,WITHIN_TOLERANCE,AUTO,WITHIN_TOLERANCE,
A01752_6,1,claim_66c1ec8aa7348fbb,claim_5b7ca7d27466d615,Y,True,Y,MATCHED,40,0,0,UNDETERMINED,HOLD,NO_HARD_GUARD_CANDIDATE,HOLD,NO_HARD_GUARD_CANDIDATE,
A01902_19,1,claim_cdf734b0f70fc46c,claim_37f1c6b3c0d1a4e0,N,True,Y,MATCHED,58,1,1,MATCH,AUTO,WITHIN_TOLERANCE,AUTO,WITHIN_TOLERANCE,
A01953_7,1,claim_b0c618819d2bd081,claim_6a89c1041a779b2a,N,True,Y,MATCHED,51,0,0,UNDETERMINED,HOLD,NO_HARD_GUARD_CANDIDATE,HOLD,NO_HARD_GUARD_CANDIDATE,
A01989_15,1,claim_7ad81eaa7dd92bd5,claim_3bd1c5941bc2b910,N,True,N,,0,0,0,,,,HUMAN_REVIEW,TARGET_VALUE_NOT_IN_SOURCE_SENTENCE,
A02022_18,1,claim_25cfeacda22c0d95,claim_e4e48fddac0d4b1b,N,True,N,,0,0,0,,,,HUMAN_REVIEW,"중심 수치는 2000년 대비 2023년의 증가 폭으로 명확하지만, DIFFERENCE 산출에 필요한 비교 대상의 현재값과 기준값이 기사에 제시되지 않았습니다.",
A02022_18,2,claim_cc17969f6e1ae43c,claim_c0516bdba161e2ef,N,True,Y,MATCHED,20,0,0,UNDETERMINED,HOLD,NO_HARD_GUARD_CANDIDATE,HOLD,NO_HARD_GUARD_CANDIDATE,
A02022_18,3,claim_eb64c1ce7e5abde3,claim_730655d0099fd435,N,True,Y,MATCHED,20,0,0,UNDETERMINED,HOLD,NO_HARD_GUARD_CANDIDATE,HOLD,NO_HARD_GUARD_CANDIDATE,
A02096_15,1,claim_ff5fabf31d5ab7af,claim_bf5947ad7f089192,N,True,Y,MATCHED,29,1,0,UNDETERMINED,HOLD,AMBIGUOUS_MARGIN,HOLD,AMBIGUOUS_MARGIN,
A02258_26,1,claim_33a229c35a60058a,claim_e1a0d5ced57d6fe1,N,True,Y,MATCHED,16,0,0,UNDETERMINED,HOLD,NO_HARD_GUARD_CANDIDATE,HOLD,NO_HARD_GUARD_CANDIDATE,
A02258_26,2,claim_e47aaef210fa561d,claim_93ff1a329a3eb46a,N,True,Y,MATCHED,20,0,0,UNDETERMINED,HOLD,NO_EVIDENCE_COORDINATE_CANDIDATE,HOLD,NO_EVIDENCE_COORDINATE_CANDIDATE,
A02491_9,1,claim_bb8893be2f45fc0c,claim_f0617a257a35b445,N,False,N,,0,0,0,,,,HUMAN_REVIEW,MISSING_REQUIRED_SLOTS:time,
A02558_11,1,claim_3375a461ad29e545,claim_0afa992068d26d10,N,True,Y,MATCHED,1,0,0,UNDETERMINED,HOLD,NO_HARD_GUARD_CANDIDATE,HOLD,NO_HARD_GUARD_CANDIDATE,
A02558_17,1,claim_1c76179ada4cb22c,claim_c4c268daa38cdb93,N,True,Y,MATCHED,40,1,1,MATCH,AUTO,WITHIN_TOLERANCE,AUTO,WITHIN_TOLERANCE,
A02558_9,1,claim_a39c95dc02922b4e,claim_16812d69649466fc,N,True,Y,MATCHED,59,0,0,UNDETERMINED,HOLD,NO_HARD_GUARD_CANDIDATE,HOLD,NO_HARD_GUARD_CANDIDATE,
A02617_1,1,claim_caffc15c364b5650,claim_6bc03d41a1248571,N,True,N,,0,0,0,,,,HUMAN_REVIEW,CLAIM_UNIT_INCOMPATIBLE,
A02617_13,1,claim_f9783093e8adb96f,claim_8f09c235a74feec3,N,True,N,,0,0,0,,,,HUMAN_REVIEW,TARGET_VALUE_NOT_IN_SOURCE_SENTENCE,
A02617_2,1,claim_9560077fad71b3bd,claim_a3a6bdc0048e339a,N,True,N,,0,0,0,,,,HUMAN_REVIEW,TARGET_VALUE_NOT_IN_SOURCE_SENTENCE,
A02639_9,1,claim_286523591d1812ba,claim_f16f1763abf45e37,N,True,N,,0,0,0,,,,HUMAN_REVIEW,문장에 전체 취업자 수 30만명 초과 증가와 청년층 취업자 14만6000명 감소라는 독립적으로 검증 가능한 수치가 함께 있어 단일 주장으로 확정할 수 없음,
A02639_9,2,claim_87a0a69c11d078df,claim_97d8e15f3d42614b,N,True,Y,MATCHED,58,0,0,UNDETERMINED,HOLD,NO_HARD_GUARD_CANDIDATE,HOLD,NO_HARD_GUARD_CANDIDATE,
A02647_16,1,claim_cce2f043f3f0e786,claim_895722400759c5dc,N,True,N,,0,0,0,,,,HUMAN_REVIEW,문장에 산업별로 서로 독립적으로 검증 가능한 증감 수치가 여러 개 포함되어 있어 단일 Claim으로 확정하지 않음,
A02647_16,2,claim_1e5abe391f401136,claim_2f67a446e43dfcac,N,False,N,,0,0,0,,,,HUMAN_REVIEW,"운수창고업의 전년 동월 대비 증가 폭은 명확하지만, 기사에 현재 대상 월이 명시되지 않아 claim target time을 특정할 수 없음",
A02647_16,3,claim_aeeb92d4dbf7ecbe,claim_ea6f20387f305493,N,False,N,,0,0,0,,,,HUMAN_REVIEW,MISSING_REQUIRED_SLOTS:time,
A02647_16,4,claim_436737e71f32332e,claim_4bbdfb78e0e9bc51,N,False,N,,0,0,0,,,,HUMAN_REVIEW,TARGET_VALUE_NOT_IN_SOURCE_SENTENCE,
A02647_16,5,claim_1a9d299ec820391d,claim_343b1d5d815011f5,N,False,N,,0,0,0,,,,HUMAN_REVIEW,MISSING_REQUIRED_SLOTS:time,
A02647_16,6,claim_a9cd647f8f432a76,claim_0f6be789ae6f32f7,N,True,N,,0,0,0,,,,HUMAN_REVIEW,증감 폭은 명시됐지만 DIFFERENCE 계산에 필요한 비교 대상의 현재값과 기준값이 본문에 함께 제시되지 않았습니다.,
A02656_11,1,claim_77d082f066b6baca,claim_4a2543f559e17b12,N,True,N,,0,0,0,,,,HUMAN_REVIEW,전체 취업자 수 증가 31만2000명과 보건업 및 사회복지 서비스업 증가 30만4000명이라는 서로 독립적으로 검증 가능한 두 수치가 한 문장에 함께 제시되어 단일 목표로 안전하게 구조화할 수 없음,
A02656_11,2,claim_0598cfbf089129e4,claim_f5e9fab7fb6114fd,N,True,Y,MATCHED,144,1,1,UNDETERMINED,HOLD,AS_OF_UNAVAILABLE,HOLD,AS_OF_UNAVAILABLE,
A02676_2,1,claim_458626b3c2ac75f4,claim_03be2345907af4ba,N,True,Y,MATCHED,41,2,2,MISMATCH,AUTO,OUTSIDE_TOLERANCE,AUTO,OUTSIDE_TOLERANCE,
A02680_2,1,claim_ce14765a78a0675e,claim_b3bf1ec21d974548,N,True,Y,MATCHED,39,0,0,UNDETERMINED,HOLD,NO_HARD_GUARD_CANDIDATE,HOLD,NO_HARD_GUARD_CANDIDATE,
A02693_1,1,claim_895086a7aef29aea,claim_cb80d8d21331fecb,N,True,N,,0,0,0,,,,HUMAN_REVIEW,"실업률 수치가 정확한 단일 값이 아니라 ‘3%대 중후반대’에서 ‘2% 중후반대’로 제시된 범위 표현이며, 청년층의 구직 포기가 원인이라는 분석적 인과 주장과 전체 실업률의 대상 범위가 명확히 분리되지 않아 자동 확정할 수 없음.",
A00006_11,1,claim_0236b22fed29bb35,claim_c4e31a389c724302,N,True,Y,MATCHED,90,0,0,UNDETERMINED,HOLD,NO_HARD_GUARD_CANDIDATE,HOLD,NO_HARD_GUARD_CANDIDATE,
A00006_9,1,claim_d4c994a8c934e1ea,claim_3bc72836a91c2029,N,True,N,,0,0,0,,,,HUMAN_REVIEW,TARGET_VALUE_NOT_IN_SOURCE_SENTENCE,
A00448_30,1,claim_d3a1c934d4618faa,claim_611c1b53449b79fa,N,False,N,,0,0,0,,,,HUMAN_REVIEW,MISSING_REQUIRED_SLOTS:comparison,
A00448_30,2,claim_dea3368115b33b3c,claim_55937dab1cdc8ec0,N,False,N,,0,0,0,,,,HUMAN_REVIEW,TARGET_VALUE_NOT_IN_SOURCE_SENTENCE,
A00579_10,1,claim_1a7d6adb20b87d41,claim_158f2fecc3c9dc11,N,False,N,,0,0,0,,,,HUMAN_REVIEW,"목표값 9.6%의 기준 시점과 지역이 본문에 명시되지 않았으며, 전년 동월 대비 0.2%포인트 상승은 별도 변화 정보로 직접 보강할 수 없음",
A00760_3,1,claim_31c94718f1438b78,claim_200c907a93fc6a89,N,False,N,,0,0,0,,,,HUMAN_REVIEW,"두 개의 독립적인 지정 기준(상호출자제한 기업집단과 공시대상 기업집단)이 한 문장에 함께 제시되어 있으며, 중심 수치 0.5%와 동등값 10조4000억원의 기준 시점도 명확히 특정되지 않음",
A00760_3,2,claim_ee0939117abd240b,claim_bea6a1b55892b415,N,False,N,,0,0,0,,,,HUMAN_REVIEW,MISSING_REQUIRED_SLOTS:time,
A00838_16,1,claim_9920c7655d0c47ba,claim_b61194af45ca5334,N,True,Y,MATCHED,57,0,0,UNDETERMINED,HOLD,NO_EVIDENCE_COORDINATE_CANDIDATE,HOLD,NO_EVIDENCE_COORDINATE_CANDIDATE,
A00838_16,2,claim_03c2ca34c7640b9a,claim_6a47264a5c7f78dc,N,True,Y,MATCHED,3,0,0,UNDETERMINED,HOLD,NO_EVIDENCE_COORDINATE_CANDIDATE,HOLD,NO_EVIDENCE_COORDINATE_CANDIDATE,
A00899_16,1,claim_68c33076eb9ca41b,claim_483c4c18883b6c3c,N,False,N,,0,0,0,,,,HUMAN_REVIEW,"중심 수치 315만대와 기준 수치 466만대의 관계 및 목표 시점이 문장상 모호하며, 2012~2015년의 450만대 초과라는 별도 수치도 포함되어 단일 수치 주장으로 확정하기 어렵습니다.",
A00922_4,1,claim_d1831985171d074b,claim_173b6b4b3d377e01,N,True,Y,MATCHED,1,1,1,MATCH,AUTO,WITHIN_TOLERANCE,AUTO,WITHIN_TOLERANCE,
A01120_8,1,claim_41e97b8114d45aa9,claim_d4ee8db273c04719,Y,False,N,,0,0,0,,,,HUMAN_REVIEW,MISSING_REQUIRED_SLOTS:value,
A01254_41,1,claim_c320d346f775fb73,claim_99c79019265ad146,N,True,N,,0,0,0,,,,HUMAN_REVIEW,TARGET_VALUE_NOT_IN_SOURCE_SENTENCE,
A01359_11,1,claim_684717a9dff80dbe,claim_e6a2d63420eeb351,Y,True,Y,MATCHED,1,2,2,MISMATCH,AUTO,OUTSIDE_TOLERANCE,AUTO,OUTSIDE_TOLERANCE,
A01359_11,2,claim_02e1b41a3567d8fd,claim_aa7f3758b442da19,Y,True,Y,MATCHED,28,0,0,UNDETERMINED,HOLD,NO_EVIDENCE_COORDINATE_CANDIDATE,HOLD,NO_EVIDENCE_COORDINATE_CANDIDATE,
A01385_9,1,claim_b0906dac5f36226d,claim_bddf117ff4944533,N,True,Y,MATCHED,20,0,0,UNDETERMINED,HOLD,NO_HARD_GUARD_CANDIDATE,HOLD,NO_HARD_GUARD_CANDIDATE,
A01410_2,1,claim_e9cc4c0de10264a9,claim_09245ab2b0d9a7de,N,True,Y,MATCHED,1,0,0,UNDETERMINED,HOLD,NO_HARD_GUARD_CANDIDATE,HOLD,NO_HARD_GUARD_CANDIDATE,
A01455_3,1,claim_4291d1730dda01c1,claim_c9ea8fa80e006171,N,True,Y,MATCHED,3,0,0,UNDETERMINED,HOLD,NO_HARD_GUARD_CANDIDATE,HOLD,NO_HARD_GUARD_CANDIDATE,
A01528_6,1,claim_70931b90f2bda6d9,claim_d494d932277e2fdd,N,True,Y,MATCHED,30,0,0,UNDETERMINED,HOLD,NO_HARD_GUARD_CANDIDATE,HOLD,NO_HARD_GUARD_CANDIDATE,
A01578_9,1,claim_08456a7c943ec326,A01578_9,Y,,N,,0,0,0,,,,HOLD,KOSIS_CATALOG_UNAVAILABLE,d318661c493b
A01737_8,1,claim_00c144bd33e7cd64,claim_e7b9cdf3450fe119,N,True,Y,MATCHED,42,1,1,MATCH,AUTO,WITHIN_TOLERANCE,AUTO,WITHIN_TOLERANCE,
A01903_6,1,claim_98c3281f01004e9b,claim_27a87ed1e06cdf7b,N,True,N,,0,0,0,,,,HUMAN_REVIEW,중심 수치가 70~80만원의 범위로 제시되어 단일 value 슬롯으로 정확히 표현할 수 없음,
A01903_6,2,claim_b6c72f6e012abc65,claim_8addbd2b685e96f1,N,True,N,,0,0,0,,,,HUMAN_REVIEW,TARGET_VALUE_NOT_IN_SOURCE_SENTENCE,
A02096_4,1,claim_943744404abe7136,claim_cb1a71ad45839bbe,N,True,N,,0,0,0,,,,HUMAN_REVIEW,"문장에 전체 취업자 증가(20만명 이상, 26만명 초과)와 산업별 증가 수치가 함께 제시되어 중심 수치와 대상이 불명확하며, +23만3000명은 증가율이 아닌 증감 인원이다.",
A02096_4,2,claim_fa19ceab8ee55f8f,claim_d581ce107aa6745d,N,False,N,,0,0,0,,,,HUMAN_REVIEW,"문장에 여러 산업별 증감 수치와 전체 취업자 증가 수치가 함께 제시되어 있으며, 중심 수치(+7만2000명)는 금융·보험업 취업자 증가를 의미하지만 목표 시점이 직접 명시되지 않아 단일 수치 주장으로 확정하기 어렵습니다.",
A02096_4,3,claim_f0965ec621cb18bf,claim_9c05fc19a7a51fa1,N,True,Y,MATCHED,1,0,0,UNDETERMINED,HOLD,NO_HARD_GUARD_CANDIDATE,HOLD,NO_HARD_GUARD_CANDIDATE,
A02202_2,1,claim_333ff0cee64de91c,claim_5d081357e9bb2bba,N,False,N,,0,0,0,,,,HUMAN_REVIEW,MISSING_REQUIRED_SLOTS:value,
A02408_12,1,claim_aded0b5b4546dad5,claim_a02361de57627edd,N,False,N,,0,0,0,,,,HUMAN_REVIEW,TARGET_VALUE_NOT_IN_SOURCE_SENTENCE,
A02558_14,1,claim_e348805be97e11ca,claim_7cd461379c901a51,N,True,Y,MATCHED,1,1,1,MISMATCH,AUTO,OUTSIDE_TOLERANCE,AUTO,OUTSIDE_TOLERANCE,
A02633_1,1,claim_7b55f3e73ce1d42b,claim_76b44716e27528a7,N,True,Y,MATCHED,1,1,1,UNDETERMINED,HOLD,AS_OF_UNAVAILABLE,HOLD,AS_OF_UNAVAILABLE,
A02633_1,2,claim_3d0d7ba0d342cda2,claim_e59e40ce1c6d47c5,N,True,Y,MATCHED,58,0,0,UNDETERMINED,HOLD,NO_EVIDENCE_COORDINATE_CANDIDATE,HOLD,NO_EVIDENCE_COORDINATE_CANDIDATE,
A00298_5,1,claim_fb9e92ff9d4f13b1,claim_bce0dc835b28a5c4,N,True,Y,MATCHED,20,0,0,UNDETERMINED,HOLD,NO_EVIDENCE_COORDINATE_CANDIDATE,HOLD,NO_EVIDENCE_COORDINATE_CANDIDATE,
A00298_5,2,claim_cd75986443ad870d,claim_ea09d2a2a179b29f,N,True,Y,MATCHED,25,0,0,UNDETERMINED,HOLD,NO_EVIDENCE_COORDINATE_CANDIDATE,HOLD,NO_EVIDENCE_COORDINATE_CANDIDATE,
A00353_3,1,claim_b256cf2d4da2d9f2,claim_d8aab055599de580,N,True,Y,MATCHED,20,0,0,UNDETERMINED,HOLD,NO_HARD_GUARD_CANDIDATE,HOLD,NO_HARD_GUARD_CANDIDATE,
A00922_28,1,claim_f689f1f34198c03e,claim_dc344519cf343d6e,N,True,Y,MATCHED,4,0,0,UNDETERMINED,HOLD,NO_HARD_GUARD_CANDIDATE,HOLD,NO_HARD_GUARD_CANDIDATE,
A00922_28,2,claim_96614fe09c5bf982,claim_4bf480e26b5a299b,N,True,Y,MATCHED,4,0,0,UNDETERMINED,HOLD,NO_HARD_GUARD_CANDIDATE,HOLD,NO_HARD_GUARD_CANDIDATE,
A01190_5,1,claim_8553de442b750f6e,claim_9075cfd6004047ac,Y,True,Y,MATCHED,21,0,0,UNDETERMINED,HOLD,NO_EVIDENCE_COORDINATE_CANDIDATE,HOLD,NO_EVIDENCE_COORDINATE_CANDIDATE,
A01359_1,1,claim_9fbee7dde0b5465f,claim_d0d843a4ef0e013b,N,True,Y,MATCHED,89,0,0,UNDETERMINED,HOLD,NO_HARD_GUARD_CANDIDATE,HOLD,NO_HARD_GUARD_CANDIDATE,
A01438_11,1,claim_dfd74ad18e3b6387,claim_cbb98fe0e6215f38,N,True,N,,0,0,0,,,,HUMAN_REVIEW,"세 번째 분기의 성장률이 1~2% 범위로 제시되어 단일 수치 2%로 확정할 수 없고, 성장률 비교 기준(전년·전분기·전분기 등)이 명시되지 않았습니다.",
A01480_8,1,claim_ec3f120db14ef8f3,claim_1616eebaef5f61a5,Y,True,N,,0,0,0,,,,HUMAN_REVIEW,"두 위기 시점에 대한 복수의 사례와 ‘2개 분기 연속 0.1% 미만’ 및 이후 ‘1~2% 성장’이라는 별도의 수치 주장이 함께 있어 단일 수치 주장으로 확정하기 어렵고, 비교값도 범위로 제시됨",
A01496_11,1,claim_1a7a957778710217,claim_a1d5e6cb1fdf1d15,N,True,Y,MATCHED,20,0,0,UNDETERMINED,HOLD,NO_EVIDENCE_COORDINATE_CANDIDATE,HOLD,NO_EVIDENCE_COORDINATE_CANDIDATE,
A01496_11,2,claim_89a0c41df55aaf39,claim_62060329cf8c15da,N,True,Y,MATCHED,20,0,0,UNDETERMINED,HOLD,NO_HARD_GUARD_CANDIDATE,HOLD,NO_HARD_GUARD_CANDIDATE,
A01584_4,1,claim_7e7c3ca7eabeece5,claim_27be6934024f48a0,N,True,N,,0,0,0,,,,HUMAN_REVIEW,4월의 정확한 상승률은 제시되지 않고 '2%대'라는 범위만 제시되어 정확한 단일 수치로 확정할 수 없음,
A01798_9,1,claim_68f111412bb9df44,claim_0eb186dd34d5df90,N,True,Y,MATCHED,26,0,0,UNDETERMINED,HOLD,NO_HARD_GUARD_CANDIDATE,HOLD,NO_HARD_GUARD_CANDIDATE,
A01822_6,1,claim_c598b89c89778fed,claim_a9d6692d8fea8e61,N,True,Y,MATCHED,20,0,0,UNDETERMINED,HOLD,NO_HARD_GUARD_CANDIDATE,HOLD,NO_HARD_GUARD_CANDIDATE,
A01822_6,2,claim_787afd300967bdcd,claim_451bc541ab706239,N,True,Y,MATCHED,20,0,0,UNDETERMINED,HOLD,NO_HARD_GUARD_CANDIDATE,HOLD,NO_HARD_GUARD_CANDIDATE,
A01924_3,1,claim_158a2ebc43efac19,claim_fb93f602e4322096,N,True,Y,MATCHED,1,1,1,UNDETERMINED,HOLD,AS_OF_UNAVAILABLE,HOLD,AS_OF_UNAVAILABLE,
A02203_5,1,claim_4e7f395f77940f8f,claim_67e35ebf463b80f1,N,True,Y,MATCHED,3,0,0,UNDETERMINED,HOLD,NO_HARD_GUARD_CANDIDATE,HOLD,NO_HARD_GUARD_CANDIDATE,
A02416_14,1,claim_e42477f5b7337259,claim_0581222d1aa03b70,N,False,N,,0,0,0,,,,HUMAN_REVIEW,MISSING_REQUIRED_SLOTS:value,
A02416_14,2,claim_e75b33b999a6ab2e,claim_a752924d395e3a38,N,True,N,,0,0,0,,,,HUMAN_REVIEW,"0.1~0.2%포인트 범위의 상단값을 중심 수치로 추출했으나, 단일 수치가 아닌 범위이며 추경의 성장률 상승 폭에 대한 전망성 표현임",
A02450_11,1,claim_62cd1da8054dc35c,claim_0f18c1b9c8850d31,N,True,N,,0,0,0,,,,HUMAN_REVIEW,"중심 수치가 0.1~0.15%포인트 범위의 상한값으로 제시되어 단일 확정값이 아니며, 약 1년 뒤의 시차가 상대적으로 표현됨",
A02633_6,1,claim_23417092da19f631,A02633_6,N,True,N,,0,0,0,,,,HUMAN_REVIEW,GROUPING_AMBIGUOUS,
A02656_3,1,claim_0bafd23fce09c84d,claim_7c281324399fd5b4,N,True,Y,MATCHED,1,1,1,UNDETERMINED,HOLD,AS_OF_UNAVAILABLE,HOLD,AS_OF_UNAVAILABLE,
A01455_7,1,claim_9db81e638a810385,claim_54a2dc00f397fee2,N,True,N,,0,0,0,,,,HUMAN_REVIEW,TARGET_VALUE_NOT_IN_SOURCE_SENTENCE,
A01947_22,1,claim_c7cdbd6b0386dfbf,claim_b5454d25402b3701,N,True,N,,0,0,0,,,,HUMAN_REVIEW,TARGET_VALUE_NOT_IN_SOURCE_SENTENCE,
A02099_6,1,claim_22d76b35abe5866e,claim_bf260dae05262f04,N,True,Y,MATCHED,87,0,0,UNDETERMINED,HOLD,NO_HARD_GUARD_CANDIDATE,HOLD,NO_HARD_GUARD_CANDIDATE,
A00185_6,1,claim_efe06326549a5d8e,claim_d865b4fa1dcf8ada,N,True,Y,MATCHED,40,0,0,UNDETERMINED,HOLD,NO_HARD_GUARD_CANDIDATE,HOLD,NO_HARD_GUARD_CANDIDATE,
A00202_17,1,claim_3eb4ac7b277a7603,claim_05e35f37e130be46,N,False,N,,0,0,0,,,,HUMAN_REVIEW,"문장에 일용직과 임시직의 서로 독립적으로 검증 가능한 두 감소 수치가 함께 제시되어 있으며, 차이값 산출에 필요한 현재값과 기준값이 명시되지 않음",
A00202_17,2,claim_cc2447a34ad67b80,claim_ab9a0dc2b2b44212,N,False,N,,0,0,0,,,,HUMAN_REVIEW,감소 규모와 대상은 명확하지만 기준 시점과 지역이 본문에 stated되지 않음,
A00621_5,1,claim_67d855f110aaaca9,claim_7b292cef4a1d724a,N,False,N,,0,0,0,,,,HUMAN_REVIEW,MISSING_REQUIRED_SLOTS:time,
A00922_9,1,claim_f22875b11c312f80,claim_a53a99ef7f4c9e8e,N,False,N,,0,0,0,,,,HUMAN_REVIEW,MISSING_REQUIRED_SLOTS:time,
A01285_13,1,claim_c0c1977ae456166d,claim_bbcc1e4c668b3946,N,False,N,,0,0,0,,,,HUMAN_REVIEW,MISSING_REQUIRED_SLOTS:time,
A01285_13,2,claim_692f628c7ee1e26e,claim_0c23f0b7b1606147,N,False,N,,0,0,0,,,,HUMAN_REVIEW,MISSING_REQUIRED_SLOTS:time,
