Claim번호,검증집합,원문,기존실패사유,검색지표,측정종류,기사값,단위,기준시점,주기,지역,대상집단,차원조건JSON,검색어JSON,명세준비상태,명세차단사유,파생Claim수,통계개념연결상태,공식통계표검색상태,KOSIS구조정보상태,필수조건검사상태,후보의미비교상태,근거좌표확정상태,공식값조회상태,최종판정단계상태,통계표후보수,근거좌표수,공식값수,공식근거수,최종경로,최종판정,최종사유,최종실패단계,엄격공식판정완료,공식근거URL,공식응답해시
A00067_3,RULE_DISCOVERY,한국수입자동차협회(KAIDA)는 6일 지난해 수입 승용차 신규 등록 대수를 집계한 결과 테슬라 모델 Y가 지난해 모두 1만8717대가 팔리며 수입 승용차 가운데 최고 인기 모델로 꼽혔다고 밝혔다.,KOSIS_CATALOG_UNAVAILABLE,수입 승용차 신규 등록 대수,QUANTITY,18717.0,대,2024,년,전국,,"{""품목"": [""자동차""]}","[""수입 승용차 신규 등록 대수"", ""자동차"", ""전국""]",COORDINATE_READY,,1,미도달,미도달,미도달,미도달,미도달,미도달,미도달,미도달,0,0,0,0,HOLD,,KOSIS_CATALOG_UNAVAILABLE,최종 판정,N,,
A00070_8,INTERMEDIATE_VALIDATION,7년 전인 2018년까지만 해도 대중 수출액과 대미 수출액 간 격차는 894억500만달러에 달했다.,FETCH_FAILED,수출액,CURRENCY,89405000000.0,달러,2018,년,,,"{""교역상대국"": [""미국""]}","[""수출액"", ""미국""]",COORDINATE_READY,,1,PASS,PASS,PASS,PASS,PASS,PASS,HOLD,미도달,0,1,0,1,HOLD,UNDETERMINED,AS_OF_UNAVAILABLE,공식값 조회,N,https://kosis.kr/openapi/Param/statisticsParameterData.do?method=getList&orgId=360&tblId=DT_1R11006_FRM101&itmId=13103103829T1&prdSe=Y&startPrdDe=2018&endPrdDe=2018&objL1=13102103829E.US,4d960f0bb0fecbe7b06d47e2d989adfded5668c841c05957fca846d74cea5fde
A00268_14,RULE_DISCOVERY,무역 수지도 518억 달러 흑자로 2021년 이후 3년 만에 흑자로 돌아섰다.,LOW_SEMANTIC_SCORE,무역수지,CURRENCY,51800000000.0,달러,2021,년,,,{},"[""무역수지""]",COORDINATE_READY,,1,미도달,미도달,미도달,미도달,미도달,미도달,미도달,미도달,0,0,0,0,HUMAN_REVIEW,,CONTEXT_TARGET_UNRESOLVED,최종 판정,N,,
A00279_23,RULE_DISCOVERY,"행정안전부는 2024년 주민등록 인구통계를 분석한 결과, 출생자 수가 24만2334명으로 202... 김희래 기자 법무부, 검찰, 고위공직자범죄수사처를 취재합니다.",FETCH_FAILED,총인구,PERSON,242334.0,명,2024,년,,,{},"[""총인구""]",COORDINATE_READY,,1,PASS,PASS,PASS,PASS,PASS,PASS,HOLD,미도달,0,1,0,1,HOLD,UNDETERMINED,AS_OF_UNAVAILABLE,공식값 조회,N,https://kosis.kr/openapi/Param/statisticsParameterData.do?method=getList&orgId=101&tblId=DT_1B8000G&itmId=T1&prdSe=Y&startPrdDe=2024&endPrdDe=2024&objL1=00&objL2=10,8b108c178cc52a5182d9c572527f7727086fc0df8d9128ad021c30906237b37a
A00279_9,RULE_DISCOVERY,12월까지 같은 추세가 이어질 경우 작년 한해 출생아 수는 2023년(23만28명) 수준을 넘어서 2015년 이후 9년 만에 출생아 수가 반등하게 된다.,AS_OF_UNAVAILABLE,출생아 수,PERSON,230028.0,명,2024년 12월,월,,,{},"[""출생아 수""]",COORDINATE_READY,,1,PASS,PASS,PASS,PASS,PASS,PASS,HOLD,미도달,0,1,0,1,HOLD,UNDETERMINED,AS_OF_UNAVAILABLE,공식값 조회,N,https://kosis.kr/openapi/Param/statisticsParameterData.do?method=getList&orgId=101&tblId=DT_1B8000G&itmId=T1&prdSe=M&startPrdDe=202412&endPrdDe=202412&objL1=00&objL2=10,9ae2de81230e5c48da9c6fbfd711fce2807f95dd4729337a234e4022149eb0fa
A00292_6,RULE_DISCOVERY,"통계청의 연간 통계는 아직 나오기 전이지만, 지난 3일 행정안전부의 주민등록 인구 통계에 따르면 작년 출생아 수는 24만2334명으로 9년 만에 처음으로 증가했다.",AS_OF_UNAVAILABLE,출생아 수,PERSON,242334.0,명,2024,년,,,{},"[""출생아 수""]",COORDINATE_READY,,1,PASS,PASS,PASS,PASS,PASS,PASS,HOLD,미도달,0,1,0,1,HOLD,UNDETERMINED,AS_OF_UNAVAILABLE,공식값 조회,N,https://kosis.kr/openapi/Param/statisticsParameterData.do?method=getList&orgId=101&tblId=DT_1B8000G&itmId=T1&prdSe=Y&startPrdDe=2024&endPrdDe=2024&objL1=00&objL2=10,8b108c178cc52a5182d9c572527f7727086fc0df8d9128ad021c30906237b37a
A00347_47,RULE_DISCOVERY,"2009년 금융 위기를 겪은 후 금융 위기로 발생한 국채를 2011년부터 축소시키고 있고, 2016년부터는 연간 신규국채 발행이 최대 GDP의 0.35%를 초과하지 못하도록 했다.",INDICATOR_MEASURE_FAMILY_AMBIGUOUS,경제성장률,RATE,0.35,%,2009,년,,,{},"[""경제성장률""]",COORDINATE_READY,,1,PASS,PASS,PASS,PASS,HOLD,HOLD,미도달,미도달,0,1,0,0,HOLD,UNDETERMINED,AMBIGUOUS_MARGIN,후보 의미 비교,N,,
A00353_11,INTERMEDIATE_VALIDATION,지난해부터 8000만원 이상 법인차에 연두색 표지판을 부착하게 한 것도 고가 수입차 판매 감소를 이끈 요인으로 꼽힌다.,NO_EVIDENCE_COORDINATE_CANDIDATE,수입액,CURRENCY,80000000.0,원,2024,년,,,{},"[""수입액""]",COORDINATE_READY,,1,PASS,PASS,PASS,HOLD,미도달,미도달,미도달,미도달,0,0,0,0,HOLD,UNDETERMINED,NO_EVIDENCE_COORDINATE_CANDIDATE,필수 조건 검사,N,,
A00489_18,INTERMEDIATE_VALIDATION,이미 1월 무역수지는 18억9000만달러의 적자로 돌아섰다.,NO_EVIDENCE_COORDINATE_CANDIDATE,무역수지,CURRENCY,-1890000000.0,달러,2025년 1월,월,,,{},"[""무역수지""]",COORDINATE_READY,,1,PASS,PASS,PASS,HOLD,미도달,미도달,미도달,미도달,0,0,0,0,HOLD,UNDETERMINED,NO_EVIDENCE_COORDINATE_CANDIDATE,필수 조건 검사,N,,
A00658_11,RULE_DISCOVERY,작년 수입액은 1조3600억원어치 정도다.,NO_EVIDENCE_COORDINATE_CANDIDATE,수입액,CURRENCY,1360000000000.0,원,2024,년,,,{},"[""수입액""]",COORDINATE_READY,,1,PASS,PASS,PASS,HOLD,미도달,미도달,미도달,미도달,0,0,0,0,HOLD,UNDETERMINED,NO_EVIDENCE_COORDINATE_CANDIDATE,필수 조건 검사,N,,
A00672_9,RULE_DISCOVERY,작년 수입액은 1조3600억원어치 정도다.,NO_EVIDENCE_COORDINATE_CANDIDATE,수입액,CURRENCY,1360000000000.0,원,2024,년,,,{},"[""수입액""]",COORDINATE_READY,,1,PASS,PASS,PASS,HOLD,미도달,미도달,미도달,미도달,0,0,0,0,HOLD,UNDETERMINED,NO_EVIDENCE_COORDINATE_CANDIDATE,필수 조건 검사,N,,
A00709_11,RULE_DISCOVERY,◇15년 뒤 생산연령인구 3000만명 아래로 하지만 올해부터는 90년대 초반생들도 이미 30세를 넘어 대부분 노동시장에 진출한 상태다.,KOSIS_METADATA_UNAVAILABLE,총인구,PERSON,30000000.0,명,2025,년,,,{},"[""총인구""]",COORDINATE_READY,,1,PASS,PASS,PASS,HOLD,미도달,미도달,미도달,미도달,0,0,0,0,HOLD,UNDETERMINED,NO_EVIDENCE_COORDINATE_CANDIDATE,필수 조건 검사,N,,
A00736_7,FINAL_BLIND,,AS_OF_UNAVAILABLE,출생아 수,PERSON,700000.0,명,2024,년,,,{},"[""출생아 수""]",COORDINATE_READY,,1,PASS,PASS,PASS,PASS,PASS,PASS,HOLD,미도달,0,1,0,1,HOLD,UNDETERMINED,AS_OF_UNAVAILABLE,공식값 조회,N,https://kosis.kr/openapi/Param/statisticsParameterData.do?method=getList&orgId=101&tblId=DT_1B8000G&itmId=T1&prdSe=Y&startPrdDe=2024&endPrdDe=2024&objL1=00&objL2=10,8b108c178cc52a5182d9c572527f7727086fc0df8d9128ad021c30906237b37a
A00789_2,RULE_DISCOVERY,HMG그룹은 지난 1월 경기 용인시 처인구 역북동 신대지구 도시개발사업 공동주택 용지를 1813억원에 매입했다.,INDICATOR_UNIT_MEASURE_MISMATCH,총인구,PERSON,181300000000.0,원,2025-01,월,경기,,{},"[""총인구"", ""경기""]",COORDINATE_READY,,1,PASS,PASS,PASS,HOLD,미도달,미도달,미도달,미도달,0,0,0,0,HOLD,UNDETERMINED,NO_HARD_GUARD_CANDIDATE,필수 조건 검사,N,,
A00840_14,RULE_DISCOVERY,"생활물가지수는 지난해 10월(1.2%)을 저점으로 꾸준히 오름세를 보이고 있는데, 소비자들이 실제 체감하는 물가 수준이 높아지고 있음을 시사한다.",NO_EVIDENCE_COORDINATE_CANDIDATE,생활물가 상승률,RATE,1.2,%,2024-10,월,,,{},"[""생활물가 상승률""]",COORDINATE_READY,,1,PASS,PASS,PASS,HOLD,미도달,미도달,미도달,미도달,0,0,0,0,HOLD,UNDETERMINED,NO_EVIDENCE_COORDINATE_CANDIDATE,필수 조건 검사,N,,
A00872_2,RULE_DISCOVERY,9일 인천시에 따르면 지난달 기준 인천시 주민등록인구는 302만7854명으로 집계됐다.,NO_HARD_GUARD_CANDIDATE,총인구,PERSON,3027854.0,명,2025-02,월,인천,,{},"[""총인구"", ""인천""]",COORDINATE_READY,,1,PASS,PASS,PASS,HOLD,미도달,미도달,미도달,미도달,0,0,0,0,HOLD,UNDETERMINED,NO_HARD_GUARD_CANDIDATE,필수 조건 검사,N,,
A00922_5,RULE_DISCOVERY,청년층 쉬었음 인구가 50만명을 넘어선 것은 2003년 통계 작성 이래 최초다.,NO_HARD_GUARD_CANDIDATE,총인구,PERSON,500000.0,명,2003,년,,청년,"{""연령집단"": [""청년""]}","[""총인구"", ""청년""]",COORDINATE_READY,,1,PASS,PASS,PASS,HOLD,미도달,미도달,미도달,미도달,0,0,0,0,HOLD,UNDETERMINED,NO_HARD_GUARD_CANDIDATE,필수 조건 검사,N,,
A00970_20,INTERMEDIATE_VALIDATION,지난달 ICT 무역 수지는 58억1000만달러 흑자를 기록했다.,NO_EVIDENCE_COORDINATE_CANDIDATE,무역수지,CURRENCY,5810000000.0,달러,2025-02,월,,,{},"[""무역수지""]",COORDINATE_READY,,1,PASS,PASS,PASS,HOLD,미도달,미도달,미도달,미도달,0,0,0,0,HOLD,UNDETERMINED,NO_EVIDENCE_COORDINATE_CANDIDATE,필수 조건 검사,N,,
A01037_8,FINAL_BLIND,,LOW_SEMANTIC_SCORE,무역수지,CURRENCY,3500000000.0,달러,2025,년,,,{},"[""무역수지""]",COORDINATE_READY,,1,PASS,PASS,PASS,PASS,HOLD,HOLD,미도달,미도달,0,1,0,0,HOLD,UNDETERMINED,LOW_SEMANTIC_SCORE,후보 의미 비교,N,,
A01149_18,RULE_DISCOVERY,지난해 대미수출액(약 61조3533억원)을 넘어서는 규모다.,NO_HARD_GUARD_CANDIDATE,수출액,CURRENCY,61353300000000.0,원,2024,년,,,"{""교역상대국"": [""미국""]}","[""수출액"", ""미국""]",COORDINATE_READY,,1,PASS,PASS,PASS,HOLD,미도달,미도달,미도달,미도달,0,0,0,0,HOLD,UNDETERMINED,NO_HARD_GUARD_CANDIDATE,필수 조건 검사,N,,
A01176_3,FINAL_BLIND,,NO_HARD_GUARD_CANDIDATE,과수원 면적,AREA,1490.0,ha,2025-03,월,경북 | 안동시 | 의성군 | 청송군 | 영양군,,{},"[""과수원 면적"", ""경북 | 안동시 | 의성군 | 청송군 | 영양군""]",COORDINATE_READY,,1,PASS,PASS,PASS,HOLD,미도달,미도달,미도달,미도달,0,0,0,0,HOLD,UNDETERMINED,NO_HARD_GUARD_CANDIDATE,필수 조건 검사,N,,
A01185_23,RULE_DISCOVERY,"올해 1월 기준 광공업생산지수(상승)와 취업지수(회복)를 제외한 8개 지표(서비스업생산지수, 소매판매액지수, 설비투자지수, 건설기성액, 수출액, 수입액, 기업경기실사지수, 소비자기대지수)가 하강 국면에 분포했다.",INDICATOR_UNIT_MEASURE_MISMATCH,광공업생산,QUANTITY,8.0,개,2025,년,경기,,"{""산업"": [""서비스업"", ""광공업""]}","[""광공업생산"", ""서비스업"", ""광공업"", ""경기""]",COORDINATE_READY,,1,PASS,PASS,PASS,HOLD,미도달,미도달,미도달,미도달,0,0,0,0,HOLD,UNDETERMINED,NO_HARD_GUARD_CANDIDATE,필수 조건 검사,N,,
A01324_6,INTERMEDIATE_VALIDATION,키움증권의 지난해 국내 주식 위탁 매매 수수료 수입은 총 3697억원이다.,NO_EVIDENCE_COORDINATE_CANDIDATE,수입액,CURRENCY,369700000000.0,원,2024,년,전국,,{},"[""수입액"", ""전국""]",COORDINATE_READY,,1,PASS,PASS,PASS,HOLD,미도달,미도달,미도달,미도달,0,0,0,0,HOLD,UNDETERMINED,NO_EVIDENCE_COORDINATE_CANDIDATE,필수 조건 검사,N,,
A01385_1,RULE_DISCOVERY,지난해 국내 농가 수가 97만4000가구로 집계됐다.,FETCH_FAILED,농가 수,UNKNOWN,974000.0,가구,2024,년,전국,농가,{},"[""농가 수"", ""농가"", ""전국""]",COORDINATE_READY,,1,PASS,PASS,PASS,PASS,PASS,PASS,HOLD,미도달,0,1,0,1,HOLD,UNDETERMINED,AS_OF_UNAVAILABLE,공식값 조회,N,https://kosis.kr/openapi/Param/statisticsParameterData.do?method=getList&orgId=101&tblId=DT_1EA1038&itmId=T00&prdSe=Y&startPrdDe=2024&endPrdDe=2024&objL1=000,103ca3a4a634ec719ca77f859d4bbe80b272458fd21f911f996e8ab0d3dafcb4
A01386_5,FINAL_BLIND,,NO_EVIDENCE_COORDINATE_CANDIDATE,경제성장률,RATE,5.4,%,2024-Q4,분기,,,{},"[""경제성장률""]",COORDINATE_READY,,1,PASS,PASS,PASS,HOLD,미도달,미도달,미도달,미도달,0,0,0,0,HOLD,UNDETERMINED,NO_EVIDENCE_COORDINATE_CANDIDATE,필수 조건 검사,N,,
A01464_3,FINAL_BLIND,,INDICATOR_UNIT_MEASURE_MISMATCH,총인구,PERSON,19370.0,건,2025-02,월,,,{},"[""총인구""]",COORDINATE_READY,,1,PASS,PASS,PASS,HOLD,미도달,미도달,미도달,미도달,0,0,0,0,HOLD,UNDETERMINED,NO_HARD_GUARD_CANDIDATE,필수 조건 검사,N,,
A01480_17,INTERMEDIATE_VALIDATION,순수출 성장 기여도는 올해 1분기 0.3%포인트로 집계됐다.,NO_EVIDENCE_COORDINATE_CANDIDATE,순수출 성장 기여도,CONTRIBUTION,0.3,%p,2025-Q1,분기,,,{},"[""순수출 성장 기여도""]",COORDINATE_READY,,1,PASS,PASS,PASS,HOLD,미도달,미도달,미도달,미도달,0,0,0,0,HOLD,UNDETERMINED,NO_EVIDENCE_COORDINATE_CANDIDATE,필수 조건 검사,N,,
A01539_16,RULE_DISCOVERY,3만달러를 넘은 2014년쯤에는 자동차·화학·정유(차화정)가 반도체와 함께 수출을 쌍끌이했다.,NO_HARD_GUARD_CANDIDATE,수출액,CURRENCY,30000.0,달러,2014,년,,,"{""품목"": [""반도체"", ""자동차""]}","[""수출액"", ""반도체"", ""자동차""]",COORDINATE_READY,,1,PASS,PASS,PASS,HOLD,미도달,미도달,미도달,미도달,0,0,0,0,HOLD,UNDETERMINED,NO_HARD_GUARD_CANDIDATE,필수 조건 검사,N,,
A01641_18,RULE_DISCOVERY,지난해 기업들이 낸 법인세 수입(62조5000억원)과 맞먹는 수준이다.,NO_EVIDENCE_COORDINATE_CANDIDATE,수입액,CURRENCY,62500000000000.0,원,2024,년,,,{},"[""수입액""]",COORDINATE_READY,,1,PASS,PASS,PASS,HOLD,미도달,미도달,미도달,미도달,0,0,0,0,HOLD,UNDETERMINED,NO_EVIDENCE_COORDINATE_CANDIDATE,필수 조건 검사,N,,
A01693_1,RULE_DISCOVERY,올해 1분기(1~3월) 성장률이 -0.2%로 뒷걸음질 쳤던 우리 경제가 세계 주요국 중 1분기에 성장이 가장 더뎠던 것으로 나타났다.,KOSIS_METADATA_UNAVAILABLE,경제성장률,RATE,0.2,%,2025-Q1,분기,,,{},"[""경제성장률""]",COORDINATE_READY,,1,PASS,PASS,PASS,HOLD,미도달,미도달,미도달,미도달,0,0,0,0,HOLD,UNDETERMINED,NO_EVIDENCE_COORDINATE_CANDIDATE,필수 조건 검사,N,,
A01708_16,FINAL_BLIND,,KOSIS_METADATA_UNAVAILABLE,무역수지,CURRENCY,1120000000.0,달러,2025-04-01/2025-04-10,월,,,{},"[""무역수지""]",COORDINATE_READY,,1,PASS,PASS,PASS,HOLD,미도달,미도달,미도달,미도달,0,0,0,0,HOLD,UNDETERMINED,NO_HARD_GUARD_CANDIDATE,필수 조건 검사,N,,
A01723_2,RULE_DISCOVERY,"2000년대 후반 잠재성장률이 4% 수준이었음을 고려하면, 20년 만에 반 토막 난 것이다.",KOSIS_METADATA_UNAVAILABLE,경제성장률,RATE,4.0,%,2000,년,,,{},"[""경제성장률""]",COORDINATE_READY,,1,PASS,PASS,PASS,HOLD,미도달,미도달,미도달,미도달,0,0,0,0,HOLD,UNDETERMINED,NO_EVIDENCE_COORDINATE_CANDIDATE,필수 조건 검사,N,,
A01723_6,RULE_DISCOVERY,한국의 잠재성장률은 2007년까지만 해도 4.27%에 달했다.,LOW_SEMANTIC_SCORE,경제성장률,RATE,4.27,%,2007,년,전국,,{},"[""경제성장률"", ""전국""]",COORDINATE_READY,,1,PASS,PASS,PASS,PASS,HOLD,HOLD,미도달,미도달,0,1,0,0,HOLD,UNDETERMINED,LOW_SEMANTIC_SCORE,후보 의미 비교,N,,
A01752_5,RULE_DISCOVERY,60세 이상 취업자가 많은 보건·사회복지 분야를 중심으로 취업자가 늘면서 올해 1월부터 넉 달째 취업자 증가 폭이 10만명대를 유지했다.,AS_OF_UNAVAILABLE,취업자 수,PERSON,100000.0,명,2025,년,,,{},"[""취업자 수""]",COORDINATE_READY,,1,PASS,PASS,PASS,PASS,PASS,PASS,HOLD,미도달,0,1,0,1,HOLD,UNDETERMINED,AS_OF_UNAVAILABLE,공식값 조회,N,https://kosis.kr/openapi/Param/statisticsParameterData.do?method=getList&orgId=101&tblId=DT_1DA7001S&itmId=T30&prdSe=Y&startPrdDe=2025&endPrdDe=2025&objL1=0,567fc949b666ed562319e0547a45efd088f6ae743c25704f4361c02e722ebf4a
A01762_4,RULE_DISCOVERY,한국의 1인당 GDP(국내총생산)는 지난해 기준 4926만원이다.,NO_EVIDENCE_COORDINATE_CANDIDATE,1인당 GDP,CURRENCY,49260000.0,원,2024,년,전국,,{},"[""1인당 GDP"", ""전국""]",COORDINATE_READY,,1,PASS,PASS,PASS,HOLD,미도달,미도달,미도달,미도달,0,0,0,0,HOLD,UNDETERMINED,NO_EVIDENCE_COORDINATE_CANDIDATE,필수 조건 검사,N,,
A01798_35,RULE_DISCOVERY,"올해 1~4월 우리나라는 스페인에 오징어를 2180톤 수출했는데, 작년 같은 기간에는 스페인에 수출한 오징어가 한 마리도 없었다.",NO_HARD_GUARD_CANDIDATE,오징어 수출량,QUANTITY,2180.0,톤,2025-01/2025-04,누계,전국,,{},"[""오징어 수출량"", ""전국""]",COORDINATE_READY,,1,PASS,PASS,PASS,HOLD,미도달,미도달,미도달,미도달,0,0,0,0,HOLD,UNDETERMINED,NO_HARD_GUARD_CANDIDATE,필수 조건 검사,N,,
A01894_4,RULE_DISCOVERY,저출산고령사회위원회에 따르면 2023년 기준 국내 치매 인구는 124만명이다.,NO_EVIDENCE_COORDINATE_CANDIDATE,총인구,PERSON,1240000.0,명,2023,년,전국,,{},"[""총인구"", ""전국""]",COORDINATE_READY,,1,PASS,PASS,PASS,HOLD,미도달,미도달,미도달,미도달,0,0,0,0,HOLD,UNDETERMINED,NO_EVIDENCE_COORDINATE_CANDIDATE,필수 조건 검사,N,,
A01927_15,INTERMEDIATE_VALIDATION,이들보다 5년 정도 빠른 1980년대 후반이나 5년 늦은 1990년대 후반에는 연간 출생아 수가 각각 60만명대에 머물렀다.,PUBLICATION_FETCH_FAILED,출생아 수,PERSON,600000.0,명,2025,년,,,{},"[""출생아 수""]",COORDINATE_READY,,1,PASS,PASS,PASS,PASS,PASS,PASS,HOLD,미도달,0,1,0,1,HOLD,UNDETERMINED,AS_OF_UNAVAILABLE,공식값 조회,N,https://kosis.kr/openapi/Param/statisticsParameterData.do?method=getList&orgId=101&tblId=DT_1B8000G&itmId=T1&prdSe=Y&startPrdDe=2025&endPrdDe=2025&objL1=00&objL2=10,e92cb913d789bc40b97daa9ef19c5e73b3ed4ba5e7fde26be550f9a3bcd1f7c9
A01927_17,INTERMEDIATE_VALIDATION,"홍석철 서울대 경제학부 교수는 “통상 신혼 부부들이 결혼 후 3년간 아이를 많이 낳는다는 점을 고려하면, 올해는 계속 출생아가 늘어나면서 연간 합계출산율이 무난히 0.8명을 넘길 수 있을 것”이라고 했다.",KOSIS_METADATA_UNAVAILABLE,출생아 수,PERSON,0.8,명,2025,년,서울,,{},"[""출생아 수"", ""서울""]",PRE_VERIFICATION,NON_OBSERVED_FORECAST,0,미도달,미도달,미도달,미도달,미도달,미도달,미도달,미도달,0,0,0,0,PRE_VERIFICATION,,NON_OBSERVED_FORECAST,사전 구조화,N,,
A01953_8,RULE_DISCOVERY,이는 한국제약바이오협회가 집계한 지난해 기술 수출액(61억3300만달러)을 이미 넘어선 것이다.,NO_HARD_GUARD_CANDIDATE,수출액,CURRENCY,6133000000.0,달러,2024,년,전국,,"{""품목"": [""바이오""]}","[""수출액"", ""바이오"", ""전국""]",COORDINATE_READY,,1,PASS,PASS,PASS,HOLD,미도달,미도달,미도달,미도달,0,0,0,0,HOLD,UNDETERMINED,NO_HARD_GUARD_CANDIDATE,필수 조건 검사,N,,
A02022_15,INTERMEDIATE_VALIDATION,노동투입이 잠재성장률에 기여하는 정도도 2000년대 초반과 비슷한 30% 수준으로 낮아졌다.,KOSIS_METADATA_UNAVAILABLE,경제성장률,RATE,30.0,%,2000,년,,,{},"[""경제성장률""]",COORDINATE_READY,,1,PASS,PASS,PASS,HOLD,미도달,미도달,미도달,미도달,0,0,0,0,HOLD,UNDETERMINED,NO_EVIDENCE_COORDINATE_CANDIDATE,필수 조건 검사,N,,
A02179_7,RULE_DISCOVERY,특히 아랍에미리트는 2031년까지 GDP의 40%를 AI 산업에서 창출하겠다고 한다.,INDICATOR_MEASURE_FAMILY_AMBIGUOUS,경제성장률,RATE,40.0,%,2031,년,,,{},"[""경제성장률""]",COORDINATE_READY,,1,PASS,PASS,PASS,HOLD,미도달,미도달,미도달,미도달,0,0,0,0,HOLD,UNDETERMINED,NO_EVIDENCE_COORDINATE_CANDIDATE,필수 조건 검사,N,,
A02253_15,FINAL_BLIND,,NO_HARD_GUARD_CANDIDATE,경제성장률,RATE,9.7,%,2025-Q1,분기,아일랜드,,{},"[""경제성장률"", ""아일랜드""]",COORDINATE_READY,,1,PASS,PASS,PASS,HOLD,미도달,미도달,미도달,미도달,0,0,0,0,HOLD,UNDETERMINED,NO_HARD_GUARD_CANDIDATE,필수 조건 검사,N,,
A02254_17,FINAL_BLIND,,FETCH_FAILED,경제성장률,RATE,16.0,%,2024,년,,,{},"[""경제성장률""]",COORDINATE_READY,,1,PASS,PASS,PASS,PASS,PASS,PASS,HOLD,미도달,0,1,0,1,HOLD,UNDETERMINED,PUBLICATION_FETCH_FAILED,공식값 조회,N,https://kosis.kr/openapi/Param/statisticsParameterData.do?method=getList&orgId=101&tblId=DT_1YL20571&itmId=T10&prdSe=Y&startPrdDe=2024&endPrdDe=2024&objL1=00,e09b5826b4864f78e4a54f693ba8fac868eb8270b2076ce3bf35ec015b7c6e98
A02385_22,RULE_DISCOVERY,"이재명 대통령이 취임 닷새 만인 지난달 9일 “라면 한 개에 2000원도 한다는데, 진짜냐”며 요주의 품목으로 라면을 콕 짚어 언급했지만, 라면을 포함한 가공식품 물가는 고공 행진하고 있다.",INDICATOR_UNIT_MEASURE_MISMATCH,물가상승률,RATE,2000.0,원,2025-06,월,,,{},"[""물가상승률""]",COORDINATE_READY,,1,PASS,PASS,PASS,HOLD,미도달,미도달,미도달,미도달,0,0,0,0,HOLD,UNDETERMINED,NO_EVIDENCE_COORDINATE_CANDIDATE,필수 조건 검사,N,,
A02385_32,RULE_DISCOVERY,라면에 계란을 풀어 파는 외식 라면 물가도 지난달 4%나 뛰었다.,NO_HARD_GUARD_CANDIDATE,물가상승률,RATE,4.0,%,2025-06,월,,,"{""품목"": [""계란""]}","[""물가상승률"", ""계란""]",COORDINATE_READY,,1,PASS,PASS,PASS,HOLD,미도달,미도달,미도달,미도달,0,0,0,0,HOLD,UNDETERMINED,NO_HARD_GUARD_CANDIDATE,필수 조건 검사,N,,
A02395_19,INTERMEDIATE_VALIDATION,2005년 인구조사에서는 남북 이산가족 유무를 물었는데 총 71만5968명의 국민이 “북한에 가족이나 친인척이 있다”고 답했다.,KOSIS_METADATA_UNAVAILABLE,총인구,PERSON,715968.0,명,2005,년,,,{},"[""총인구""]",COORDINATE_READY,,1,PASS,PASS,PASS,HOLD,미도달,미도달,미도달,미도달,0,0,0,0,HOLD,UNDETERMINED,NO_HARD_GUARD_CANDIDATE,필수 조건 검사,N,,
A02631_3,INTERMEDIATE_VALIDATION,"보고서는 2019∼2024년 국가데이터처 소비자물가지수 분류 항목 중 의식주와 관련 있고 상승률이 높은 15개 항목(식료품, 수도 및 주거 관련 서비스, 음식 서비스 등)을 중점적으로 분석했다.",INDICATOR_UNIT_MEASURE_MISMATCH,소비자물가지수,INDEX,15.0,개,2024,년,,,{},"[""소비자물가지수""]",COORDINATE_READY,,1,PASS,PASS,PASS,HOLD,미도달,미도달,미도달,미도달,0,0,0,0,HOLD,UNDETERMINED,NO_HARD_GUARD_CANDIDATE,필수 조건 검사,N,,
A02656_28,RULE_DISCOVERY,이는 지난해 1인 가구 최저생계비(133만원)에 못 미치는 수준이다.,INDICATOR_UNIT_MEASURE_MISMATCH,1인 가구 수,CURRENCY,1330000.0,원,2024,년,,1인 가구,{},"[""1인 가구 수"", ""1인 가구""]",COORDINATE_READY,,1,PASS,PASS,PASS,HOLD,미도달,미도달,미도달,미도달,0,0,0,0,HOLD,UNDETERMINED,NO_EVIDENCE_COORDINATE_CANDIDATE,필수 조건 검사,N,,
A02700_19,RULE_DISCOVERY,코로나 시기였던 2020년 인구주택총조사의 최종 응답률은 96.3%였다.,NO_EVIDENCE_COORDINATE_CANDIDATE,인구주택총조사 최종 응답률,RATE,96.3,%,2020,년,,,{},"[""인구주택총조사 최종 응답률""]",COORDINATE_READY,,1,PASS,PASS,PASS,HOLD,미도달,미도달,미도달,미도달,0,0,0,0,HOLD,UNDETERMINED,NO_EVIDENCE_COORDINATE_CANDIDATE,필수 조건 검사,N,,
claim_0236b22fed29bb35,RULE_DISCOVERY,"자동차 수출은 하반기 주요 완성차·부품업계 파업 등에 따른 일부 생산 차질 영향으로 전년도와 보합세인 708억 달러(-0.1%)를 기록하였으며, 2년 연속 700억 달러 이상의 호실적을 이어갔다.",NO_HARD_GUARD_CANDIDATE,수출액,CURRENCY,708.0,억 달러,2024년,년,,자동차 수출,"{""item"": [""자동차""]}","[""수출액"", ""자동차"", ""자동차 수출""]",COORDINATE_READY,,1,PASS,PASS,PASS,HOLD,미도달,미도달,미도달,미도달,0,0,0,0,HOLD,UNDETERMINED,NO_HARD_GUARD_CANDIDATE,필수 조건 검사,N,,
claim_052eec638c4dabea,RULE_DISCOVERY,작년 연간 아이스크림 수출액은 9150만달러로 1억달러에 근접했다.,KOSIS_CATALOG_UNAVAILABLE,아이스크림 수출액,CURRENCY,91500000.0,USD,2024년,년,,,"{""product"": [""아이스크림""]}","[""아이스크림 수출액"", ""아이스크림""]",COORDINATE_READY,,1,PASS,PASS,PASS,PASS,PASS,PASS,HOLD,미도달,0,1,0,1,HOLD,UNDETERMINED,AS_OF_UNAVAILABLE,공식값 조회,N,https://kosis.kr/openapi/Param/statisticsParameterData.do?method=getList&orgId=360&tblId=DT_1R11001_FRM101&itmId=13103112831T1&prdSe=Y&startPrdDe=2024&endPrdDe=2024&objL1=13102112831A.02233,1c7f7470663fa73595aaa0ee259046e6e5edd941b40a06c052e68b171a92d250
claim_08456a7c943ec326,RULE_DISCOVERY,"이는 자산 총액이 최근 명목 GDP 확정치의 0.5%(올해는 11조6000억원) 이상인 경우 지정되는데, 올해 두나무와 한국앤컴퍼니가 새로 들어오면서 46곳이 됐다.",LOW_SEMANTIC_SCORE,경제성장률,RATE,0.5,%,2025,년,전국,,{},"[""경제성장률"", ""전국""]",COORDINATE_READY,,1,PASS,PASS,PASS,HOLD,미도달,미도달,미도달,미도달,0,0,0,0,HOLD,UNDETERMINED,NO_EVIDENCE_COORDINATE_CANDIDATE,필수 조건 검사,N,,
claim_0a51bae8271add36,RULE_DISCOVERY,"증가폭이 2023년(32만7000명)의 절반 아래로 줄어, 코로나 거리 두기 여파로 취업자 수가 22만명 가까이 감소했던 2020년 이후 최악의 고용 성적표를 기록했다.",TARGET_NOT_FOUND_IN_SOURCE,취업자 수,PERSON,327000.0,명,2023,년,,,{},"[""취업자 수""]",PRE_VERIFICATION,TARGET_NOT_FOUND_IN_SOURCE,0,미도달,미도달,미도달,미도달,미도달,미도달,미도달,미도달,0,0,0,0,PRE_VERIFICATION,,TARGET_NOT_FOUND_IN_SOURCE,사전 구조화,N,,
claim_0b82eca204ef02a6,RULE_DISCOVERY,"농가 인구는 2003년 약 353만명에서 2013년 284만7000명으로 크게 감소했고, 지난해에는 간신히 200만명에 턱걸이할 정도로 가파르게 줄고 있다.",KOSIS_CATALOG_UNAVAILABLE,농가 인구,PERSON,2000000.0,명,2024년,년,,농가 인구,{},"[""농가 인구""]",PRE_VERIFICATION,TARGET_NOT_FOUND_IN_SOURCE,0,미도달,미도달,미도달,미도달,미도달,미도달,미도달,미도달,0,0,0,0,PRE_VERIFICATION,,TARGET_NOT_FOUND_IN_SOURCE,사전 구조화,N,,
claim_0d6482ba1fa9a6ab,RULE_DISCOVERY,"1990년 64만9000명대였던 출생아 수가 1991년 70만9000명대로 뛰어오른 데 이어, 올해 33세인 1992년생은 출생아 수가 73만명대로 2차 에코 붐 세대 중에서도 가장 많았기 때문이다.",NO_HARD_GUARD_CANDIDATE,출생아 수,PERSON,730000.0,명,1992년,년,,1992년생,"{""세대"": [""2차 에코 붐 세대""]}","[""출생아 수"", ""2차 에코 붐 세대"", ""1992년생""]",COORDINATE_READY,,1,PASS,PASS,PASS,HOLD,미도달,미도달,미도달,미도달,0,0,0,0,HOLD,UNDETERMINED,NO_HARD_GUARD_CANDIDATE,필수 조건 검사,N,,
claim_1014ae0c2e198bd3,INTERMEDIATE_VALIDATION,2000년에 64만명이던 출생아 수는 2001년 56만명으로 줄더니 2002년부터 40만명대로 떨어졌다.,FETCH_FAILED,출생아 수,PERSON,400000.0,명,2002년부터,년,,,{},"[""출생아 수""]",COORDINATE_READY,,1,PASS,PASS,PASS,PASS,PASS,PASS,HOLD,미도달,0,1,0,1,HOLD,UNDETERMINED,FETCH_FAILED,공식값 조회,N,https://kosis.kr/openapi/Param/statisticsParameterData.do?method=getList&orgId=101&tblId=DT_1B8000G&itmId=T1&prdSe=Y&startPrdDe=2002%EB%B6%80%ED%84%B0&endPrdDe=2002%EB%B6%80%ED%84%B0&objL1=00&objL2=10,
claim_12fae89412f5fe2b,INTERMEDIATE_VALIDATION,2000년에 64만명이던 출생아 수는 2001년 56만명으로 줄더니 2002년부터 40만명대로 떨어졌다.,DIRECT_VALUE_CHANGE_TARGET_MISCLASSIFIED,출생아 수,PERSON,560000.0,명,2001,년,,,{},"[""출생아 수""]",PRE_VERIFICATION,DIRECT_VALUE_CHANGE_TARGET_MISCLASSIFIED,0,미도달,미도달,미도달,미도달,미도달,미도달,미도달,미도달,0,0,0,0,PRE_VERIFICATION,,DIRECT_VALUE_CHANGE_TARGET_MISCLASSIFIED,사전 구조화,N,,
claim_155c3f8814001494,INTERMEDIATE_VALIDATION,"대중 수출은 지난 2010년(1168억3800만달러)부터 1000억달러선을 넘어섰고, 2021년에는 1629억1300만달러까지 늘어났지만 이후 감소세가 눈에 띄었다.",NO_EVIDENCE_COORDINATE_CANDIDATE,수출액,CURRENCY,116838000000.0,USD,2010,년,,,"{""trade_partner"": [""중국""]}","[""수출액"", ""중국""]",COORDINATE_READY,,1,PASS,PASS,PASS,HOLD,미도달,미도달,미도달,미도달,0,0,0,0,HOLD,UNDETERMINED,NO_EVIDENCE_COORDINATE_CANDIDATE,필수 조건 검사,N,,
claim_158a2ebc43efac19,RULE_DISCOVERY,"28일 통계청이 발표한 ‘3월 인구동향’에 따르면, 지난 1분기(1~3월) 합계출산율은 0.82명으로 전년 동분기(0.77명) 대비 0.05명 증가했다.",FETCH_FAILED,합계출산율,PERSON,0.82,명,2025년 1분기,분기,,,{},"[""합계출산율""]",COORDINATE_READY,,1,PASS,PASS,PASS,PASS,PASS,PASS,HOLD,미도달,0,1,0,1,HOLD,UNDETERMINED,AS_OF_UNAVAILABLE,공식값 조회,N,https://kosis.kr/openapi/Param/statisticsParameterData.do?method=getList&orgId=101&tblId=DT_1B8000G&itmId=T1&prdSe=Q&startPrdDe=202501&endPrdDe=202501&objL1=00&objL2=12,aa406cebc870570ecaeb6b3b9371f53f6de97fc22060412b21033d1cce5ebf28
claim_16ca1f40e351972d,RULE_DISCOVERY,"국가데이터처가 4일 발표한 '10월 소비자물가동향'에 따르면, 지난달 소비자물가지수는 117.42(2020년=100)로 전년 동월 대비 0.3% 올랐다.",TARGET_VALUE_NOT_IN_SOURCE_SENTENCE,소비자물가지수,INDEX,117.42,지수(2020년=100),2025년 10월,월,대한민국,,{},"[""소비자물가지수"", ""대한민국""]",PRE_VERIFICATION,TARGET_NOT_FOUND_IN_SOURCE|TARGET_VALUE_NOT_IN_SOURCE_SENTENCE,0,미도달,미도달,미도달,미도달,미도달,미도달,미도달,미도달,0,0,0,0,PRE_VERIFICATION,,TARGET_NOT_FOUND_IN_SOURCE|TARGET_VALUE_NOT_IN_SOURCE_SENTENCE,사전 구조화,N,,
claim_1aa98594f46770a7,INTERMEDIATE_VALIDATION,"작년 12월 수출은 633억달러로 전달보다 11.1%, 전년 같은 달보다 6.6% 뛰었다.",NO_HARD_GUARD_CANDIDATE,수출,CURRENCY,633.0,억달러,작년 12월,월,,,{},"[""수출""]",COORDINATE_READY,,1,PASS,PASS,PASS,HOLD,미도달,미도달,미도달,미도달,0,0,0,0,HOLD,UNDETERMINED,NO_HARD_GUARD_CANDIDATE,필수 조건 검사,N,,
claim_1af97c42f8e79dcb,RULE_DISCOVERY,4월만 해도 690만6000명이었던 60세 이상 취업자는 지난달 704만9000명으로 처음으로 700만명을 넘었다.,AMBIGUOUS_MARGIN,취업자,PERSON,7049000.0,명,2025년 5월,월,,취업자,"{""age"": [""60세 이상""]}","[""취업자"", ""60세 이상""]",COORDINATE_READY,,1,PASS,PASS,PASS,PASS,PASS,PASS,HOLD,미도달,0,1,0,1,HOLD,UNDETERMINED,AS_OF_UNAVAILABLE,공식값 조회,N,https://kosis.kr/openapi/Param/statisticsParameterData.do?method=getList&orgId=101&tblId=DT_1DA7002S&itmId=T30&prdSe=M&startPrdDe=202505&endPrdDe=202505&objL1=60,cdff139d96b0b1821519f932d400069fbb55ab124036dd2297c46f0dd015bbc9
claim_1c587cb4401c7eed,RULE_DISCOVERY,고용률도 2011년 36.8%에서 지난달 48.3%로 불었다.,CONTEXT_TARGET_UNRESOLVED,고용률,RATE,36.8,%,2011,년,,,{},"[""고용률""]",COORDINATE_READY,,1,미도달,미도달,미도달,미도달,미도달,미도달,미도달,미도달,0,0,0,0,HUMAN_REVIEW,,CONTEXT_TARGET_UNRESOLVED,최종 판정,N,,
claim_1e5abe391f401136,RULE_DISCOVERY,"전년 동월 대비 비정규직이 늘어난 산업은 보건사회복지업(21만명), 운수창고업(3만9000명)이었고, 숙박음식업(-5만8000명), 건설업(-5만1000명), 도소매업(-4만1000명), 제조업(-3만2000명)은 감소했다.",CLAIM_PARSE_UNCERTAIN,비정규직 증감,PERSON,39000.0,명,,월,,비정규직,"{""산업"": [""운수창고업""]}","[""비정규직 증감"", ""운수창고업"", ""비정규직""]",PRE_VERIFICATION,CLAIM_PARSE_UNCERTAIN|MISSING_TIME,0,미도달,미도달,미도달,미도달,미도달,미도달,미도달,미도달,0,0,0,0,PRE_VERIFICATION,,CLAIM_PARSE_UNCERTAIN|MISSING_TIME,사전 구조화,N,,
claim_1ecdb544aa72ae01,RULE_DISCOVERY,20대 쉬었음 인구는 37만8000명으로 전년 동월 대비 1만2000명 늘었다.,CLAIM_PARSE_UNCERTAIN,쉬었음 인구,PERSON,37.8,만명,,월,대한민국,20대 인구,{},"[""쉬었음 인구"", ""20대 인구"", ""대한민국""]",PRE_VERIFICATION,CLAIM_PARSE_UNCERTAIN|MISSING_TIME,0,미도달,미도달,미도달,미도달,미도달,미도달,미도달,미도달,0,0,0,0,PRE_VERIFICATION,,CLAIM_PARSE_UNCERTAIN|MISSING_TIME,사전 구조화,N,,
claim_22d76b35abe5866e,INTERMEDIATE_VALIDATION,지난 1~10일 반도체 수출액은 36억2900만달러로 전년 동월 대비 22% 뛰었다.,NO_HARD_GUARD_CANDIDATE,수출액,CURRENCY,3629000000.0,달러,2025-06-01/2025-06-10,월,,,"{""품목"": [""반도체""]}","[""수출액"", ""반도체""]",COORDINATE_READY,,1,PASS,PASS,PASS,HOLD,미도달,미도달,미도달,미도달,0,0,0,0,HOLD,UNDETERMINED,NO_HARD_GUARD_CANDIDATE,필수 조건 검사,N,,
claim_23417092da19f631,RULE_DISCOVERY,취업자 수 증가 폭은 올해 들어 5월(24만5000명)을 제외하고 매달 10만명대를 맴돌다가 9월 들어 크게 늘었다.,AS_OF_UNAVAILABLE,취업자 수,PERSON,245000.0,명,2025,년,,,{},"[""취업자 수""]",COORDINATE_READY,,1,PASS,PASS,PASS,PASS,PASS,PASS,HOLD,미도달,0,1,0,1,HOLD,UNDETERMINED,AS_OF_UNAVAILABLE,공식값 조회,N,https://kosis.kr/openapi/Param/statisticsParameterData.do?method=getList&orgId=101&tblId=DT_1DA7001S&itmId=T30&prdSe=Y&startPrdDe=2025&endPrdDe=2025&objL1=0,567fc949b666ed562319e0547a45efd088f6ae743c25704f4361c02e722ebf4a
claim_297f5d4a6be813a9,RULE_DISCOVERY,"작년 전체 자동차 부품 수출액은 총 225억4700만달러(약 32조4300억원)로, 이 중 대미 수출 비중(36.5％)이 가장 컸다.",KOSIS_CATALOG_UNAVAILABLE,자동차 부품 수출액,CURRENCY,22547000000.0,달러,2024년,년,전체,,"{""item"": [""자동차 부품""], ""partner_share"": [""36.5%""], ""trade_partner"": [""미국""]}","[""자동차 부품 수출액"", ""자동차 부품"", ""36.5%"", ""미국"", ""전체""]",COORDINATE_READY,,1,PASS,PASS,PASS,HOLD,미도달,미도달,미도달,미도달,0,0,0,0,HOLD,UNDETERMINED,NO_HARD_GUARD_CANDIDATE,필수 조건 검사,N,,
claim_2ca7d994ac25a0f7,RULE_DISCOVERY,당시 대규모 추경을 편성해 2008년 4분기 –4.6%까지 추락한 한국 경제성장률을 2010년 6.3%로 ‘V자 반등’을 이뤄내는데 크게 역할을 했다는 평가를 받는다.,KOSIS_CATALOG_UNAVAILABLE,경제성장률,RATE,6.3,%,2010년,년,한국,,{},"[""경제성장률"", ""한국""]",COORDINATE_READY,,1,PASS,PASS,PASS,PASS,HOLD,HOLD,미도달,미도달,0,1,0,0,HOLD,UNDETERMINED,LOW_SEMANTIC_SCORE,후보 의미 비교,N,,
claim_2d1e921e3ec4a6fc,RULE_DISCOVERY,지난달 비경제활동인구 중 활동 상태를 ‘쉬었음’이라고 응답한 20대는 39만6000명으로 전년 동월 대비 2000명 늘었다.,KOSIS_CATALOG_UNAVAILABLE,비경제활동인구 중 활동 상태가 ‘쉬었음’인 인구,PERSON,396000.0,명,2025년 6월,월,,비경제활동인구,"{""연령"": [""20대""], ""활동 상태"": [""쉬었음""]}","[""비경제활동인구 중 활동 상태가 ‘쉬었음’인 인구"", ""20대"", ""쉬었음"", ""비경제활동인구""]",COORDINATE_READY,,1,PASS,PASS,PASS,HOLD,미도달,미도달,미도달,미도달,0,0,0,0,HOLD,UNDETERMINED,NO_HARD_GUARD_CANDIDATE,필수 조건 검사,N,,
claim_2e73dcbf5b0f952d,INTERMEDIATE_VALIDATION,"여기에 지난달 건설업 취업자 수가 192만1000명을 기록해, 코로나 팬데믹 당시였던 2021년 이후 3년 만에 200만명 아래로 떨어졌다.",NO_HARD_GUARD_CANDIDATE,취업자 수,PERSON,1921000.0,명,2025년 1월,월,,취업자,"{""산업"": [""건설업""]}","[""취업자 수"", ""건설업"", ""취업자""]",COORDINATE_READY,,1,PASS,PASS,PASS,PASS,PASS,PASS,PASS,PASS,0,1,1,1,AUTO,MATCH,WITHIN_TOLERANCE,완료,Y,https://kosis.kr/openapi/Param/statisticsParameterData.do?method=getList&orgId=101&tblId=DT_1DA7E06S_NEW&itmId=T30&prdSe=M&startPrdDe=202501&endPrdDe=202501&objL1=41,83e142b0e07317a88fd6838d4e958f7ee2ed973062cae2a451cf313ef1350d6d
claim_31c94718f1438b78,INTERMEDIATE_VALIDATION,"공정위는 자산총액이 전년도 명목 국내총생산(GDP)의 0.5% 이상(지난해는 10조4000억원)인 기업집단을 ‘상호출자제한 기업집단’으로, 자산 5조원 이상인 경우 ‘공시대상 기업집단’으로 지정한다.",MISSING_REQUIRED_SLOTS:time,상호출자제한 기업집단 지정 기준 자산총액,PERCENT,0.5,%,,,대한민국,기업집단,"{""기준"": [""전년도 명목 국내총생산(GDP) 대비""]}","[""상호출자제한 기업집단 지정 기준 자산총액"", ""전년도 명목 국내총생산(GDP) 대비"", ""기업집단"", ""대한민국""]",PRE_VERIFICATION,MISSING_TIME|MISSING_FREQUENCY,0,미도달,미도달,미도달,미도달,미도달,미도달,미도달,미도달,0,0,0,0,PRE_VERIFICATION,,MISSING_TIME|MISSING_FREQUENCY,사전 구조화,N,,
claim_333ff0cee64de91c,RULE_DISCOVERY,1인 가구는 2021년 700만 가구를 넘어선 지 3년 만에 800만 가구를 돌파했다.,TARGET_NOT_FOUND_IN_SOURCE,1인 가구,UNKNOWN,,가구,2024,년,대한민국,1인 가구,{},"[""1인 가구"", ""대한민국""]",PRE_VERIFICATION,TARGET_NOT_FOUND_IN_SOURCE|MISSING_VALUE,0,미도달,미도달,미도달,미도달,미도달,미도달,미도달,미도달,0,0,0,0,PRE_VERIFICATION,,TARGET_NOT_FOUND_IN_SOURCE|MISSING_VALUE,사전 구조화,N,,
claim_3375a461ad29e545,RULE_DISCOVERY,반면 국내 산업 중 가장 많은 인력을 고용하는 제조업은 지난달 취업자 수가 441만4000명으로 전년 동월 대비 8만3000명 줄었다.,NO_HARD_GUARD_CANDIDATE,취업자 수,PERSON,4414000.0,명,2025년 6월,월,국내,취업자,"{""industry"": [""제조업""]}","[""취업자 수"", ""제조업"", ""취업자"", ""국내""]",COORDINATE_READY,,1,PASS,PASS,PASS,HOLD,미도달,미도달,미도달,미도달,0,0,0,0,HOLD,UNDETERMINED,NO_HARD_GUARD_CANDIDATE,필수 조건 검사,N,,
claim_33a229c35a60058a,RULE_DISCOVERY,"올해 1분기 우리나라 성장률은 -0.2%로 역성장했는데, 설비 투자 성장률은 이보다 낮은 -0.4%였다.",KOSIS_CATALOG_UNAVAILABLE,우리나라 성장률,RATE,-0.2,%,2025년 1분기,분기,대한민국,,"{""항목"": [""전체 경제""]}","[""우리나라 성장률"", ""전체 경제"", ""대한민국""]",COORDINATE_READY,,1,PASS,PASS,PASS,HOLD,미도달,미도달,미도달,미도달,0,0,0,0,HOLD,UNDETERMINED,NO_HARD_GUARD_CANDIDATE,필수 조건 검사,N,,
claim_3548667ef4067f27,RULE_DISCOVERY,2023년 말 일반 정부 부채는 약 1217조원(GDP의 50.7%)이다.,KOSIS_CATALOG_UNAVAILABLE,일반 정부 부채,CURRENCY,1217.0,조원,2023년 말,년,,일반 정부,"{""GDP 대비 비율"": [""50.7%""]}","[""일반 정부 부채"", ""50.7%"", ""일반 정부""]",COORDINATE_READY,,1,PASS,PASS,PASS,HOLD,미도달,미도달,미도달,미도달,0,0,0,0,HOLD,UNDETERMINED,NO_HARD_GUARD_CANDIDATE,필수 조건 검사,N,,
claim_3a279cee0bf7df85,INTERMEDIATE_VALIDATION,"이 기간 실제 일한 날을 뜻하는 조업일수를 고려한 일평균 수출액은 28억1000만달러로, 작년 같은 기간 조업일수를 고려한 일평균 수출액(24억5000만달러)보다 15.% 늘었다.",RELATIVE_TIME_UNRESOLVED,수출액,CURRENCY,2810000000.0,달러,이 기간,일평균,,,"{""조업일수_고려"": [""예""]}","[""수출액"", ""예""]",COORDINATE_READY,,1,미도달,미도달,미도달,미도달,미도달,미도달,미도달,미도달,0,0,0,0,HUMAN_REVIEW,,RELATIVE_TIME_UNRESOLVED,최종 판정,N,,
claim_3b4c57d9172bc1c9,RULE_DISCOVERY,"한편, 지난해 현대차·기아 전체 수출 대수는 218만698대, 수출액은 533억6000만달러(약 78조원)로, 2년 연속 수출 200만대, 수출액 500억달러를 이어갔다.",TARGET_VALUE_NOT_IN_SOURCE_SENTENCE,수출액,CURRENCY,53.36,십억 달러,2024,년,,현대차·기아 전체,"{""item"": [""자동차 수출""]}","[""수출액"", ""자동차 수출"", ""현대차·기아 전체""]",COORDINATE_READY,,1,미도달,미도달,미도달,미도달,미도달,미도달,미도달,미도달,0,0,0,0,HUMAN_REVIEW,,TARGET_VALUE_NOT_IN_SOURCE_SENTENCE,최종 판정,N,,
claim_3e2801049ee55e9d,RULE_DISCOVERY,"2일 통계청이 발표한 ‘4월 소비자물가 동향’에 따르면, 지난달 소비자물가 지수는 116.38로 전년 동월 대비 2.1% 올랐다.",TARGET_VALUE_NOT_IN_SOURCE_SENTENCE,소비자물가지수,INDEX,116.38,지수,2025년 4월,월,,,{},"[""소비자물가지수""]",PRE_VERIFICATION,TARGET_NOT_FOUND_IN_SOURCE|TARGET_VALUE_NOT_IN_SOURCE_SENTENCE,0,미도달,미도달,미도달,미도달,미도달,미도달,미도달,미도달,0,0,0,0,PRE_VERIFICATION,,TARGET_NOT_FOUND_IN_SOURCE|TARGET_VALUE_NOT_IN_SOURCE_SENTENCE,사전 구조화,N,,
claim_3e98d7f3646f6d9b,RULE_DISCOVERY,17일 국가데이터처가 발표한 ‘9월 고용동향’에 따르면 지난달 15세 이상 취업자는 2915만4000명으로 전년 동월 대비 31만2000명 증가했다.,AS_OF_UNAVAILABLE,취업자,PERSON,29154000.0,명,2025년 9월,월,대한민국,15세 이상,"{""age"": [""15세 이상""]}","[""취업자"", ""15세 이상"", ""대한민국""]",COORDINATE_READY,,1,PASS,PASS,PASS,PASS,PASS,PASS,HOLD,미도달,0,1,0,1,HOLD,UNDETERMINED,AS_OF_UNAVAILABLE,공식값 조회,N,https://kosis.kr/openapi/Param/statisticsParameterData.do?method=getList&orgId=101&tblId=DT_1DA7001S&itmId=T30&prdSe=M&startPrdDe=202509&endPrdDe=202509&objL1=0,1ceb4e43788b02b212d8c82ea12e658ffb2b3f358d5b500b2d527ebc18ce35af
claim_41e97b8114d45aa9,RULE_DISCOVERY,지난해 우리나라 자동차 수출액(708억달러) 중에서 대미 수출액은 49%를 웃돌았다.,KOSIS_CATALOG_UNAVAILABLE,자동차 수출액 중 대미 수출액 비중,CURRENCY,,%,2024년,년,대한민국,,"{""product"": [""자동차""], ""trade_partner"": [""미국""]}","[""자동차 수출액 중 대미 수출액 비중"", ""자동차"", ""미국"", ""대한민국""]",PRE_VERIFICATION,TARGET_NOT_FOUND_IN_SOURCE|MISSING_VALUE,0,미도달,미도달,미도달,미도달,미도달,미도달,미도달,미도달,0,0,0,0,PRE_VERIFICATION,,TARGET_NOT_FOUND_IN_SOURCE|MISSING_VALUE,사전 구조화,N,,
claim_4292bd4861a1b423,INTERMEDIATE_VALIDATION,"지난 2022년 폴란드에 48대, 2023년 말레이시아에 18대를 수출하는 등 누적 수출액만 78억달러(약 11조3700억원)에 달한다.",TARGET_VALUE_NOT_IN_SOURCE_SENTENCE,누적 수출액,CURRENCY,7800000000.0,미국 달러,2025-01-18,월,,,"{""trade_partner_examples"": [""폴란드, 말레이시아""]}","[""누적 수출액"", ""폴란드, 말레이시아""]",PRE_VERIFICATION,TARGET_NOT_FOUND_IN_SOURCE|TARGET_VALUE_NOT_IN_SOURCE_SENTENCE,0,미도달,미도달,미도달,미도달,미도달,미도달,미도달,미도달,0,0,0,0,PRE_VERIFICATION,,TARGET_NOT_FOUND_IN_SOURCE|TARGET_VALUE_NOT_IN_SOURCE_SENTENCE,사전 구조화,N,,
claim_4d7dc9ed0457a5f5,RULE_DISCOVERY,"같은 방식으로 비교했을 때 2023년까지만 해도 외국인과 노인 일자리 참여자 증가 규모는 11만8000명으로, 전체 취업자 증가 폭(32만7000명)보다 적었다.",LOW_SEMANTIC_SCORE,취업자 증가 폭,PERSON,327000.0,명,2023년,,,전체 취업자,"{""item"": [""취업자""]}","[""취업자 증가 폭"", ""취업자"", ""전체 취업자""]",PRE_VERIFICATION,MISSING_FREQUENCY,0,미도달,미도달,미도달,미도달,미도달,미도달,미도달,미도달,0,0,0,0,PRE_VERIFICATION,,MISSING_FREQUENCY,사전 구조화,N,,
claim_4e7f395f77940f8f,RULE_DISCOVERY,생활 물가와 소비자물가 차이는 작년 상반기 0.6%포인트에서 하반기 0.1%포인트로 줄었다가 올해 1~5월 0.4%포인트로 다시 확대되는 추세다.,KOSIS_CATALOG_UNAVAILABLE,생활물가와 소비자물가의 차이,PERCENT_POINT,0.4,%포인트,2025년 1~5월,1~5월,,,"{""물가_유형"": [""생활물가와 소비자물가""]}","[""생활물가와 소비자물가의 차이"", ""생활물가와 소비자물가""]",COORDINATE_READY,,1,PASS,PASS,PASS,HOLD,미도달,미도달,미도달,미도달,0,0,0,0,HOLD,UNDETERMINED,NO_HARD_GUARD_CANDIDATE,필수 조건 검사,N,,
claim_5095c98de43d1375,INTERMEDIATE_VALIDATION,"하지만 작년 8월 2.1%로 낮췄고, 수출 둔화세가 본격화한 작년 3분기(7~9월) 이후인 작년 11월에는 이를 1.9%로 내려잡았다.","목표 수치 1.9%와 기준 수치 2.1%는 명확하지만, 대명사 '이를'이 가리키는 구체적 지표가 문장에 명시되지 않음",,PERCENT,1.9,%,작년 11월,,,,{},[],PRE_VERIFICATION,CLAIM_PARSE_UNCERTAIN|MISSING_INDICATOR|MISSING_FREQUENCY,0,미도달,미도달,미도달,미도달,미도달,미도달,미도달,미도달,0,0,0,0,PRE_VERIFICATION,,CLAIM_PARSE_UNCERTAIN|MISSING_INDICATOR|MISSING_FREQUENCY,사전 구조화,N,,
claim_51a6496f4aa68666,RULE_DISCOVERY,4일 통계청에 따르면 5월 소비자 물가 지수는 116.27(2020년을 100으로 본 상대적 지수)로 전년 동월 대비 1.9% 올랐다.,TARGET_VALUE_NOT_IN_SOURCE_SENTENCE,소비자물가지수,INDEX,116.27,지수(2020년=100),2025년 5월,월,,,"{""base_period"": [""2020=100""]}","[""소비자물가지수"", ""2020=100""]",PRE_VERIFICATION,TARGET_NOT_FOUND_IN_SOURCE|TARGET_VALUE_NOT_IN_SOURCE_SENTENCE,0,미도달,미도달,미도달,미도달,미도달,미도달,미도달,미도달,0,0,0,0,PRE_VERIFICATION,,TARGET_NOT_FOUND_IN_SOURCE|TARGET_VALUE_NOT_IN_SOURCE_SENTENCE,사전 구조화,N,,
claim_51d22b2304b36c5e,RULE_DISCOVERY,특히 20대 쉬었음 인구는 39만6000명으로 전년 동월 대비 2000명 늘었다.,CLAIM_PARSE_UNCERTAIN,쉬었음 인구,PERSON,396000.0,명,,월,전국,20대,{},"[""쉬었음 인구"", ""20대"", ""전국""]",PRE_VERIFICATION,CLAIM_PARSE_UNCERTAIN|MISSING_TIME,0,미도달,미도달,미도달,미도달,미도달,미도달,미도달,미도달,0,0,0,0,PRE_VERIFICATION,,CLAIM_PARSE_UNCERTAIN|MISSING_TIME,사전 구조화,N,,
claim_535e5c9e6674fa0e,RULE_DISCOVERY,지난 1월(13만5000명)부터 4개월 연속으로 취업자 증가폭이 10만명대를 기록한 것이다.,FETCH_FAILED,취업자 증가폭,PERSON,100000.0,명,지난 1월부터 4개월 연속,월,,취업자,{},"[""취업자 증가폭"", ""취업자""]",COORDINATE_READY,,1,PASS,PASS,PASS,PASS,PASS,PASS,HOLD,미도달,0,1,0,1,HOLD,UNDETERMINED,FETCH_FAILED,공식값 조회,N,https://kosis.kr/openapi/Param/statisticsParameterData.do?method=getList&orgId=101&tblId=DT_1DA7001S&itmId=T30&prdSe=M&startPrdDe=%EC%A7%80%EB%82%9C+1%EC%9B%94%EB%B6%80%ED%84%B0+4%EA%B0%9C%EC%9B%94+%EC%97%B0%EC%86%8D&endPrdDe=%EC%A7%80%EB%82%9C+1%EC%9B%94%EB%B6%80%ED%84%B0+4%EA%B0%9C%EC%9B%94+%EC%97%B0%EC%86%8D&objL1=0,
claim_57da797b1c0ab29f,RULE_DISCOVERY,"◇반도체로 2만불, 車로 3만불 시대… ‘4만불 엔진’은 안 보여 1만729달러(1994년)→2만162달러(2005년)→3만667달러(2014년). 한국 경제는 1인당 GDP가 1만달러 간격의 허들을 넘을 때마다 확실한 동력을 갖고 있었다.",KOSIS_CATALOG_UNAVAILABLE,1인당 GDP,CURRENCY,30667.0,달러,2014,년,한국,1인당,{},"[""1인당 GDP"", ""1인당"", ""한국""]",COORDINATE_READY,,1,PASS,PASS,PASS,HOLD,미도달,미도달,미도달,미도달,0,0,0,0,HOLD,UNDETERMINED,NO_EVIDENCE_COORDINATE_CANDIDATE,필수 조건 검사,N,,
claim_5c09a68c75dde0e2,RULE_DISCOVERY,"2일 통계청이 발표한 ‘4월 소비자물가 동향’에 따르면, 지난달 소비자물가 지수는 116.38로 전년 동월 대비 2.1% 올랐다.",TARGET_VALUE_NOT_IN_SOURCE_SENTENCE,소비자물가지수,INDEX,116.38,지수,2025년 4월,월,,,{},"[""소비자물가지수""]",PRE_VERIFICATION,TARGET_NOT_FOUND_IN_SOURCE|TARGET_VALUE_NOT_IN_SOURCE_SENTENCE,0,미도달,미도달,미도달,미도달,미도달,미도달,미도달,미도달,0,0,0,0,PRE_VERIFICATION,,TARGET_NOT_FOUND_IN_SOURCE|TARGET_VALUE_NOT_IN_SOURCE_SENTENCE,사전 구조화,N,,
claim_5f13c1222537880e,RULE_DISCOVERY,올해 두나무를 포함해 자산총액이 11조6000억원(최근 명목 GDP 확정치의 0.5%) 이상인 기업집단 46곳이 상호출자제한기업집단으로 지정됐다.,NO_HARD_GUARD_CANDIDATE,상호출자제한기업집단 지정 기업집단 수,UNKNOWN,46.0,곳,2025년,년,대한민국,기업집단,"{""지정기준"": [""자산총액 11조6000억원 이상""], ""포함기업"": [""두나무""]}","[""상호출자제한기업집단 지정 기업집단 수"", ""자산총액 11조6000억원 이상"", ""두나무"", ""기업집단"", ""대한민국""]",COORDINATE_READY,,1,PASS,PASS,PASS,HOLD,미도달,미도달,미도달,미도달,0,0,0,0,HOLD,UNDETERMINED,NO_HARD_GUARD_CANDIDATE,필수 조건 검사,N,,
claim_5f58fe9138cdce63,FINAL_BLIND,,NO_HARD_GUARD_CANDIDATE,취업자,PERSON,1688000.0,명,2025년 상반기,반기,대한민국,비거주복지시설운영업 취업자,"{""industry"": [""비거주복지시설운영업""]}","[""취업자"", ""비거주복지시설운영업"", ""비거주복지시설운영업 취업자"", ""대한민국""]",COORDINATE_READY,,1,PASS,PASS,PASS,HOLD,미도달,미도달,미도달,미도달,0,0,0,0,HOLD,UNDETERMINED,NO_HARD_GUARD_CANDIDATE,필수 조건 검사,N,,
claim_67d855f110aaaca9,INTERMEDIATE_VALIDATION,하지만 ‘양질의 일자리’로 꼽히는 제조업 분야 취업자 수는 5만6000명 줄어든 439만6000명으로 집계됐다.,MISSING_REQUIRED_SLOTS:time,취업자 수,PERSON,4396000.0,명,,,,,"{""산업"": [""제조업""]}","[""취업자 수"", ""제조업""]",PRE_VERIFICATION,CLAIM_PARSE_UNCERTAIN|MISSING_TIME|MISSING_FREQUENCY,0,미도달,미도달,미도달,미도달,미도달,미도달,미도달,미도달,0,0,0,0,PRE_VERIFICATION,,CLAIM_PARSE_UNCERTAIN|MISSING_TIME|MISSING_FREQUENCY,사전 구조화,N,,
claim_68783c5d74281af2,FINAL_BLIND,,NO_HARD_GUARD_CANDIDATE,상용근로자 수,PERSON,237000.0,명,2024,년,,1964년생 상용근로자,"{""age"": [""60세""]}","[""상용근로자 수"", ""60세"", ""1964년생 상용근로자""]",COORDINATE_READY,,1,PASS,PASS,PASS,HOLD,미도달,미도달,미도달,미도달,0,0,0,0,HOLD,UNDETERMINED,NO_HARD_GUARD_CANDIDATE,필수 조건 검사,N,,
claim_68f111412bb9df44,RULE_DISCOVERY,그런데 1~4월 고등어 수출량은 3만7888톤으로 전년 동월(1만4178톤) 대비 167%나 폭증했다.,NO_HARD_GUARD_CANDIDATE,수출량,QUANTITY,37888.0,톤,2025년 1~4월,1~4월 누계,,,"{""품목"": [""고등어""]}","[""수출량"", ""고등어""]",COORDINATE_READY,,1,PASS,PASS,PASS,HOLD,미도달,미도달,미도달,미도달,0,0,0,0,HOLD,UNDETERMINED,NO_HARD_GUARD_CANDIDATE,필수 조건 검사,N,,
claim_696fd653e7921dfb,FINAL_BLIND,,NO_HARD_GUARD_CANDIDATE,예산,CURRENCY,2400.0,억원,2025,년,,,"{""item"": [""수출 바우처""], ""program_scope"": [""관세 대응 수출 바우처 포함""]}","[""예산"", ""수출 바우처"", ""관세 대응 수출 바우처 포함""]",COORDINATE_READY,,1,PASS,PASS,PASS,HOLD,미도달,미도달,미도달,미도달,0,0,0,0,HOLD,UNDETERMINED,NO_HARD_GUARD_CANDIDATE,필수 조건 검사,N,,
claim_6b36a4392062740e,RULE_DISCOVERY,"15일 한국수입자동차협회(KAIDA)에 따르면, 작년 수입 승용차 판매량은 26만3288대로 2023년 대비 2.9％ 줄었다.",NO_EVIDENCE_COORDINATE_CANDIDATE,수입 승용차 판매량,QUANTITY,263288.0,대,2024,년,한국,,"{""item"": [""수입 승용차""]}","[""수입 승용차 판매량"", ""수입 승용차"", ""한국""]",COORDINATE_READY,,1,PASS,PASS,PASS,HOLD,미도달,미도달,미도달,미도달,0,0,0,0,HOLD,UNDETERMINED,NO_EVIDENCE_COORDINATE_CANDIDATE,필수 조건 검사,N,,
claim_70931b90f2bda6d9,RULE_DISCOVERY,"하지만 지난 1분기까지 4개 분기 연속 성장률이 0.1%를 밑돌자, 경기 부양에 추가 재정을 투입할 수 있다고 공식화한 것이다.",NO_HARD_GUARD_CANDIDATE,성장률,RATE,0.1,%,2025년 1분기,분기,,,"{""연속 기간"": [""4개 분기""]}","[""성장률"", ""4개 분기""]",COORDINATE_READY,,1,PASS,PASS,PASS,HOLD,미도달,미도달,미도달,미도달,0,0,0,0,HOLD,UNDETERMINED,NO_HARD_GUARD_CANDIDATE,필수 조건 검사,N,,
claim_7555330ed60c895a,RULE_DISCOVERY,"국가데이터처가 22일 발표한 '2025년 8월 경제활동인구조사 근로형태별 부가조사'에 따르면, 지난 8월 기준 비정규직 근로자는 856만8000명으로 전년 동월 대비 11만 명 증가했다.",NO_EVIDENCE_COORDINATE_CANDIDATE,근로자 수,PERSON,8568000.0,명,2025년 8월,월,대한민국,근로자,"{""근로형태"": [""비정규직""]}","[""근로자 수"", ""비정규직"", ""근로자"", ""대한민국""]",COORDINATE_READY,,1,PASS,PASS,PASS,HOLD,미도달,미도달,미도달,미도달,0,0,0,0,HOLD,UNDETERMINED,NO_EVIDENCE_COORDINATE_CANDIDATE,필수 조건 검사,N,,
claim_7ad81eaa7dd92bd5,RULE_DISCOVERY,작년 대미 철강 수출액은 35억5000만달러(약 4조9000억원)였다.,TARGET_VALUE_NOT_IN_SOURCE_SENTENCE,수출액,CURRENCY,3550000000.0,미국 달러,2024년,년,미국,,"{""무역 상대국"": [""미국""], ""품목"": [""철강""]}","[""수출액"", ""미국"", ""철강""]",PRE_VERIFICATION,TARGET_NOT_FOUND_IN_SOURCE|TARGET_VALUE_NOT_IN_SOURCE_SENTENCE,0,미도달,미도달,미도달,미도달,미도달,미도달,미도달,미도달,0,0,0,0,PRE_VERIFICATION,,TARGET_NOT_FOUND_IN_SOURCE|TARGET_VALUE_NOT_IN_SOURCE_SENTENCE,사전 구조화,N,,
claim_7e26ca8b021dc775,RULE_DISCOVERY,작년에도 대졸 실업률(5.8%)이 고졸(5.1%)을 웃돌았고 올 들어서도 이런 상황이 이어지고 있다.,NO_EVIDENCE_COORDINATE_CANDIDATE,실업률,RATE,5.8,%,2024년,년,한국,,"{""학력"": [""대졸""]}","[""실업률"", ""대졸"", ""한국""]",COORDINATE_READY,,1,PASS,PASS,PASS,HOLD,미도달,미도달,미도달,미도달,0,0,0,0,HOLD,UNDETERMINED,NO_EVIDENCE_COORDINATE_CANDIDATE,필수 조건 검사,N,,
claim_7e7c3ca7eabeece5,RULE_DISCOVERY,"올해 들어 소비자물가는 지난 1월(2.2%)부터 2월(2.0%), 3월(2.1%), 그리고 4월까지 넉 달 연속으로 2%대를 유지하고 있다.",TARGET_AMBIGUOUS_IN_SOURCE,소비자물가 상승률,RATE,2.0,%,올해 4월,월,대한민국,,{},"[""소비자물가 상승률"", ""대한민국""]",COORDINATE_READY,,1,PASS,PASS,PASS,HOLD,미도달,미도달,미도달,미도달,0,0,0,0,HOLD,UNDETERMINED,NO_EVIDENCE_COORDINATE_CANDIDATE,필수 조건 검사,N,,
claim_818db34e5f32e0ef,RULE_DISCOVERY,지난달 제조업 취업자는 439만7000명으로 전년 동월 대비 12만4000명 줄었다.,NO_HARD_GUARD_CANDIDATE,취업자,PERSON,4397000.0,명,2025년 4월,월,,취업자,"{""산업"": [""제조업""]}","[""취업자"", ""제조업""]",COORDINATE_READY,,1,PASS,PASS,PASS,PASS,PASS,PASS,PASS,PASS,0,1,1,1,AUTO,MATCH,WITHIN_TOLERANCE,완료,Y,https://kosis.kr/openapi/Param/statisticsParameterData.do?method=getList&orgId=101&tblId=DT_1DA7E06S_NEW&itmId=T30&prdSe=M&startPrdDe=202504&endPrdDe=202504&objL1=10,cc8f3c2b54711dba4beae3978eee08274ee852f85443a8b81b9b2294c43503a8
claim_8553de442b750f6e,RULE_DISCOVERY,"소비자물가는 작년 9월(1.6%)부터 12월(1.9%)까지 4개월간 1%대를 유지하다가, 올해 들어 지난 1월(2.2%)과 2월(2%)에 이어 세 달 연속으로 2%대를 기록했다.",NO_HARD_GUARD_CANDIDATE,소비자물가,PERCENT,2.0,%,2025년 3월,월,,,{},"[""소비자물가""]",COORDINATE_READY,,1,PASS,PASS,PASS,HOLD,미도달,미도달,미도달,미도달,0,0,0,0,HOLD,UNDETERMINED,NO_HARD_GUARD_CANDIDATE,필수 조건 검사,N,,
claim_863eebfa6f331bc6,RULE_DISCOVERY,"2일 한국수입자동차협회(KAIDA)에 따르면, 지난해 국내에서 판매된 수입 SUV는 12만7754대로 집계돼 세단(12만6881대)보다 많았다.",NO_HARD_GUARD_CANDIDATE,수입액,CURRENCY,127754.0,대,2024,년,전국,,"{""품목"": [""자동차""]}","[""수입액"", ""자동차"", ""전국""]",COORDINATE_READY,,1,PASS,PASS,PASS,HOLD,미도달,미도달,미도달,미도달,0,0,0,0,HOLD,UNDETERMINED,NO_HARD_GUARD_CANDIDATE,필수 조건 검사,N,,
claim_86c3569ecb965994,FINAL_BLIND,,KOSIS_CATALOG_UNAVAILABLE,잠재성장률,RATE,3.0,%,2010년대,decade,대한민국,,{},"[""잠재성장률"", ""대한민국""]",COORDINATE_READY,,1,PASS,PASS,PASS,HOLD,미도달,미도달,미도달,미도달,0,0,0,0,HOLD,UNDETERMINED,NO_HARD_GUARD_CANDIDATE,필수 조건 검사,N,,
claim_876392cfe0983300,RULE_DISCOVERY,"올해 내수의 성장률 기여도는 0.8%포인트, 순수출 성장률 기여도는 0%포인트 정도로 봤다.",KOSIS_CATALOG_UNAVAILABLE,성장률 기여도,CONTRIBUTION,0.0,%포인트,2025년,년,,,"{""item"": [""순수출""]}","[""성장률 기여도"", ""순수출""]",COORDINATE_READY,,1,PASS,PASS,PASS,HOLD,미도달,미도달,미도달,미도달,0,0,0,0,HOLD,UNDETERMINED,NO_EVIDENCE_COORDINATE_CANDIDATE,필수 조건 검사,N,,
claim_8aa30da67bf9f7e7,RULE_DISCOVERY,"지난달 실업률은 3.8%로 2022년 1월(4.1%) 이후 가장 높았고, 청년 실업률은 5.9%로 6%에 육박했다.",AMBIGUOUS_MARGIN,실업률,RATE,5.9,%,2024년 12월,월,,청년,{},"[""실업률"", ""청년""]",COORDINATE_READY,,1,PASS,PASS,PASS,HOLD,미도달,미도달,미도달,미도달,0,0,0,0,HOLD,UNDETERMINED,NO_HARD_GUARD_CANDIDATE,필수 조건 검사,N,,
claim_8cae8d34eacd941c,RULE_DISCOVERY,농림축산식품부는 6일 올해 상반기 아이스크림 수출액이 6550만달러(894억원)를 기록했다고 밝혔다.,NO_HARD_GUARD_CANDIDATE,수출액,CURRENCY,6550.0,만달러,2025년 상반기,반기,대한민국,,"{""품목"": [""아이스크림""]}","[""수출액"", ""아이스크림"", ""대한민국""]",COORDINATE_READY,,1,PASS,PASS,PASS,HOLD,미도달,미도달,미도달,미도달,0,0,0,0,HOLD,UNDETERMINED,NO_HARD_GUARD_CANDIDATE,필수 조건 검사,N,,
claim_9560077fad71b3bd,RULE_DISCOVERY,9일 국회 보건복지위원회 소속 김선민(조국혁신당) 의원이 국가데이터처 자료를 분석한 결과 인구 감소 지역으로 지정된 전국 89개 시군구의 지난해 자살률은 인구 10만명당 36.3명이었다.,TARGET_VALUE_NOT_IN_SOURCE_SENTENCE,자살률,RATE,36.3,명/인구 10만명,2024년,년,전국 89개 시군구,인구 감소 지역으로 지정된 지역의 인구,{},"[""자살률"", ""인구 감소 지역으로 지정된 지역의 인구"", ""전국 89개 시군구""]",PRE_VERIFICATION,TARGET_NOT_FOUND_IN_SOURCE|TARGET_VALUE_NOT_IN_SOURCE_SENTENCE,0,미도달,미도달,미도달,미도달,미도달,미도달,미도달,미도달,0,0,0,0,PRE_VERIFICATION,,TARGET_NOT_FOUND_IN_SOURCE|TARGET_VALUE_NOT_IN_SOURCE_SENTENCE,사전 구조화,N,,
claim_98c3281f01004e9b,RULE_DISCOVERY,"지난해 기준 65세 이상 연금 소득자의 월평균 연금 소득은 70~80만원 수준으로, 같은 해 1인 가구 월 최저 생계비(134만원)에 못 미친다는 설명이다.",NO_EVIDENCE_COORDINATE_CANDIDATE,월평균 연금 소득,CURRENCY,80.0,만원,지난해,월,,65세 이상 연금 소득자,{},"[""월평균 연금 소득"", ""65세 이상 연금 소득자""]",COORDINATE_READY,,1,PASS,PASS,PASS,HOLD,미도달,미도달,미도달,미도달,0,0,0,0,HOLD,UNDETERMINED,NO_EVIDENCE_COORDINATE_CANDIDATE,필수 조건 검사,N,,
claim_9db81e638a810385,RULE_DISCOVERY,1일 관세청은 이달 1~20일 대미 수출이 작년 같은 기간과 비교해 14.3% 급감한 61억8200만달러(약 8조7700억원)를 나타냈다고 밝혔다.,TARGET_VALUE_NOT_IN_SOURCE_SENTENCE,대미 수출액,CURRENCY,6182000000.0,미국 달러,2025-04-01/2025-04-20,월,대한민국,,"{""무역 상대국"": [""미국""]}","[""대미 수출액"", ""미국"", ""대한민국""]",PRE_VERIFICATION,TARGET_NOT_FOUND_IN_SOURCE|TARGET_VALUE_NOT_IN_SOURCE_SENTENCE,0,미도달,미도달,미도달,미도달,미도달,미도달,미도달,미도달,0,0,0,0,PRE_VERIFICATION,,TARGET_NOT_FOUND_IN_SOURCE|TARGET_VALUE_NOT_IN_SOURCE_SENTENCE,사전 구조화,N,,
claim_9e3fa367e9e40c46,INTERMEDIATE_VALIDATION,"고용노동부가 사업체 5만여 곳을 대상으로 조사한 결과에 따르면 지난해 우리나라 근로자 월평균 명목임금은 407만9000원이고, 물가 수준을 고려한 실질임금은 월평균 357만3000원이다.",KOSIS_METADATA_UNAVAILABLE,물가상승률,RATE,4079000.0,원,2024,년,전국,,{},"[""물가상승률"", ""전국""]",COORDINATE_READY,,1,PASS,PASS,PASS,HOLD,미도달,미도달,미도달,미도달,0,0,0,0,HOLD,UNDETERMINED,NO_EVIDENCE_COORDINATE_CANDIDATE,필수 조건 검사,N,,
claim_a2739266c650400b,RULE_DISCOVERY,2023년 말 약 1127조원으로 국내총생산(GDP)의 46.9%다.,CLAIM_PARSE_UNCERTAIN,,CURRENCY,1127.0,조원,2023년 말,,한국,,{},"[""한국""]",PRE_VERIFICATION,CLAIM_PARSE_UNCERTAIN|MISSING_INDICATOR|MISSING_FREQUENCY,0,미도달,미도달,미도달,미도달,미도달,미도달,미도달,미도달,0,0,0,0,PRE_VERIFICATION,,CLAIM_PARSE_UNCERTAIN|MISSING_INDICATOR|MISSING_FREQUENCY,사전 구조화,N,,
claim_a39c95dc02922b4e,RULE_DISCOVERY,고령 돌봄 수요 확대 등에 따라 지난달 보건·사회복지서비스업 취업자 수는 323만4000명으로 전년 동월 대비 21만6000명 증가했다.,NO_HARD_GUARD_CANDIDATE,취업자 수,PERSON,3234000.0,명,2025년 6월,월,대한민국,취업자,"{""산업"": [""보건·사회복지서비스업""]}","[""취업자 수"", ""보건·사회복지서비스업"", ""취업자"", ""대한민국""]",COORDINATE_READY,,1,PASS,PASS,PASS,HOLD,미도달,미도달,미도달,미도달,0,0,0,0,HOLD,UNDETERMINED,NO_HARD_GUARD_CANDIDATE,필수 조건 검사,N,,
claim_a3d2eacdeae596da,RULE_DISCOVERY,"전국 농가 수는 1970년 약 248만3000가구였지만, 1984년 약 197만 3000가구로 처음 200만 가구 아래로 떨어진 뒤 2023년에는 100만 가구 선도 깨졌다.",NO_HARD_GUARD_CANDIDATE,농가 수,UNKNOWN,1973000.0,가구,1984년,년,전국,농가,{},"[""농가 수"", ""농가"", ""전국""]",COORDINATE_READY,,1,PASS,PASS,PASS,HOLD,미도달,미도달,미도달,미도달,0,0,0,0,HOLD,UNDETERMINED,NO_HARD_GUARD_CANDIDATE,필수 조건 검사,N,,
claim_a4c35c85011066cd,RULE_DISCOVERY,"출생아 수는 1995년생(69만1226명)부터 60만명대로 내려앉고, 2001년생은 50만명대(55만9934명), 2002년생(49만6911명)부터는 40만명대로 줄어든다.",NO_HARD_GUARD_CANDIDATE,출생아 수,PERSON,691226.0,명,1995년,,,,"{""출생연도"": [""1995년생""]}","[""출생아 수"", ""1995년생""]",PRE_VERIFICATION,MISSING_FREQUENCY,0,미도달,미도달,미도달,미도달,미도달,미도달,미도달,미도달,0,0,0,0,PRE_VERIFICATION,,MISSING_FREQUENCY,사전 구조화,N,,
claim_a8ea1441d888bb96,RULE_DISCOVERY,작년까지만 해도 전문대 졸업자 실업률(4.8%)이 고졸 실업률(5.1%)보다 낮았다.,FETCH_FAILED,실업률,RATE,4.8,%,작년까지,,,,"{""학력"": [""전문대 졸업자""]}","[""실업률"", ""전문대 졸업자""]",PRE_VERIFICATION,MISSING_FREQUENCY,0,미도달,미도달,미도달,미도달,미도달,미도달,미도달,미도달,0,0,0,0,PRE_VERIFICATION,,MISSING_FREQUENCY,사전 구조화,N,,
claim_a91758e1b4b33569,RULE_DISCOVERY,분기별 출생아 수가 6만5000명을 넘어선 것 자체도 지난 2022년 1분기(6만8339명) 이후 3년 만이다.,CALCULATION_EVIDENCE_PLAN_UNRESOLVED,출생아 수,PERSON,,명,2025년 1분기,분기,,출생아,{},"[""출생아 수"", ""출생아""]",PRE_VERIFICATION,MISSING_VALUE,0,미도달,미도달,미도달,미도달,미도달,미도달,미도달,미도달,0,0,0,0,PRE_VERIFICATION,,MISSING_VALUE,사전 구조화,N,,
claim_a9e9a18c31e048f0,RULE_DISCOVERY,"2일 통계청이 발표한 ‘6월 소비자 물가 동향’에 따르면, 지난달 소비자물가 지수는 116.31(2020년=100)로 작년 동월 대비 2.2% 올랐다.",TARGET_VALUE_NOT_IN_SOURCE_SENTENCE,소비자물가지수,INDEX,116.31,지수(2020년=100),2025년 6월,월,대한민국,,"{""기준연도"": [""2020=100""]}","[""소비자물가지수"", ""2020=100"", ""대한민국""]",PRE_VERIFICATION,TARGET_NOT_FOUND_IN_SOURCE|TARGET_VALUE_NOT_IN_SOURCE_SENTENCE,0,미도달,미도달,미도달,미도달,미도달,미도달,미도달,미도달,0,0,0,0,PRE_VERIFICATION,,TARGET_NOT_FOUND_IN_SOURCE|TARGET_VALUE_NOT_IN_SOURCE_SENTENCE,사전 구조화,N,,
claim_ab7eebfc50678e82,RULE_DISCOVERY,"실업률은 4% 수준이고, 작년 12월에는 일자리 25만개가 새로 만들어졌다.",CLAIM_PARSE_UNCERTAIN,실업률,RATE,4.0,%,,,,,{},"[""실업률""]",PRE_VERIFICATION,CLAIM_PARSE_UNCERTAIN|MISSING_TIME|MISSING_FREQUENCY,0,미도달,미도달,미도달,미도달,미도달,미도달,미도달,미도달,0,0,0,0,PRE_VERIFICATION,,CLAIM_PARSE_UNCERTAIN|MISSING_TIME|MISSING_FREQUENCY,사전 구조화,N,,
claim_ac272991918f1c8e,RULE_DISCOVERY,국내 농가 수는 지난 2023년 99만9000가구를 기록하며 처음으로 100만 가구 아래로 떨어진 이후 하락세가 지속되고 있다.,NO_HARD_GUARD_CANDIDATE,농가 수,UNKNOWN,999000.0,가구,2023,년,국내,농가,{},"[""농가 수"", ""농가"", ""국내""]",COORDINATE_READY,,1,PASS,PASS,PASS,HOLD,미도달,미도달,미도달,미도달,0,0,0,0,HOLD,UNDETERMINED,NO_EVIDENCE_COORDINATE_CANDIDATE,필수 조건 검사,N,,
claim_accf2f7d9058e976,RULE_DISCOVERY,"통계청이 집계하는 가공식품 품목 73개 가운데 라면과 초콜릿(20.4%), 고추장(14.2%), 김치(14.2%), 빵(6.4%) 등 62개 가격이 올라 지난달 가공식품 물가는 4.6%나 뛰었다.",KOSIS_CATALOG_UNAVAILABLE,가공식품 가격,PERCENT,20.4,%,2025년 6월,월,대한민국,,"{""product"": [""라면과 초콜릿""]}","[""가공식품 가격"", ""라면과 초콜릿"", ""대한민국""]",COORDINATE_READY,,1,PASS,PASS,PASS,HOLD,미도달,미도달,미도달,미도달,0,0,0,0,HOLD,UNDETERMINED,NO_HARD_GUARD_CANDIDATE,필수 조건 검사,N,,
claim_afe4998fc4e1a479,RULE_DISCOVERY,지난달 20대 고용률은 60.7%로 전체 고용률(63.7%)보다 3%포인트 낮았다.,KOSIS_METADATA_UNAVAILABLE,고용률,RATE,60.7,%,2025년 9월,월,,20대,{},"[""고용률"", ""20대""]",COORDINATE_READY,,1,PASS,PASS,PASS,PASS,PASS,PASS,HOLD,미도달,0,1,0,1,HOLD,UNDETERMINED,AS_OF_UNAVAILABLE,공식값 조회,N,https://kosis.kr/openapi/Param/statisticsParameterData.do?method=getList&orgId=101&tblId=DT_1DA7002S&itmId=T90&prdSe=M&startPrdDe=202509&endPrdDe=202509&objL1=20,1218151f888621c5f9410436c9488abdc36b10b3e17b5a27321007dd9af735cb
claim_b0c618819d2bd081,RULE_DISCOVERY,키움증권은 올해 5월 19일 기준 국내 제약 바이오 기술 수출액이 62억달러(약 8조5500억원)에 달했다고 최근 밝혔다.,KOSIS_METADATA_UNAVAILABLE,기술 수출액,CURRENCY,62.0,억달러,올해 5월 19일,누계,국내,,"{""산업"": [""제약 바이오""]}","[""기술 수출액"", ""제약 바이오"", ""국내""]",COORDINATE_READY,,1,PASS,PASS,PASS,HOLD,미도달,미도달,미도달,미도달,0,0,0,0,HOLD,UNDETERMINED,NO_HARD_GUARD_CANDIDATE,필수 조건 검사,N,,
claim_b256cf2d4da2d9f2,INTERMEDIATE_VALIDATION,28일 한국수입자동차협회(KAIDA)에 따르면 작년 1~12월 1억원이 넘는 수입차는 총 6만2520대가 판매됐다.,KOSIS_CATALOG_UNAVAILABLE,수입차 판매 대수,QUANTITY,62520.0,대,2024,년,한국,수입차,"{""가격"": [""1억원 초과""]}","[""수입차 판매 대수"", ""1억원 초과"", ""수입차"", ""한국""]",COORDINATE_READY,,1,PASS,PASS,PASS,HOLD,미도달,미도달,미도달,미도달,0,0,0,0,HOLD,UNDETERMINED,NO_HARD_GUARD_CANDIDATE,필수 조건 검사,N,,
claim_b50c19825fa9649a,RULE_DISCOVERY,청년 고용률이 45% 아래로 떨어진 건 코로나가 한창 기승하던 2021년 5월(44.4%) 이후 43개월 만이다.,AMBIGUOUS_MARGIN,고용률,RATE,,%,2024년 12월,월,,청년,{},"[""고용률"", ""청년""]",PRE_VERIFICATION,MISSING_VALUE,0,미도달,미도달,미도달,미도달,미도달,미도달,미도달,미도달,0,0,0,0,PRE_VERIFICATION,,MISSING_VALUE,사전 구조화,N,,
claim_b667efa0aa57cc9a,RULE_DISCOVERY,"대미 수출액은 2021년 69억1200만달러에서 2022년 80억3000만달러, 2023년 80억8700만달러로 늘어왔다.",DIRECT_VALUE_CHANGE_TARGET_MISCLASSIFIED,대미 수출액,CURRENCY,8087000000.0,달러,2023,년,미국,,{},"[""대미 수출액"", ""미국""]",PRE_VERIFICATION,DIRECT_VALUE_CHANGE_TARGET_MISCLASSIFIED,0,미도달,미도달,미도달,미도달,미도달,미도달,미도달,미도달,0,0,0,0,PRE_VERIFICATION,,DIRECT_VALUE_CHANGE_TARGET_MISCLASSIFIED,사전 구조화,N,,
claim_b771764a1b4cbdfa,RULE_DISCOVERY,"1990년대까지 두 자릿수 성장률을 보였던 한국의 경제성장률은 2000년대 들어선 5%대, 2010년대엔 3%대, 2020년대 이후엔 2%대로 떨어지면서 피크 코리아 주장이 강해지고 있다.",LOW_SEMANTIC_SCORE,경제성장률,RATE,2.0,%,2020년대 이후,년,한국,,{},"[""경제성장률"", ""한국""]",COORDINATE_READY,,1,PASS,PASS,PASS,PASS,PASS,PASS,HOLD,미도달,0,1,0,1,HOLD,UNDETERMINED,FETCH_FAILED,공식값 조회,N,https://kosis.kr/openapi/Param/statisticsParameterData.do?method=getList&orgId=101&tblId=DT_1YL20571&itmId=T10&prdSe=Y&startPrdDe=2020%EB%8C%80+%EC%9D%B4%ED%9B%84&endPrdDe=2020%EB%8C%80+%EC%9D%B4%ED%9B%84&objL1=00,
claim_bca90962953a18c9,FINAL_BLIND,,KOSIS_METADATA_UNAVAILABLE,수출액,CURRENCY,14.0,대,2024,년,,,"{""교역상대국"": [""미국""], ""품목"": [""반도체"", ""자동차""]}","[""수출액"", ""반도체"", ""자동차"", ""미국""]",COORDINATE_READY,,1,PASS,PASS,PASS,HOLD,미도달,미도달,미도달,미도달,0,0,0,0,HOLD,UNDETERMINED,NO_HARD_GUARD_CANDIDATE,필수 조건 검사,N,,
claim_bf069e7a5b2482e3,RULE_DISCOVERY,"지난 1분기 25~34세 인구는 697만6000명으로, 작년 1분기(697만7000명)와 비슷했다.",NO_HARD_GUARD_CANDIDATE,인구,PERSON,6976000.0,명,2025년 1분기,분기,,25~34세 인구,"{""age"": [""25~34세""]}","[""인구"", ""25~34세"", ""25~34세 인구""]",COORDINATE_READY,,1,PASS,PASS,PASS,HOLD,미도달,미도달,미도달,미도달,0,0,0,0,HOLD,UNDETERMINED,NO_HARD_GUARD_CANDIDATE,필수 조건 검사,N,,
claim_c15918a1987e652a,RULE_DISCOVERY,"성장률이 3개 분기 연속으로 0.1% 이하를 기록한 것은 외환 위기 직격탄을 맞은 1997년 4분기(-0.6%), 1998년 1분기(-6.7%), 2분기(-0.8%) 이후 26년 만에 처음이다.",RELATIVE_TIME_UNRESOLVED,성장률,RATE,0.1,%,기사 발표 시점 기준 최근 3개 분기,분기,,,{},"[""성장률""]",COORDINATE_READY,,1,미도달,미도달,미도달,미도달,미도달,미도달,미도달,미도달,0,0,0,0,HUMAN_REVIEW,,RELATIVE_TIME_UNRESOLVED,최종 판정,N,,
claim_c320d346f775fb73,RULE_DISCOVERY,작년 남성 일반 혼인율은 9.9건으로 그해 혼인 건수(22만2412건)를 15세 이상 남성 인구(2245만9000명)로 나눈 후 1000을 곱한 값이다.,TARGET_VALUE_NOT_IN_SOURCE_SENTENCE,일반 혼인율,UNKNOWN,9.9,"건/1,000명",2024년,년,대한민국,"남성, 15세 이상","{""sex"": [""남성""], ""성별"": [""남성""], ""혼인 유형"": [""일반 혼인""]}","[""일반 혼인율"", ""남성"", ""일반 혼인"", ""남성, 15세 이상"", ""대한민국""]",PRE_VERIFICATION,TARGET_NOT_FOUND_IN_SOURCE|TARGET_VALUE_NOT_IN_SOURCE_SENTENCE,0,미도달,미도달,미도달,미도달,미도달,미도달,미도달,미도달,0,0,0,0,PRE_VERIFICATION,,TARGET_NOT_FOUND_IN_SOURCE|TARGET_VALUE_NOT_IN_SOURCE_SENTENCE,사전 구조화,N,,
claim_c598b89c89778fed,FINAL_BLIND,,KOSIS_METADATA_UNAVAILABLE,수출량,QUANTITY,9663.0,대,2025-01/2025-04,누계,,,"{""차종"": [""아이오닉5""]}","[""수출량"", ""아이오닉5""]",COORDINATE_READY,,1,PASS,PASS,PASS,HOLD,미도달,미도달,미도달,미도달,0,0,0,0,HOLD,UNDETERMINED,NO_HARD_GUARD_CANDIDATE,필수 조건 검사,N,,
claim_c7cdbd6b0386dfbf,RULE_DISCOVERY,관세청은 5월 1~20일 대미(對美) 수출액이 작년 같은 기간보다 14.6% 급감한 52억5400만달러(약 7조2900억원)였다고 집계했다.,TARGET_VALUE_NOT_IN_SOURCE_SENTENCE,수출액,CURRENCY,5.254,billion USD,2025-05-01/2025-05-20,월,,,"{""trade_partner"": [""미국""]}","[""수출액"", ""미국""]",PRE_VERIFICATION,TARGET_NOT_FOUND_IN_SOURCE|TARGET_VALUE_NOT_IN_SOURCE_SENTENCE,0,미도달,미도달,미도달,미도달,미도달,미도달,미도달,미도달,0,0,0,0,PRE_VERIFICATION,,TARGET_NOT_FOUND_IN_SOURCE|TARGET_VALUE_NOT_IN_SOURCE_SENTENCE,사전 구조화,N,,
claim_c91a83f4d40b12ab,RULE_DISCOVERY,올해 두나무를 포함해 자산총액이 11조6000억원(최근 명목 GDP 확정치의 0.5%) 이상인 기업집단 46곳이 상호출자제한기업집단으로 지정됐다.,NO_HARD_GUARD_CANDIDATE,상호출자제한기업집단 지정 기준 자산총액,CURRENCY,11.6,조원,2025년,년,대한민국,기업집단,"{""designated_group_count"": [""46곳""], ""included_entity"": [""두나무""]}","[""상호출자제한기업집단 지정 기준 자산총액"", ""46곳"", ""두나무"", ""기업집단"", ""대한민국""]",COORDINATE_READY,,1,PASS,PASS,PASS,HOLD,미도달,미도달,미도달,미도달,0,0,0,0,HOLD,UNDETERMINED,NO_HARD_GUARD_CANDIDATE,필수 조건 검사,N,,
claim_cafe56bb76521bbb,RULE_DISCOVERY,지난달 청년 실업률이 7% 중반까지 치솟아 코로나 대유행으로 실업률이 10%까지 치솟았던 2021년 이후 4년 만에 가장 높았다.,NO_EVIDENCE_COORDINATE_CANDIDATE,실업률,RATE,7.0,%,지난달,월,,청년,"{""age_group"": [""청년""]}","[""실업률"", ""청년""]",COORDINATE_READY,,1,PASS,PASS,PASS,HOLD,미도달,미도달,미도달,미도달,0,0,0,0,HOLD,UNDETERMINED,NO_EVIDENCE_COORDINATE_CANDIDATE,필수 조건 검사,N,,
claim_cbad041451547ab2,RULE_DISCOVERY,"연간 경제성장률이 3~4%에 달하던 시절은 아련하고, 지금은 1% 성장률에 머물러 있다.",FETCH_FAILED,경제성장률,RATE,1.0,%,현재,년,지금,,{},"[""경제성장률"", ""지금""]",COORDINATE_READY,,1,PASS,PASS,PASS,HOLD,미도달,미도달,미도달,미도달,0,0,0,0,HOLD,UNDETERMINED,NO_EVIDENCE_COORDINATE_CANDIDATE,필수 조건 검사,N,,
claim_cc17969f6e1ae43c,INTERMEDIATE_VALIDATION,"우리나라 역시 GDP 대비 정부 부채 비율이 2000년부터 2023년까지 34.6%포인트 늘었는데, 고령화와 관련이 높은 사회수혜금(44.5%포인트), 사회보장현물(49.8%) 지출이 큰 영향을 끼쳤다.",KOSIS_CATALOG_UNAVAILABLE,사회수혜금 지출,PERCENT_POINT,44.5,%포인트,2000년부터 2023년까지,,우리나라,,"{""항목"": [""사회수혜금""]}","[""사회수혜금 지출"", ""사회수혜금"", ""우리나라""]",PRE_VERIFICATION,MISSING_FREQUENCY,0,미도달,미도달,미도달,미도달,미도달,미도달,미도달,미도달,0,0,0,0,PRE_VERIFICATION,,MISSING_FREQUENCY,사전 구조화,N,,
claim_cce2f043f3f0e786,RULE_DISCOVERY,"전년 동월 대비 비정규직이 늘어난 산업은 보건사회복지업(21만명), 운수창고업(3만9000명)이었고, 숙박음식업(-5만8000명), 건설업(-5만1000명), 도소매업(-4만1000명), 제조업(-3만2000명)은 감소했다.",NO_HARD_GUARD_CANDIDATE,비정규직 수 증감,PERSON,210000.0,명,전년 동월,월,,비정규직,"{""산업"": [""보건사회복지업""]}","[""비정규직 수 증감"", ""보건사회복지업"", ""비정규직""]",COORDINATE_READY,,1,PASS,PASS,PASS,HOLD,미도달,미도달,미도달,미도달,0,0,0,0,HOLD,UNDETERMINED,NO_HARD_GUARD_CANDIDATE,필수 조건 검사,N,,
claim_cd57273d71240241,INTERMEDIATE_VALIDATION,"통계청이 이날 처음으로 공개한 어머니 연령별 출산율 자료에 따르면, 지난 1월 30~34세 여성 1000명당 출생아 수를 뜻하는 30대 초반 출산율은 81.1명을 기록했다.",TARGET_VALUE_NOT_IN_SOURCE_SENTENCE,출산율,UNKNOWN,81.1,명/여성 1000명,2025년 1월,월,대한민국,여성,"{""age_group"": [""30~34세""], ""sex"": [""여성""]}","[""출산율"", ""30~34세"", ""여성"", ""대한민국""]",PRE_VERIFICATION,TARGET_NOT_FOUND_IN_SOURCE|TARGET_VALUE_NOT_IN_SOURCE_SENTENCE,0,미도달,미도달,미도달,미도달,미도달,미도달,미도달,미도달,0,0,0,0,PRE_VERIFICATION,,TARGET_NOT_FOUND_IN_SOURCE|TARGET_VALUE_NOT_IN_SOURCE_SENTENCE,사전 구조화,N,,
claim_cdacc78d98fd1e6b,FINAL_BLIND,,KOSIS_METADATA_UNAVAILABLE,수출액,CURRENCY,1503640000.0,달러,2024년,년,,,"{""무역상대국"": [""미국""], ""품목"": [""의약품""]}","[""수출액"", ""미국"", ""의약품""]",COORDINATE_READY,,1,PASS,PASS,PASS,HOLD,미도달,미도달,미도달,미도달,0,0,0,0,HOLD,UNDETERMINED,NO_HARD_GUARD_CANDIDATE,필수 조건 검사,N,,
claim_ce084f39d9613e94,FINAL_BLIND,,KOSIS_CATALOG_UNAVAILABLE,법인세 수입,CURRENCY,625000.0,억원,2024,년,,,{},"[""법인세 수입""]",PRE_VERIFICATION,TARGET_NOT_FOUND_IN_SOURCE,0,미도달,미도달,미도달,미도달,미도달,미도달,미도달,미도달,0,0,0,0,PRE_VERIFICATION,,TARGET_NOT_FOUND_IN_SOURCE,사전 구조화,N,,
claim_ce14765a78a0675e,INTERMEDIATE_VALIDATION,"3일 국가데이터처의 경제활동인구조사 마이크로데이터를 분석한 결과에 따르면, 지난 9월 기준 국내 부업자 수는 67만9367명으로 지난해 9월(65만5475명)보다 2만4000명가량 늘었다.",KOSIS_CATALOG_UNAVAILABLE,부업자 수,PERSON,679367.0,명,2025년 9월,월,국내,,{},"[""부업자 수"", ""국내""]",COORDINATE_READY,,1,PASS,PASS,PASS,HOLD,미도달,미도달,미도달,미도달,0,0,0,0,HOLD,UNDETERMINED,NO_HARD_GUARD_CANDIDATE,필수 조건 검사,N,,
claim_d16538d7381cefb2,INTERMEDIATE_VALIDATION,"작년 1억원 이상 수입차에서 가장 인기 있는 모델 5개 중 SUV가 3개, 세단은 1개였다.",NO_EVIDENCE_COORDINATE_CANDIDATE,수입액,CURRENCY,100000000.0,원,2024,년,,,{},"[""수입액""]",COORDINATE_READY,,1,PASS,PASS,PASS,HOLD,미도달,미도달,미도달,미도달,0,0,0,0,HOLD,UNDETERMINED,NO_EVIDENCE_COORDINATE_CANDIDATE,필수 조건 검사,N,,
claim_d1831985171d074b,RULE_DISCOVERY,◇‘쉬었음’ 청년 50만명 넘어 12일 통계청은 ‘2월 고용 동향’에서 지난달 15~29세 청년층의 ‘쉬었음’ 인구가 50만4000명으로 전년 같은 달 대비 6만1000명 늘었다고 밝혔다.,FETCH_FAILED,쉬었음 인구,PERSON,504000.0,명,2025년 2월,월,,15~29세 청년층,"{""age"": [""15~29세""], ""상태"": [""쉬었음""]}","[""쉬었음 인구"", ""15~29세"", ""쉬었음"", ""15~29세 청년층""]",COORDINATE_READY,,1,PASS,PASS,PASS,PASS,PASS,PASS,PASS,PASS,0,1,1,1,AUTO,MATCH,WITHIN_TOLERANCE,완료,Y,https://kosis.kr/openapi/Param/statisticsParameterData.do?method=getList&orgId=101&tblId=DT_1DA7147S&itmId=T50&prdSe=M&startPrdDe=202502&endPrdDe=202502&objL1=75&objL2=905,4dd0aab2676bd3ed1316b18468e9e7032608e7e155d0000afccda01f3f08d676
claim_d3cfc35992f45b90,INTERMEDIATE_VALIDATION,비상 계엄 파문 이전인 작년... 3분기 연속 제로 성장… 현실이 된 '피크 코리아' -0.2%(2024년 2분기)→0.1%(3분기)→0.1%(4분기) 한국 경제성장률이 3개 분기 연속으로 0% 안팎을 기록했다.,KOSIS_METADATA_UNAVAILABLE,경제성장률,RATE,0.2,%,2024-Q2,분기,전국,,{},"[""경제성장률"", ""전국""]",COORDINATE_READY,,1,PASS,PASS,PASS,HOLD,미도달,미도달,미도달,미도달,0,0,0,0,HOLD,UNDETERMINED,NO_EVIDENCE_COORDINATE_CANDIDATE,필수 조건 검사,N,,
claim_d4c994a8c934e1ea,RULE_DISCOVERY,"◇반도체, 자동차가 이끌고 바이오, 농수산, 화장품 등도 고르게 증가 품목별로는 최대 수출품목인 반도체가 43.9% 증가한 1419억 달러를 기록, 2023년 11월 이후 14개월 연속 증가 흐름을 이어가면서 기존 최대 실적인 2022년 1292억 달러를 2년 만에 경신했다.",TARGET_NOT_FOUND_IN_SOURCE,반도체 수출액,CURRENCY,141.9,billion USD,2024,년,,수출,"{""item"": [""반도체""]}","[""반도체 수출액"", ""반도체"", ""수출""]",PRE_VERIFICATION,TARGET_NOT_FOUND_IN_SOURCE,0,미도달,미도달,미도달,미도달,미도달,미도달,미도달,미도달,0,0,0,0,PRE_VERIFICATION,,TARGET_NOT_FOUND_IN_SOURCE,사전 구조화,N,,
claim_dfffd1ef43518eee,RULE_DISCOVERY,성별로는 남자 비정규직이 365만 명으로 전년동월대비 3만 5000명 증가했다.,TARGET_NOT_FOUND_IN_SOURCE,비정규직,PERSON,3650000.0,명,,월,,남자,"{""성별"": [""남자""]}","[""비정규직"", ""남자""]",PRE_VERIFICATION,TARGET_NOT_FOUND_IN_SOURCE|MISSING_TIME,0,미도달,미도달,미도달,미도달,미도달,미도달,미도달,미도달,0,0,0,0,PRE_VERIFICATION,,TARGET_NOT_FOUND_IN_SOURCE|MISSING_TIME,사전 구조화,N,,
claim_e14952291591b135,RULE_DISCOVERY,"25~34세 취업자는 코로나가 시작된 지난 2020년 2분기(-6만명)부터 2021년 1분기(-5만4000명)까지 줄다, 2021년 2분기(9만5000명)부터 작년 4분기(2000명)까지 늘었다.",KOSIS_CATALOG_UNAVAILABLE,25~34세 취업자 증감,PERSON,-60000.0,명,2020년 2분기,분기,,25~34세 취업자,"{""연령"": [""25~34세""]}","[""25~34세 취업자 증감"", ""25~34세"", ""25~34세 취업자""]",COORDINATE_READY,,1,미도달,미도달,미도달,미도달,미도달,미도달,미도달,미도달,0,0,0,0,HOLD,,KOSIS_CATALOG_UNAVAILABLE,최종 판정,N,,
claim_e2ed9bf16de852a0,RULE_DISCOVERY,"실업률은 4% 수준이고, 작년 12월에는 일자리 25만개가 새로 만들어졌다.",NO_HARD_GUARD_CANDIDATE,일자리,QUANTITY,250000.0,개,2024년 12월,월,,,{},"[""일자리""]",COORDINATE_READY,,1,PASS,PASS,PASS,HOLD,미도달,미도달,미도달,미도달,0,0,0,0,HOLD,UNDETERMINED,NO_HARD_GUARD_CANDIDATE,필수 조건 검사,N,,
claim_e348805be97e11ca,RULE_DISCOVERY,지난달 건설업 취업자 수도 196만명으로 전년 동월 대비 9만7000명 감소하며 200만명을 밑돌았다.,NO_EVIDENCE_COORDINATE_CANDIDATE,취업자 수,PERSON,1960000.0,명,2025년 6월,월,,취업자,"{""산업"": [""건설업""]}","[""취업자 수"", ""건설업"", ""취업자""]",COORDINATE_READY,,1,PASS,PASS,PASS,PASS,PASS,PASS,PASS,PASS,0,1,1,1,AUTO,MATCH,WITHIN_TOLERANCE,완료,Y,https://kosis.kr/openapi/Param/statisticsParameterData.do?method=getList&orgId=101&tblId=DT_1DA7E06S_NEW&itmId=T30&prdSe=M&startPrdDe=202506&endPrdDe=202506&objL1=41,399eb54ec3d2a9bd957e921b1627742f23d163f557062da91243a8084a70a358
claim_e42477f5b7337259,INTERMEDIATE_VALIDATION,"◇“추경은 급한 불 끄는 소화기… 내수 살릴 진짜 대책 필요"" 정부가 올해 두 번째 추가경정예산을 마련하고 4일 정부안보다 1조원 넘게 불어난 2차 추경이 국회 문턱을 넘었지만, 추경으로 인한 올해 성장률 상승 폭은 0.1~0.2%포인트에 그칠 것이란 관측이 나온다.",KOSIS_CATALOG_UNAVAILABLE,2차 추가경정예산 증가액,CURRENCY,,원,2025,년,대한민국,,"{""item"": [""2차 추가경정예산""], ""reference"": [""정부안""]}","[""2차 추가경정예산 증가액"", ""2차 추가경정예산"", ""정부안"", ""대한민국""]",PRE_VERIFICATION,TARGET_NOT_FOUND_IN_SOURCE|MISSING_VALUE,0,미도달,미도달,미도달,미도달,미도달,미도달,미도달,미도달,0,0,0,0,PRE_VERIFICATION,,TARGET_NOT_FOUND_IN_SOURCE|MISSING_VALUE,사전 구조화,N,,
claim_e4383ee9b65c6c52,RULE_DISCOVERY,작년까지만 해도 전문대 졸업자 실업률(4.8%)이 고졸 실업률(5.1%)보다 낮았다.,AMBIGUOUS_MARGIN,실업률,RATE,5.1,%,2024년,년,,고졸자,"{""학력"": [""고졸""]}","[""실업률"", ""고졸"", ""고졸자""]",COORDINATE_READY,,1,PASS,PASS,PASS,PASS,PASS,PASS,PASS,PASS,0,1,1,1,AUTO,MISMATCH,OUTSIDE_TOLERANCE,완료,Y,https://kosis.kr/openapi/Param/statisticsParameterData.do?method=getList&orgId=101&tblId=DT_1DA7103S&itmId=T80&prdSe=Y&startPrdDe=2024&endPrdDe=2024&objL1=0&objL2=30,4e3b4c972f9bb3292e64a242241bcb8d4d5fbfe8569a1f289522b0bcc6aeeebc
claim_e6dc0e8f203a746e,FINAL_BLIND,,MISSING_REQUIRED_SLOTS:time,소비자물가 상승폭,PERCENT_POINT,0.3,%p,,,,,"{""item"": [""원·달러 환율(3개월 이동평균)의 영향""]}","[""소비자물가 상승폭"", ""원·달러 환율(3개월 이동평균)의 영향""]",PRE_VERIFICATION,CLAIM_PARSE_UNCERTAIN|MISSING_TIME|MISSING_FREQUENCY,0,미도달,미도달,미도달,미도달,미도달,미도달,미도달,미도달,0,0,0,0,PRE_VERIFICATION,,CLAIM_PARSE_UNCERTAIN|MISSING_TIME|MISSING_FREQUENCY,사전 구조화,N,,
claim_e8ddfd4375ff8253,RULE_DISCOVERY,"지난 2003년부터 2022년까지 20년간 20대 후반의 실업률은 고졸이 대졸보다 높았는데, 지난 2023년부터 대졸 실업률(6.2%)이 고졸(5.2%)을 넘는 역전 현상이 발생했다.",NO_EVIDENCE_COORDINATE_CANDIDATE,실업률,RATE,6.2,%,2023년부터,년,,20대 후반,"{""학력"": [""대졸""]}","[""실업률"", ""대졸"", ""20대 후반""]",COORDINATE_READY,,1,PASS,PASS,PASS,HOLD,미도달,미도달,미도달,미도달,0,0,0,0,HOLD,UNDETERMINED,NO_EVIDENCE_COORDINATE_CANDIDATE,필수 조건 검사,N,,
claim_e95466b1942a27e4,RULE_DISCOVERY,그나마 수출이 잘됐던 작년 1분기(1.3%) 덕에 2% 턱걸이를 했다.,CLAIM_PARSE_UNCERTAIN,,PERCENT,2.0,%,,,,,{},[],PRE_VERIFICATION,CLAIM_PARSE_UNCERTAIN|MISSING_INDICATOR|MISSING_TIME|MISSING_FREQUENCY,0,미도달,미도달,미도달,미도달,미도달,미도달,미도달,미도달,0,0,0,0,PRE_VERIFICATION,,CLAIM_PARSE_UNCERTAIN|MISSING_INDICATOR|MISSING_TIME|MISSING_FREQUENCY,사전 구조화,N,,
claim_e9cc4c0de10264a9,INTERMEDIATE_VALIDATION,한국무역협회는 올해 1분기 한국의 대미 무역수지 흑자가 133억8000만달러로 작년 동기(132억2000만달러)보다 소폭 웃돌았다고 19일 밝혔다.,KOSIS_CATALOG_UNAVAILABLE,무역수지 흑자,CURRENCY,13380000000.0,달러,2025년 1분기,분기,한국,,"{""trade_partner"": [""미국""]}","[""무역수지 흑자"", ""미국"", ""한국""]",COORDINATE_READY,,1,PASS,PASS,PASS,HOLD,미도달,미도달,미도달,미도달,0,0,0,0,HOLD,UNDETERMINED,NO_HARD_GUARD_CANDIDATE,필수 조건 검사,N,,
claim_eb64c1ce7e5abde3,INTERMEDIATE_VALIDATION,"우리나라 역시 GDP 대비 정부 부채 비율이 2000년부터 2023년까지 34.6%포인트 늘었는데, 고령화와 관련이 높은 사회수혜금(44.5%포인트), 사회보장현물(49.8%) 지출이 큰 영향을 끼쳤다.",AMBIGUOUS_MARGIN,사회보장현물 지출,PERCENT,49.8,%,2023,년,대한민국,,"{""기준"": [""GDP 대비""]}","[""사회보장현물 지출"", ""GDP 대비"", ""대한민국""]",COORDINATE_READY,,1,PASS,PASS,PASS,HOLD,미도달,미도달,미도달,미도달,0,0,0,0,HOLD,UNDETERMINED,NO_HARD_GUARD_CANDIDATE,필수 조건 검사,N,,
claim_ec3f120db14ef8f3,INTERMEDIATE_VALIDATION,"2008년 금융 위기 때나 2020년 코로나 위기 때도 2개 분기 연속으로 0.1%를 하회하는 성장률을 기록했지만, 세 번째 분기에는 곧바로 1~2% 성장했었다.",KOSIS_METADATA_UNAVAILABLE,성장률,RATE,0.1,%,2008년 금융 위기 및 2020년 코로나 위기,분기,,,{},"[""성장률""]",COORDINATE_READY,,1,PASS,PASS,PASS,HOLD,미도달,미도달,미도달,미도달,0,0,0,0,HOLD,UNDETERMINED,NO_EVIDENCE_COORDINATE_CANDIDATE,필수 조건 검사,N,,
claim_ed030b7903aeff70,RULE_DISCOVERY,29일 농림축산식품부와 한국농수산식품유통공사(aT)에 따르면 지난해 떡류 수출액은 9140만달러(약 1313억원)로 1억달러에 근접했다.,NO_HARD_GUARD_CANDIDATE,수출액,CURRENCY,91400000.0,달러,2024년,년,,,"{""품목"": [""떡류""]}","[""수출액"", ""떡류""]",COORDINATE_READY,,1,PASS,PASS,PASS,HOLD,미도달,미도달,미도달,미도달,0,0,0,0,HOLD,UNDETERMINED,NO_HARD_GUARD_CANDIDATE,필수 조건 검사,N,,
claim_ee0939117abd240b,INTERMEDIATE_VALIDATION,"공정위는 자산총액이 전년도 명목 국내총생산(GDP)의 0.5% 이상(지난해는 10조4000억원)인 기업집단을 ‘상호출자제한 기업집단’으로, 자산 5조원 이상인 경우 ‘공시대상 기업집단’으로 지정한다.",MISSING_REQUIRED_SLOTS:time,기업집단 자산총액,CURRENCY,5.0,조원,,,,기업집단,"{""designation"": [""공시대상 기업집단""]}","[""기업집단 자산총액"", ""공시대상 기업집단"", ""기업집단""]",PRE_VERIFICATION,MISSING_TIME|MISSING_FREQUENCY,0,미도달,미도달,미도달,미도달,미도달,미도달,미도달,미도달,0,0,0,0,PRE_VERIFICATION,,MISSING_TIME|MISSING_FREQUENCY,사전 구조화,N,,
claim_eecfa40878a00f16,FINAL_BLIND,,PUBLICATION_FETCH_FAILED,경제성장률,RATE,2.0,%,2024,년,,,{},"[""경제성장률""]",COORDINATE_READY,,1,PASS,PASS,PASS,PASS,PASS,PASS,HOLD,미도달,0,1,0,1,HOLD,UNDETERMINED,PUBLICATION_FETCH_FAILED,공식값 조회,N,https://kosis.kr/openapi/Param/statisticsParameterData.do?method=getList&orgId=101&tblId=DT_1YL20571&itmId=T10&prdSe=Y&startPrdDe=2024&endPrdDe=2024&objL1=00,e09b5826b4864f78e4a54f693ba8fac868eb8270b2076ce3bf35ec015b7c6e98
claim_ef7373759319caae,RULE_DISCOVERY,특히 60세 이상 비정규직 근로자는 304만4000명으로 전년 동월 대비 23만3000명 증가했다.,CLAIM_PARSE_UNCERTAIN,비정규직 근로자 수,PERSON,3044000.0,명,,월,,근로자,"{""age"": [""60세 이상""], ""employment_type"": [""비정규직""]}","[""비정규직 근로자 수"", ""60세 이상"", ""비정규직"", ""근로자""]",PRE_VERIFICATION,CLAIM_PARSE_UNCERTAIN|MISSING_TIME,0,미도달,미도달,미도달,미도달,미도달,미도달,미도달,미도달,0,0,0,0,PRE_VERIFICATION,,CLAIM_PARSE_UNCERTAIN|MISSING_TIME,사전 구조화,N,,
claim_efe06326549a5d8e,RULE_DISCOVERY,"당시 수입차 판매량은 1996년 1만315대, 1997년 8136대, 1998년 2075대로 2년 연속 줄었다.",KOSIS_CATALOG_UNAVAILABLE,판매량,QUANTITY,2075.0,대,1998년,년,,,"{""item"": [""수입차""]}","[""판매량"", ""수입차""]",COORDINATE_READY,,1,PASS,PASS,PASS,HOLD,미도달,미도달,미도달,미도달,0,0,0,0,HOLD,UNDETERMINED,NO_HARD_GUARD_CANDIDATE,필수 조건 검사,N,,
claim_f0965ec621cb18bf,RULE_DISCOVERY,"보건업·사회복지서비스업(+23만3000명), 금융·보험업(+7만2000명) 등에서 취업자가 큰 폭으로 늘어나면서 취업자가 26만명 넘게 늘어난 작년 4월 이후 처음으로 취업자가 20만명 이상 불었다.",PUBLICATION_FETCH_FAILED,취업자,PERSON,20.0,만명,2025년 4월,월,대한민국,,{},"[""취업자"", ""대한민국""]",PRE_VERIFICATION,DIRECT_VALUE_CHANGE_TARGET_MISCLASSIFIED,1,PASS,PASS,PASS,PASS,PASS,PASS,PASS,PASS,0,1,1,1,AUTO,MISMATCH,OUTSIDE_TOLERANCE,사전 구조화,N,https://kosis.kr/openapi/Param/statisticsParameterData.do?method=getList&orgId=101&tblId=DT_1DA7001S&itmId=T30&prdSe=M&startPrdDe=202504&endPrdDe=202504&objL1=0,49d3c5a9dbb62f72bb36e41527a493f58e5e0986134e8ae19ef12ea167869fe0
claim_f22875b11c312f80,RULE_DISCOVERY,청년 취업자는 355만7000명으로 1년 새 23만5000명 줄었다.,CLAIM_PARSE_UNCERTAIN,취업자 수,PERSON,3557000.0,명,,,,청년,{},"[""취업자 수"", ""청년""]",PRE_VERIFICATION,CLAIM_PARSE_UNCERTAIN|MISSING_TIME|MISSING_FREQUENCY,0,미도달,미도달,미도달,미도달,미도달,미도달,미도달,미도달,0,0,0,0,PRE_VERIFICATION,,CLAIM_PARSE_UNCERTAIN|MISSING_TIME|MISSING_FREQUENCY,사전 구조화,N,,
claim_f58fdfa21e8042e8,RULE_DISCOVERY,"3월 출생아 수만 놓고 봐도 2만1041명으로 전년 동월 대비 6.8% 늘었는데, 3월 기준으로 지난 1993년 3월(8.9%) 이후 32년 만에 최대 상승폭이다.",FETCH_FAILED,출생아 수,PERSON,21041.0,명,2025년 3월,월,,출생아,{},"[""출생아 수"", ""출생아""]",COORDINATE_READY,,1,PASS,PASS,PASS,PASS,PASS,PASS,HOLD,미도달,0,1,0,1,HOLD,UNDETERMINED,AS_OF_UNAVAILABLE,공식값 조회,N,https://kosis.kr/openapi/Param/statisticsParameterData.do?method=getList&orgId=101&tblId=DT_1B8000G&itmId=T1&prdSe=M&startPrdDe=202503&endPrdDe=202503&objL1=00&objL2=10,051d902664e316d6c8b405e659205368bec50982fbd77fab8a50b6906991af08
claim_f6144e9032ae4a7a,RULE_DISCOVERY,실제 근로소득세 수입은 2008년 15조6000억원에서 지난해 61조원으로 거의 4배로 늘었다.,KOSIS_CATALOG_UNAVAILABLE,실제 근로소득세 수입,CURRENCY,61.0,조원,2024년,년,,,{},"[""실제 근로소득세 수입""]",COORDINATE_READY,,1,PASS,PASS,PASS,HOLD,미도달,미도달,미도달,미도달,0,0,0,0,HOLD,UNDETERMINED,NO_HARD_GUARD_CANDIDATE,필수 조건 검사,N,,
claim_f8916174d4816698,INTERMEDIATE_VALIDATION,보잉 737 맥스 여객기가 자카르타에서 추락한 사고로 189명이 사망한 사건이 발생한 2018년(전체 사망자 526명) 이후 가장 많다.,KOSIS_METADATA_UNAVAILABLE,사망자 수,PERSON,189.0,명,2018,년,,,{},"[""사망자 수""]",COORDINATE_READY,,1,PASS,PASS,PASS,PASS,PASS,PASS,HOLD,미도달,0,1,0,1,HOLD,UNDETERMINED,AS_OF_UNAVAILABLE,공식값 조회,N,https://kosis.kr/openapi/Param/statisticsParameterData.do?method=getList&orgId=101&tblId=DT_1B8000G&itmId=T1&prdSe=Y&startPrdDe=2018&endPrdDe=2018&objL1=00&objL2=15,7b9a91cc835604c7ae0b206f7044f477c318e9bd8fe6c59720205bedbf04dbb6
claim_f92fc8467da2f9d7,RULE_DISCOVERY,"올해 내수의 성장률 기여도는 0.8%포인트, 순수출 성장률 기여도는 0%포인트 정도로 봤다.",NO_EVIDENCE_COORDINATE_CANDIDATE,내수 성장률 기여도,CONTRIBUTION,0.8,%포인트,올해,,,,{},"[""내수 성장률 기여도""]",PRE_VERIFICATION,MISSING_FREQUENCY,0,미도달,미도달,미도달,미도달,미도달,미도달,미도달,미도달,0,0,0,0,PRE_VERIFICATION,,MISSING_FREQUENCY,사전 구조화,N,,
claim_fa16759bc2782c6b,RULE_DISCOVERY,"같은 방식으로 비교했을 때 2023년까지만 해도 외국인과 노인 일자리 참여자 증가 규모는 11만8000명으로, 전체 취업자 증가 폭(32만7000명)보다 적었다.",KOSIS_CATALOG_UNAVAILABLE,일자리 참여자 증가 규모,PERSON,118000.0,명,2023년,,,외국인과 노인 일자리 참여자,"{""sex"": [""여성""]}","[""일자리 참여자 증가 규모"", ""여성"", ""외국인과 노인 일자리 참여자""]",PRE_VERIFICATION,TARGET_NOT_FOUND_IN_SOURCE|MISSING_FREQUENCY,0,미도달,미도달,미도달,미도달,미도달,미도달,미도달,미도달,0,0,0,0,PRE_VERIFICATION,,TARGET_NOT_FOUND_IN_SOURCE|MISSING_FREQUENCY,사전 구조화,N,,
claim_fa38cac3c10b0e85,RULE_DISCOVERY,"한편, 지난해 현대차·기아 전체 수출 대수는 218만698대, 수출액은 533억6000만달러(약 78조원)로, 2년 연속 수출 200만대, 수출액 500억달러를 이어갔다.",NO_HARD_GUARD_CANDIDATE,수출 대수,QUANTITY,2180698.0,대,지난해,년,,현대차·기아 전체,"{""상품"": [""자동차""]}","[""수출 대수"", ""자동차"", ""현대차·기아 전체""]",COORDINATE_READY,,1,PASS,PASS,PASS,HOLD,미도달,미도달,미도달,미도달,0,0,0,0,HOLD,UNDETERMINED,NO_HARD_GUARD_CANDIDATE,필수 조건 검사,N,,
claim_fd0b6a6685277a86,RULE_DISCOVERY,"◇수입차 최대 수준 보조금 2025년형 ID.4의 가격은 ID.4 Pro Lite가 5299만원, ID.4 Pro가 5999만원으로 9만원 인상에 그쳤다.",KOSIS_CATALOG_UNAVAILABLE,차량 가격,CURRENCY,5999.0,만원,2025,년,,,"{""차종"": [""ID.4""], ""트림"": [""ID.4 Pro""]}","[""차량 가격"", ""ID.4"", ""ID.4 Pro""]",COORDINATE_READY,,1,PASS,PASS,PASS,HOLD,미도달,미도달,미도달,미도달,0,0,0,0,HOLD,UNDETERMINED,NO_HARD_GUARD_CANDIDATE,필수 조건 검사,N,,
claim_ff5fabf31d5ab7af,RULE_DISCOVERY,하지만 사회 초년생인 청년층 고용률은 46.2%로 전년 동월 대비 0.7%포인트 감소했다.,AMBIGUOUS_MARGIN,고용률,RATE,46.2,%,2025년 6월,월,,사회 초년생인 청년층,{},"[""고용률"", ""사회 초년생인 청년층""]",COORDINATE_READY,,1,PASS,PASS,PASS,HOLD,미도달,미도달,미도달,미도달,0,0,0,0,HOLD,UNDETERMINED,NO_EVIDENCE_COORDINATE_CANDIDATE,필수 조건 검사,N,,
