parent_claim_id,article_id,article_published_at,article_text,expected_verdicts,derived_claim_count,child_claim_ids,actual_status,actual_verdicts,failure_reason,official_evidence_verified,table_ids,coordinates,official_values,calculated_values,source_urls,response_hashes,acceptance_status,run_id,recorded_at,failure_stage
A02111_6,A02111,2025-06-12,4월만 해도 690만6000명이었던 60세 이상 취업자는 지난달 704만9000명으로 처음으로 700만명을 넘었다.,MATCH,1,claim_0b480e92fd76dad9,HOLD,UNDETERMINED,AS_OF_UNAVAILABLE,예,DT_1DA7002S,ORG=101|TBL=DT_1DA7002S|ITM=T30|OBJ=G|MEMBER=60세이상|PRD_SE=월|PRD_DE=2025-05,,,https://kosis.kr/openapi/Param/statisticsParameterData.do?method=getList&orgId=101&tblId=DT_1DA7002S&itmId=T30&prdSe=M&startPrdDe=202505&endPrdDe=202505&objL1=60,cdff139d96b0b1821519f932d400069fbb55ab124036dd2297c46f0dd015bbc9,실패,dashboard-acceptance-25-live-20260824,2026-08-24T07:56:08.966225+00:00,PUBLICATION
A02558_5,A02558,2025-07-16,"16일 통계청이 발표한 ‘2025년 6월 고용동향’에 따르면, 지난달 15세 이상 취업자는 2909만1000명으로 전년 동월 대비 18만3000명 늘었다.",MATCH,2,claim_4367783c466407fc|claim_76398d6217872c98,HOLD,MATCH,TARGET_VALUE_NOT_IN_SOURCE_SENTENCE,아니오,DT_1DA7001S,ORG=101|TBL=DT_1DA7001S|ITM=T30|OBJ=B|MEMBER=계|PRD_SE=월|PRD_DE=2025-06,29090.6,29090600.0,https://kosis.kr/openapi/Param/statisticsParameterData.do?method=getList&orgId=101&tblId=DT_1DA7001S&itmId=T30&prdSe=M&startPrdDe=202506&endPrdDe=202506&objL1=0,4af335248121e570991dced3562bc9a84f89371447e37e5d5151f4fa23042335,실패,dashboard-acceptance-25-live-20260824,2026-08-24T07:57:27.219512+00:00,CLAIM_PARSE
A02633_4,A02633,2025-10-17,17일 국가데이터처가 발표한 ‘9월 고용동향’에 따르면 지난달 15세 이상 취업자는 2915만4000명으로 전년 동월 대비 31만2000명 증가했다.,MATCH,1,claim_57a534979d0230db,HOLD,UNDETERMINED,AS_OF_UNAVAILABLE,예,DT_1DA7001S,ORG=101|TBL=DT_1DA7001S|ITM=T30|OBJ=B|MEMBER=계|PRD_SE=월|PRD_DE=2025-09,,,https://kosis.kr/openapi/Param/statisticsParameterData.do?method=getList&orgId=101&tblId=DT_1DA7001S&itmId=T30&prdSe=M&startPrdDe=202509&endPrdDe=202509&objL1=0,1ceb4e43788b02b212d8c82ea12e658ffb2b3f358d5b500b2d527ebc18ce35af,실패,dashboard-acceptance-25-live-20260824,2026-08-24T07:58:02.783311+00:00,PUBLICATION
A00103_6,A00103,2025-01-08,"특히 라면(70.3%), 냉동김밥을 포함한 쌀 가공식품(51%) 등의 대미 수출이 크게 늘었다.",MATCH,2,claim_742e2471c3ddbc29|claim_deb1d559719c7ac2,HOLD,,"51% 증가율은 제시되지만 기준 기간과 비교 유형(전년 동기, 전월, 전분기 등)이 명시되지 않아 완전한 성장률 주장으로 확정할 수 없음|수출 증가율 70.3%는 확인되지만 기준 기간과 증가율 유형(YEAR_OVER_YEAR, MONTH_OVER_MONTH, QUARTER_OVER_QUARTER)이 target_sentence 및 보강 문맥에 명시되지 않음",아니오,,,,,,,실패,dashboard-acceptance-25-live-20260824,2026-08-24T07:58:25.579722+00:00,CLAIM_PARSE
A00202_17,A00202,2025-01-16,"◇청년층 강타한 고용 한파 건설업과 노인 일자리 사업을 중심으로 고용 한파가 닥치면서 임금 근로자 가운데 일용직(고용 계약 기간 1개월 미만)과 임시직(1개월 이상 1년 미만) 취업자 수가 각각 14만7000명, 1만9000명 감소했다.",MISMATCH,2,claim_12f67602f1c3ce0a|claim_476bd72183211a12,HOLD,,CLAIM_SPLIT_UNAVAILABLE|감소한 대상 지표와 기준 시점이 제시되지 않아 독립적으로 검증 가능한 완전한 수치 주장으로 확정할 수 없음,아니오,,,,,,,실패,dashboard-acceptance-25-live-20260824,2026-08-24T07:58:39.888078+00:00,CLAIM_SPLIT
A00202_20,A00202,2025-01-16,인구 대비 취업자 수 비율을 뜻하는 고용률은 지난달 61.4%로 1년 전(61.7%)에 비해 0.3%포인트 떨어졌다.,MISMATCH,1,claim_cc45f161cb09e889,HOLD,UNDETERMINED,AMBIGUOUS_MARGIN,아니오,DT_1DA7001S,ORG=101|TBL=DT_1DA7001S|ITM=T90|OBJ=B|MEMBER=계|PRD_SE=월|PRD_DE=2024-12,,,,,실패,dashboard-acceptance-25-live-20260824,2026-08-24T07:58:53.782497+00:00,HARD_GUARD
A00579_13,A00579,2025-02-14,"지난달 15~29세 청년층 취업자 수는 전년 동월 대비 21만8000명 줄었는데, 고용률 기준으로도 44.8%에 그치며 전년 동월 대비 1.5%포인트 감소했다.",MISMATCH,2,claim_bc61328c31128cd7|claim_e802e6d8cfca95d3,HOLD,,"감소한 절대 차이만 제시되었고 DIFFERENCE 계산에 필요한 현재값과 비교 기준값이 원문에 없어 검증 가능한 차이 슬롯을 완전히 채울 수 없음|중심 수치와 전년 동월 대비 증감이 함께 있으나 기준 연월과 지역·대상 인구가 명시되지 않았고, 고용률의 퍼센트포인트 변화는 일반적인 성장률 산식과 다르므로 확인이 필요함",아니오,,,,,,,실패,dashboard-acceptance-25-live-20260824,2026-08-24T08:00:07.101942+00:00,CLAIM_PARSE
A00621_5,A00621,2025-02-17,하지만 ‘양질의 일자리’로 꼽히는 제조업 분야 취업자 수는 5만6000명 줄어든 439만6000명으로 집계됐다.,MISMATCH,1,claim_7b292cef4a1d724a,HOLD,,목표 수치는 명확하지만 문장에 기준 시점과 지역이 stated되지 않음,아니오,,,,,,,실패,dashboard-acceptance-25-live-20260824,2026-08-24T08:00:23.973133+00:00,CLAIM_PARSE
A00922_9,A00922,2025-03-12,청년 취업자는 355만7000명으로 1년 새 23만5000명 줄었다.,MATCH,1,claim_a53a99ef7f4c9e8e,HOLD,UNDETERMINED,AS_OF_UNAVAILABLE,예,DT_1DA7001S,ORG=101|TBL=DT_1DA7001S|ITM=T30|OBJ=B|MEMBER=계|PRD_SE=월|PRD_DE=2025-03,,,https://kosis.kr/openapi/Param/statisticsParameterData.do?method=getList&orgId=101&tblId=DT_1DA7001S&itmId=T30&prdSe=M&startPrdDe=202503&endPrdDe=202503&objL1=0,ba95b3860024c3ea552e621c4d0c3ec24a1ef96fd16434bca699a0d60ba0c0af,실패,dashboard-acceptance-25-live-20260824,2026-08-24T08:00:46.481258+00:00,PUBLICATION
A01285_13,A01285,2025-04-09,"건설업 부진 장기화로 40대와 50대 취업자 수도 각각 4만9000명, 2만6000명 줄었다.",MATCH,2,claim_81537026a7798671|claim_879a3f94b727afba,HOLD,,"감소한 대상 지표와 기준 시점이 제시되지 않아 독립적으로 검증 가능한 수치 주장으로 확정할 수 없음|문장이 미완성되어 4만9000명이 취업자 수의 수준인지 증감 규모인지, 기준 시점과 비교 대상이 불명확하며 40대와 50대라는 두 대상이 함께 제시됨",아니오,,,,,,,실패,dashboard-acceptance-25-live-20260824,2026-08-24T08:01:06.773576+00:00,CLAIM_PARSE
A02096_11,A02096,2025-06-11,"지난달 연령대 별 취업자 수는 60세 이상과 30대에서 취업자가 각각 37만명, 13만2000명 늘어났다.",MATCH,2,claim_cf6e5e4e86c3b3a3|claim_f98d72597108049e,HOLD,,"60세 이상과 30대라는 두 연령대의 독립적인 수치가 한 문장에 함께 제시되어 단일 목표로 확정할 수 없음|증가한 대상과 기준 시점이 제시되지 않아 지표, 시간, 비교 기준을 특정할 수 없음",아니오,,,,,,,실패,dashboard-acceptance-25-live-20260824,2026-08-24T08:01:14.724694+00:00,CLAIM_PARSE
A02558_7,A02558,2025-07-16,국제 비교 기준인 15~64세 고용률은 70.3%로 마찬가지로 6월 기준 역대 최대치를 보였다.,MATCH,1,claim_09237646768c8b8a,AUTO,MATCH,,예,DT_1DA7002S,ORG=101|TBL=DT_1DA7002S|ITM=T90|OBJ=G|MEMBER=15 - 64세|PRD_SE=월|PRD_DE=2025-06,70.3,70.3,https://kosis.kr/openapi/Param/statisticsParameterData.do?method=getList&orgId=101&tblId=DT_1DA7002S&itmId=T90&prdSe=M&startPrdDe=202506&endPrdDe=202506&objL1=63,851b8974f55a049c0967ff8da7125156fb5d641a6a30c238880327654839cd13,통과,dashboard-acceptance-25-live-20260824,2026-08-24T08:01:20.902795+00:00,
A00202_1,A00202,2025-01-16,건설업과 도소매업을 중심으로 내수 부진이 장기화하면서 지난달 취업자 수가 1년 전에 비해 5만명 넘게 줄었다.,MISMATCH,0,,HOLD,,CLAIM_PARSE_UNAVAILABLE,아니오,,,,,,,실패,dashboard-acceptance-25-live-20260824,2026-08-24T08:01:57.056186+00:00,CLAIM_PARSE
A00202_25,A00202,2025-01-16,◇연간 취업자도 ‘반 토막’ 작년 한 해 월평균 취업자 수는 2857만6000명으로 1년 전보다 15만9000명 늘어나는 데 그쳤다.,MISMATCH,1,claim_725e4645a5db2fbb,HOLD,UNDETERMINED,NO_EVIDENCE_COORDINATE_CANDIDATE,아니오,,,,,,,실패,dashboard-acceptance-25-live-20260824,2026-08-24T08:02:02.115544+00:00,EVIDENCE_CELL
A00202_26,A00202,2025-01-16,"증가폭이 2023년(32만7000명)의 절반 아래로 줄어, 코로나 거리 두기 여파로 취업자 수가 22만명 가까이 감소했던 2020년 이후 최악의 고용 성적표를 기록했다.",MISMATCH,2,claim_0e99766fb13eafb3|claim_92d1541275bb6247,HOLD,,"증가폭의 대상 지표와 기준이 되는 목표 시점이 문장에 없어 완전한 수치 주장으로 확정하기 어렵습니다.|현재 시점의 고용 성적표를 수치로 제시하지 않았고, 2020년의 '22만명 가까이'라는 근사값과 '이후 최악'이라는 비교 표현이 함께 있어 단일 수치 주장으로 확정하기 어렵습니다.",아니오,,,,,,,실패,dashboard-acceptance-25-live-20260824,2026-08-24T08:02:48.596181+00:00,CLAIM_PARSE
A00645_23,A00645,2025-02-19,"뉴질랜드는 지난해 2~3분기 연속 성장률이 마이너스(-)를 기록했고, 4분기 실업률은 5%를 넘는 등 성장이 둔화하고 실업률이 오르고 있기 때문이다.",MISMATCH,2,claim_491bac7eb6295cd1|claim_5122e30a506863f5,HOLD,,"2~3분기에 걸친 연속적인 음의 성장률을 언급하지만 각 분기의 수치가 제시되지 않았고, 단일 목표 시점으로 특정하기 어렵습니다.|MISSING_REQUIRED_SLOTS:value",아니오,,,,,,,실패,dashboard-acceptance-25-live-20260824,2026-08-24T08:02:59.405871+00:00,CLAIM_PARSE
A01193_11,A01193,2025-04-02,"같은 방식으로 비교했을 때 2023년까지만 해도 외국인과 노인 일자리 참여자 증가 규모는 11만8000명으로, 전체 취업자 증가 폭(32만7000명)보다 적었다.",MISMATCH,2,claim_87ec435a4b6c6f5a|claim_96dc2fce0973c5d0,HOLD,,"문장에 비교 기준인 전체 취업자 증가 폭 32만7000명만 명시되어 있고, 실제로 비교되는 대상의 수치와 대상 시점이 없어 하나의 완결된 수치 주장으로 확정할 수 없음|문장이 '...으로'에서 끝나 증가 규모가 11만8000명이라는 수치만 제시되고 서술이 완결되지 않았으며, 외국인과 노인의 합산인지 각각인지 명확하지 않음",아니오,,,,,,,실패,dashboard-acceptance-25-live-20260824,2026-08-24T08:03:06.042108+00:00,CLAIM_PARSE
A01193_7,A01193,2025-04-02,"그 결과 작년 외국인 취업자는 8만7000명, 노인 일자리 참여자는 9만2000명 늘어난 것으로 파악됐다.",MISMATCH,2,claim_3c56fdbda3d070aa|claim_62a05e19ac9dedc2,HOLD,MISMATCH,증가한 절대 인원은 제시됐지만 비교 기준 시점과 현재·기준 값이 없어 DIFFERENCE의 필수 비교 정보가 부족함,아니오,DT_1DA7001S,ORG=101|TBL=DT_1DA7001S|ITM=T30|OBJ=B|MEMBER=계|PRD_SE=년|PRD_DE=2024,28575.5,28575500.0,https://kosis.kr/openapi/Param/statisticsParameterData.do?method=getList&orgId=101&tblId=DT_1DA7001S&itmId=T30&prdSe=Y&startPrdDe=2024&endPrdDe=2024&objL1=0,687e1a786b87c966531840da38f57353ce8b52f6a93ccd64e979aaad12a11876,실패,dashboard-acceptance-25-live-20260824,2026-08-24T08:03:12.569279+00:00,CLAIM_PARSE
A01285_4,A01285,2025-04-09,"9일 통계청이 발표한 ‘3월 고용동향’에 따르면, 지난 3월 취업자 수는 2858만9000명으로 전년 동월 대비 19만3000명 증가했다.",MATCH,2,claim_214419005a80a90d|claim_984ada600a9007c1,HOLD,MATCH,"수치나 비교 대상이 제시되지 않은 출처·서술 도입부로, 독립적인 수치 뉴스 주장을 추출할 수 없음",아니오,DT_1DA7001S,ORG=101|TBL=DT_1DA7001S|ITM=T30|OBJ=B|MEMBER=계|PRD_SE=월|PRD_DE=2025-03,28589.0,28589000.0,https://kosis.kr/openapi/Param/statisticsParameterData.do?method=getList&orgId=101&tblId=DT_1DA7001S&itmId=T30&prdSe=M&startPrdDe=202503&endPrdDe=202503&objL1=0,ba95b3860024c3ea552e621c4d0c3ec24a1ef96fd16434bca699a0d60ba0c0af,실패,dashboard-acceptance-25-live-20260824,2026-08-24T08:03:24.270576+00:00,CLAIM_PARSE
A01285_6,A01285,2025-04-09,지난달 취업자 수 증가폭은 취업자가 26만명 넘게 늘어난 작년 4월 이후 11개월 만에 가장 크다.,MISMATCH,1,claim_e1f8c948badd0af0,HOLD,,CLAIM_SPLIT_UNAVAILABLE,아니오,,,,,,,실패,dashboard-acceptance-25-live-20260824,2026-08-24T08:03:46.364065+00:00,CLAIM_SPLIT
A01345_10,A01345,2025-04-14,"이 업종 취업자의 전년 동기 대비 감소 폭은 작년 2분기(2000명), 3분기(4만5000명), 4분기(8만9000명) 등으로 확대되는 추세를 보였다가, 올해 1분기에 감소 폭이 다소 줄었지만 감소세는 여전한 상황이다.",MISMATCH,4,claim_1390d94a80ba5e13|claim_39a5ec6b5f6ed1f4|claim_9856da15fb59e9b7|claim_de44dcdcb5f74d4f,HOLD,,"KOSIS_CATALOG_UNAVAILABLE|감소세라는 방향성만 있고 지표, 수치, 단위, 비교 기준이 명시되지 않아 검증 가능한 단일 수치 주장으로 추출할 수 없음.|문장이 단편적이며 지표와 대상 모집단, 기준 시점이 명시되지 않아 수치의 의미를 확정할 수 없음|문장이 불완전하며 '감소 폭'이 전년 동기 대비 감소한 수치인지 기준 시점의 수치인지 불명확하고, 업종 및 목표 시점이 특정되지 않음",아니오,,,,,,,실패,dashboard-acceptance-25-live-20260824,2026-08-24T08:03:53.855950+00:00,CATALOG_SEARCH
A01359_9,A01359,2025-04-15,"특히 20대 후반 취업자 수는 242만명으로 전년 동기 대비 9만8000명(3.9%) 줄어, 지난 2013년 3분기(-10만3000명) 이후 12년 만에 최대 감소 폭을 보였다.",MISMATCH,2,claim_202334d4e349a99e|claim_e21fc78307284912,HOLD,,"MISSING_REQUIRED_SLOTS:time|현재 감소 폭의 대상 지표와 수치, 목표 시점이 문장에 명시되지 않아 독립적으로 검증 가능한 단일 수치 주장을 확정할 수 없음",아니오,,,,,,,실패,dashboard-acceptance-25-live-20260824,2026-08-24T08:04:15.011220+00:00,CLAIM_PARSE
A01902_19,A01902,2025-05-27,"26일 통계청에 따르면, 청년층인 15~29세 실업률은 7.3%로 코로나 대유행 막바지인 2022년(7.4%) 이후 3년 만에 4월 기준 최고다.",MISMATCH,2,claim_37d35e1c96539f94|claim_973d00ca88b0d479,HOLD,MATCH,TARGET_VALUE_NOT_IN_SOURCE_SENTENCE,아니오,DT_1DA7002S,ORG=101|TBL=DT_1DA7002S|ITM=T80|OBJ=G|MEMBER=15 - 29세|PRD_SE=월|PRD_DE=2025-04,7.3,7.3,https://kosis.kr/openapi/Param/statisticsParameterData.do?method=getList&orgId=101&tblId=DT_1DA7002S&itmId=T80&prdSe=M&startPrdDe=202504&endPrdDe=202504&objL1=75,540b9095b9788b161118e2f411f2a85f57ca60f3b96d72a012b9b70c44b8e9c2,실패,dashboard-acceptance-25-live-20260824,2026-08-24T08:04:42.675667+00:00,CLAIM_PARSE
A02111_13,A02111,2025-06-12,고용률도 2011년 36.8%에서 지난달 48.3%로 불었다.,MISMATCH,1,claim_227b74a4dba6542a,AUTO,MISMATCH,,예,DT_1DA7001S,ORG=101|TBL=DT_1DA7001S|ITM=T90|OBJ=B|MEMBER=계|PRD_SE=월|PRD_DE=2025-05,63.8,63.8,https://kosis.kr/openapi/Param/statisticsParameterData.do?method=getList&orgId=101&tblId=DT_1DA7001S&itmId=T90&prdSe=M&startPrdDe=202505&endPrdDe=202505&objL1=0,1a07ffaa9b3e5c9ea55ab4a1742cc4ff8952ad0db8b3a9bc4dd920ae268bb33e,통과,dashboard-acceptance-25-live-20260824,2026-08-24T08:06:29.157642+00:00,
A02701_3,A02701,2025-11-09,"9일 국가데이터처의 경제활동인구 마이크로데이터에 따르면, 1964년생 상용근로자는 2023년 기준(59세) 29만1000명이었으나 지난해(60세)에는 23만7000명으로 5만4000명 감소했다.",MISMATCH,2,claim_8d9000cb3a4e08c4|claim_8f53e412d5fba182,HOLD,UNDETERMINED,NO_HARD_GUARD_CANDIDATE|수치가 포함되지 않아 검증 가능한 단일 수치 주장으로 추출할 수 없음,아니오,,,,,,,실패,dashboard-acceptance-25-live-20260824,2026-08-24T08:06:51.498445+00:00,HARD_GUARD
