Claim번호,기사번호,문장번호,기사일,원문,원래시점,복구시점,개선전상태,개선후상태,복구판정,복구사유
A01176_4,A01176,4,2025-04-01,"상당수가 사과를 키우는 과수원으로, 경북 지역은 전국 사과 생산량의 62%를 차지하는 사과 주산지다.",,,HOLD,HOLD,보류,UNSAFE_EXPLICIT_MONTH
A01176_6,A01176,6,2025-04-01,전국 마늘 생산의 38%를 담당하는 의성군 농가들도 비상이 걸렸다.,,,HOLD,HOLD,보류,UNSAFE_EXPLICIT_MONTH
A01191_5,A01191,5,2025-04-02,"이번 영남권 산불로 산림 4만8000ha가 불에 탔고, 농가 피해는 경북 지역의 5개 시·군(의성·안동·청송·영양·영덕)에서 주로 발생했다.",,,HOLD,HOLD,보류,UNSAFE_EXPLICIT_MONTH
A01191_6,A01191,6,2025-04-02,"경북도에 따르면, 이날 오전 8시 30분 기준 경북에서 과수원 3645ha를 포함해 총 3785ha의 농작물 피해가 발생했다.",,,HUMAN_REVIEW,HUMAN_REVIEW,보류,UNSAFE_EXPLICIT_MONTH
A01202_11,A01202,11,2025-04-03,"농림축산식품부에 따르면, 이번 산불로 국내 사과 재배 면적의 9%인 3000㏊에서 피해 신고가 들어왔다.",,,HOLD,HOLD,보류,UNSAFE_EXPLICIT_MONTH
A02633_26,A02633,26,2025-10-17,농림어업도 14만6100명 줄었다.,,,HOLD,HOLD,보류,UNSAFE_EXPLICIT_MONTH
A02696_14,A02696,14,2025-11-07,농가는 1인당 3만6000원에 도시 농부를 불러 쓸 수 있다.,,,HOLD,HOLD,보류,UNSAFE_EXPLICIT_MONTH
A02696_28,A02696,28,2025-11-07,충북도 농가 6만7000곳 중 2만1300곳(31%)이 도시 농부를 활용했다.,,,HOLD,HOLD,보류,UNSAFE_EXPLICIT_MONTH
A00049_8,A00049,8,2025-01-04,국토교통부는 우리 기업의 해외 건설 누적 수주액이 1조달러(약 1470조원)를 돌파했다고 3일 밝혔다.,,,HOLD,HOLD,보류,UNSAFE_EXPLICIT_MONTH
A00298_17,A00298,17,2025-01-23,반면 내수 중 건설투자는 건물건설과 토목건설이 모두 줄며 전분기 대비 3.2% 감소했다.,,,HOLD,HOLD,보류,UNSAFE_EXPLICIT_MONTH
A01480_11,A01480,11,2025-04-24,"의료·오락문화 부문 소비가 부진하면서 민간소비가 전 분기보다 0.1% 감소했고, 건설투자도 건물 건설을 중심으로 3.2% 줄었다.",,,HOLD,HOLD,보류,UNSAFE_EXPLICIT_MONTH
A01937_5,A01937,5,2025-05-29,◇절반 이상은 건설 부진 탓 한은은 이날 하향된 0.7%포인트 성장률 중 건설투자 부문이 차지하는 몫이 0.4%포인트라고 밝혔다.,,,HOLD,HOLD,보류,UNSAFE_EXPLICIT_MONTH
A02343_13,A02343,13,2025-06-30,향후 건설 경기를 가늠할 수 있는 건설 수주 실적도 발전·통신 분야 토목 수주 감소로 1년 전 대비 5.5% 줄었다.,,,HOLD,HOLD,보류,UNSAFE_EXPLICIT_MONTH
A02349_23,A02349,23,2025-06-30,"전직 경제 부처 국장은 “35조원 규모의 두 차례 추가경정예산 편성으로 ‘급한 불’을 껐고, AI 생태계 조성과 북극 항로 개척 같은 장기 과제도 나와 있다”며 “새 경제팀은 내수와 건설 투자를 되살릴 3년 정도 시계의 중기 대책을 내놓아야 하는 상황”이라고 했다.",,,HOLD,HOLD,보류,UNSAFE_EXPLICIT_MONTH
A02702_1,A02702,1,2025-11-09,3 건설투자 위축과 수출 증가세 둔화에도 불구하고 소비를 중심으로 국내 경기가 다소 개선되는 모습을 보이고 있다는 분석이 나왔다.,,,HOLD,HOLD,보류,UNSAFE_EXPLICIT_MONTH
A00129_3,A00129,3,2025-01-10,실업률은 4.1%를 기록했다.,,,HOLD,HOLD,보류,UNSAFE_EXPLICIT_MONTH
A00202_7,A00202,7,2025-01-16,"건설 경기 부진으로 건설업 취업자 수가 15만7000명 줄었고, 제조업과 도소매업 취업자 수 감소폭도 각각 10만명에 육박했다.",,,HUMAN_REVIEW,HUMAN_REVIEW,보류,UNSAFE_EXPLICIT_MONTH
A00368_25,A00368,25,2025-01-29,경제정책방향에 담긴 정책도 ‘청년 고용 올케어 플랫폼’ 기능을 확대하거나 ‘일경험 기회’를 1만명 늘리는 등 기존 정책을 답습·강화하는 차원에 그친다.,,,HOLD,HOLD,보류,UNSAFE_EXPLICIT_MONTH
A00544_13,A00544,13,2025-02-11,취업자 수는 14만명 늘어난다고 봤다가 10만명만 증가하는 것으로 수정했다.,,,HOLD,HOLD,보류,UNSAFE_EXPLICIT_MONTH
A00628_16,A00628,16,2025-02-18,10년 전과 비교하면 전체 취업자가 10.3% 늘어나는 동안 임금 근로자는 16.3% 증가했고 자영업자는 5.9% 감소했다.,,,HOLD,HOLD,보류,UNSAFE_EXPLICIT_MONTH
A00648_4,A00648,4,2025-02-19,주중에 회사를 다니고 주말에는 학원 강사를 한 경우 취업자는 1명이나 일자리는 2개로 집계된다.,,,HOLD,HOLD,보류,UNSAFE_EXPLICIT_MONTH
A00675_7,A00675,7,2025-02-21,"반대로 고용률이 가장 낮은 곳은 부산의 대표적 구도심인 영도구(48.1%)로, 전국 시·군·구 중 유일하게 고용률 50%를 넘지 못했다.",,,HOLD,HOLD,보류,UNSAFE_EXPLICIT_MONTH
A01023_17,A01023,17,2025-03-20,1970년대식 스태그플레이션 가능성에 대한 질문에 “현재 우리는 실업률이 완전고용에 근접한 4.1%를 유지하는 동안에도 인플레이션이 높은 수준에서 2%에 가깝게 둔화하는 상황에 있다”며 “우리가 (1970년대의)그런 상황과 비교할 만한 상황에 직면했다고 보진 않는다”라고 했다.,,,HOLD,HOLD,보류,UNSAFE_EXPLICIT_MONTH
A01033_17,A01033,17,2025-03-21,1970년대식 스태그플레이션 가능성에 대한 질문에 “현재 우리는 실업률이 완전고용에 근접한 4.1%를 유지하는 동안에도 인플레이션이 2%에 가깝게 둔화하는 상황에 있다”며 “우리가 (1970년대의) 그런 상황에 직면했다고 보지 않는다”고 했다.,,,HOLD,HOLD,보류,UNSAFE_EXPLICIT_MONTH
A01193_8,A01193,8,2025-04-02,"둘을 합치면 17만9000명으로, 전체 취업자 증가 규모(15만9000명)를 뛰어넘은 것이다.",,,HOLD,HOLD,보류,UNSAFE_EXPLICIT_MONTH
A01285_3,A01285,3,2025-04-09,인구 감소 효과까지 겹쳐 청년 취업자는 4개월 연속으로 20만명 넘게 감소했다.,,,HOLD,HOLD,보류,UNSAFE_EXPLICIT_MONTH
A01285_5,A01285,5,2025-04-09,60대와 30대를 중심으로 취업자가 늘며 올 들어 3개월 연속으로 취업자가 10만명 넘게 늘었다.,,,HOLD,HOLD,보류,UNSAFE_EXPLICIT_MONTH
A01285_8,A01285,8,2025-04-09,"제조업과 도소매업에서 취업자 수가 각각 11만2000명, 2만6000명 감소하는 등 청년층 취업자 비중이 높은 분야의 고용이 부진한 영향이 컸다.",,,HUMAN_REVIEW,HUMAN_REVIEW,보류,UNSAFE_EXPLICIT_MONTH
A01292_4,A01292,4,2025-04-10,청년 경제활동인구 대비 실업자 수를 뜻하는 청년 실업률은 7.5%에 달했다.,,,HOLD,HOLD,보류,UNSAFE_EXPLICIT_MONTH
A01292_7,A01292,7,2025-04-10,"청년 취업자 비율이 높은 제조업(-11만2000명)과 건설업(-18만5000명), 도·소매업(-2만6000명) 등에서 줄줄이 고용이 줄었다.",,,HOLD,HOLD,보류,UNSAFE_EXPLICIT_MONTH
A01359_2,A01359,2,2025-04-15,"20대 후반(25~29세) 청년으로 좁히면 취업자가 10만명 가까이 줄며, 12년 만에 최대 감소 폭을 보였다.",,,HOLD,HOLD,보류,UNSAFE_EXPLICIT_MONTH
A01737_3,A01737,3,2025-05-14,"갓 대학을 졸업하고 사회에 진출하는 20대 후반 실업률은 7%대로 올라서며, 청년 취업난이 갈수록 심각해지고 있다는 분석이 나온다.",,,HOLD,HOLD,보류,UNSAFE_EXPLICIT_MONTH
A01737_6,A01737,6,2025-05-14,국제 비교 기준인 15~64세 고용률은 69.9%로 4월 기준 역대 최대치를 보였다.,,2025년 4월,HOLD,HOLD,보류,MISSING_REQUIRED_SLOTS:condition
A01737_18,A01737,18,2025-05-14,도·소매업도 취업자가 3000명 줄었다.,,,HOLD,HOLD,보류,UNSAFE_EXPLICIT_MONTH
A01752_1,A01752,1,2025-05-15,"올 들어 취업자 수가 넉 달 연속 10만명 넘게 늘고 있지만, 20대 청년 일자리를 뒷받침해온 제조업 고용은 10개월 연속 줄고 있다.",,,HOLD,HOLD,보류,UNSAFE_EXPLICIT_MONTH
A01752_3,A01752,3,2025-05-15,우리나라 취업자 수의 15% 이상을 차지하는 제조업 분야 고용 쇼크가 이어질 경우 내수 경기가 더 나빠질 가능성이 있다.,,,HOLD,HOLD,보류,UNSAFE_EXPLICIT_MONTH
A01752_15,A01752,15,2025-05-15,제조업·건설업·도소매업 취업자 수는 전체 취업자 3명 중 1명꼴인 33.2%를 차지한다.,,,HOLD,HOLD,보류,UNSAFE_EXPLICIT_MONTH
A01752_20,A01752,20,2025-05-15,청년층 인구에서 취업자 비율을 뜻하는 청년 고용률도 45.3%로 1년 전보다 0.9%포인트 하락했다.,,,HUMAN_REVIEW,HUMAN_REVIEW,보류,UNSAFE_EXPLICIT_MONTH
A01902_18,A01902,18,2025-05-27,"◇6명 중 1명은 사실상 백수 내수 부진과 수출 둔화 등으로 청년 취업난이 장기화하는 가운데, 이 같은 트렌드 변화까지 맞물리면서 청년 실업률 지표는 날로 악화하고 있다.",,,HOLD,HOLD,보류,UNSAFE_EXPLICIT_MONTH
A01902_20,A01902,20,2025-05-27,"취업준비생, 아르바이트를 하며 더 나은 직장을 알아보는 ‘추가 취업 가능자’, 구직 활동도 하지 않고 그냥 시간을 보낸 ‘쉬었음’ 등까지 감안한 ‘확장실업률’은 16.8%에 달한다.",,,HOLD,HOLD,보류,UNSAFE_EXPLICIT_MONTH
A01903_10,A01903,10,2025-05-27,이 비율은 70세 재취업자의 경우 59.6%까지 증가했다.,,,HOLD,HOLD,보류,UNSAFE_EXPLICIT_MONTH
A02096_12,A02096,12,2025-06-11,"반면 15~29세 청년층은 취업자가 1년새 15만명 줄었고, 50대와 40대도 각각 취업자가 6만8000명, 3만9000명 감소했다.",,,HUMAN_REVIEW,HUMAN_REVIEW,보류,UNSAFE_EXPLICIT_MONTH
A02096_17,A02096,17,2025-06-11,실업률은 2.8%로 집계됐다.,,,HOLD,HOLD,보류,UNSAFE_EXPLICIT_MONTH
A02111_1,A02111,1,2025-06-12,법적 정년을 넘긴 60세 이상 고령층 취업자가 사상 처음으로 700만명을 넘었다.,,,HOLD,HOLD,보류,UNSAFE_EXPLICIT_MONTH
A02111_5,A02111,5,2025-06-12,"15~29세 청년층과 50대 취업자가 각각 15만명, 6만8000명 줄었지만, 60세 이상 취업자가 37만명이나 불어난 영향이 컸다.",,,HUMAN_REVIEW,HUMAN_REVIEW,보류,UNSAFE_EXPLICIT_MONTH
A02111_14,A02111,14,2025-06-12,"정년을 막 넘긴 60~64세의 경우 경제활동참가율과 고용률이 각각 68.4%, 66.5%에 달한다.",,,HUMAN_REVIEW,HUMAN_REVIEW,보류,UNSAFE_EXPLICIT_MONTH
A02111_15,A02111,15,2025-06-12,"◇65세 이상 근로자 61%가 비정규직… 고용의 질 낮아 일하는 고령층이 늘고 있지만, 고용의 질은 낮은 편이다.",,,HOLD,HOLD,보류,UNSAFE_EXPLICIT_MONTH
A02111_26,A02111,26,2025-06-12,하지만 사회 초년생인 청년층 고용률은 46.2%로 1년 전보다 0.7%포인트 감소했다.,,,HOLD,HOLD,보류,UNSAFE_EXPLICIT_MONTH
A02184_16,A02184,16,2025-06-17,"40대에서도 고졸 실업률은 3.3%, 대졸은 1.6%에 불과했다.",,,HOLD,HOLD,보류,UNSAFE_EXPLICIT_MONTH
A02184_17,A02184,17,2025-06-17,"50대도 고졸 실업률이 2%, 대졸이 1.5%로 마찬가지였다.",,,HOLD,HOLD,보류,UNSAFE_EXPLICIT_MONTH
A02569_3,A02569,3,2025-07-17,내수 부진 여파로 숙박·음식점업 취업자 수도 두 달 연속 줄어 사회 초년생인 20대 청년들의 취업문이 좀처럼 열리지 않고 있다.,,,HOLD,HOLD,보류,UNSAFE_EXPLICIT_MONTH
A02569_5,A02569,5,2025-07-17,보건업·사회복지서비스업 분야 취업자가 21만명 넘게 증가한 영향이 컸다.,,,HOLD,HOLD,보류,UNSAFE_EXPLICIT_MONTH
A02569_34,A02569,34,2025-07-17,기업데이터연구소 CEO스코어는 16일 매출액 기준 국내 100... 제조업 취업자 1년째 내리막에...'쉬었음' 20대 5년 만 최대 제조업 취업자 수가 1년째 내리막을 이어가고 있는 것으로 파악됐다.,,,HOLD,HOLD,보류,UNSAFE_EXPLICIT_MONTH
A02624_15,A02624,15,2025-10-12,같은 달 20대 실업률은 5.0%를 기록했다.,,,HOLD,HOLD,보류,UNSAFE_EXPLICIT_MONTH
A02632_2,A02632,2,2025-10-17,취업자 수 증가 폭이 30만명대를 기록한 것은 1년 7개월 만이다.,,,HOLD,HOLD,보류,UNSAFE_EXPLICIT_MONTH
A02633_3,A02633,3,2025-10-17,30대와 60세 이상을 제외한 모든 연령대에서 취업자가 줄어 고용시장의 양극화가 극심해지는 모습이다.,,,HOLD,HOLD,보류,UNSAFE_EXPLICIT_MONTH
A02633_7,A02633,7,2025-10-17,반면 청년(15~29세) 취업자는 14만6200명 감소했다.,,,HOLD,HOLD,보류,UNSAFE_EXPLICIT_MONTH
A02633_9,A02633,9,2025-10-17,"40대와 50대 취업자도 각각 4만5200명, 1만1000명 줄었다.",,,HUMAN_REVIEW,HUMAN_REVIEW,보류,UNSAFE_EXPLICIT_MONTH
A02633_11,A02633,11,2025-10-17,"이에 대해 국가데이터처 관계자는 “50대 인구가 줄어드는 효과도 있지만, 그 보다는 50대 취업자가 많은 건설업 등에서의 부진이 이어지면서 취업자에 부정적 영향을 준 측면이 있다”고 말했다.",,,HOLD,HOLD,보류,UNSAFE_EXPLICIT_MONTH
A02633_15,A02633,15,2025-10-17,상용직 취업자는 34만400명 늘어 증가세를 주도했다.,,,HOLD,HOLD,보류,UNSAFE_EXPLICIT_MONTH
A02633_44,A02633,44,2025-10-17,"실업률은 2.1%로 낮지만, 일자리를 찾는 실업자는 여전히 많다는 의미다.",,,HOLD,HOLD,보류,UNSAFE_EXPLICIT_MONTH
A02638_2,A02638,2,2025-10-18,20대 취업자 수는 물론 인구 대비 취업자 수를 나타내는 고용률도 감소세가 길어지고 있다.,,,HOLD,HOLD,보류,UNSAFE_EXPLICIT_MONTH
A02638_6,A02638,6,2025-10-18,저출산에 따른 인구 감소 요인을 뺀 고용률을 봐도 20대 취업난은 악화하고 있다.,,,HOLD,HOLD,보류,UNSAFE_EXPLICIT_MONTH
A02639_8,A02639,8,2025-10-19,건설업 취업자도 8만4000명 줄면서 17개월째 마이너스다.,,,HOLD,HOLD,보류,UNSAFE_EXPLICIT_MONTH
A02647_10,A02647,10,2025-10-22,"연령별로는 60세 이상 비정규직 근로자가 35.5%로 가장 많았으며, 이어 50대(19.1%), 29세 이하(18.0%) 순이었다.",,,HOLD,HOLD,보류,UNSAFE_EXPLICIT_MONTH
A02647_12,A02647,12,2025-10-22,"60세 이상 임금근로자 중 비정규직 비율은 69.9%로, 10명 중 7명이 비정규직인 것으로 나타났다.",,,HOLD,HOLD,보류,UNSAFE_EXPLICIT_MONTH
A02647_20,A02647,20,2025-10-22,"정규직 근로자는 389만 6000원으로 10만원 증가했으며, 비정규직 근로자는 208만8000원으로 4만원 증가했다.",,,HOLD,HOLD,보류,UNSAFE_EXPLICIT_MONTH
A02647_21,A02647,21,2025-10-22,시간제 근로자를 제외할 경우 비정규직의 월평균 임금은 303만7000원으로 8만 원 늘었다.,,,HOLD,HOLD,보류,UNSAFE_EXPLICIT_MONTH
A02650_32,A02650,32,2025-10-23,관련 기사 한국서 희망 못 찾는 20대… 취업자 2년 11개월째 감소 청년 취업난이 심각한 것으로 나타났다.,,,HOLD,HOLD,보류,UNSAFE_EXPLICIT_MONTH
A02650_33,A02650,33,2025-10-23,20대 취업자 수는 물론 인구 대비 취업자 수를 나타내는 고용률도 감소세가 길어지고 있다.,,,HOLD,HOLD,보류,UNSAFE_EXPLICIT_MONTH
A02656_19,A02656,19,2025-10-27,"이 조사에 따르면 보건업 및 사회복지 서비스업 취업자는 302만7000명이었는데, 이 중 절반 이상인 159만4000명이 비거주 복지시설 운영업 취업자였다.",,,HOLD,HOLD,보류,UNSAFE_EXPLICIT_MONTH
A02656_30,A02656,30,2025-10-27,병원 취업자의 3개월 평균 임금은 384만원으로 비거주 복지시설 운영업의 3배 이상이었다.,,,HOLD,HOLD,보류,UNSAFE_EXPLICIT_MONTH
A02680_10,A02680,10,2025-11-04,"오후 5시 ‘칼퇴(정시 퇴근)’하고, 밤 8... 더 벌어졌다… 정규·비정규직 월급차 역대 최대 180만원 이른바 ‘N잡(2개 이상의 직업을 갖는 것)’에 뛰어드는 직장인이 늘어나는 데는 정규직과 비정규직 간 임금 격차 확대 등 ‘노동시장 양극화’가 ... 다 비싸졌다… 월세 상승률 10년래 최고, 물가도 껑충 월세, 외식 물가 등이 크게 올라 생활비 부담이 커지는 것은 비정규직 근로자 등 서민의 생활고를 가중시키는 요인으로 꼽힌다.",,,HOLD,HOLD,보류,UNSAFE_EXPLICIT_MONTH
A02689_8,A02689,8,2025-11-05,전체 취업자 중 비임금 근로자가 차지하는 비율(22.6%)도 역대 최저였다.,,,HOLD,HOLD,보류,UNSAFE_EXPLICIT_MONTH
A02690_1,A02690,1,2025-11-05,취업자도 실업자도 아닌 비경제활동인구 가운데 중대한 질병이나 장애는 없지만 “그냥 쉰다”고 답한 인구가 1년 새 7만명 넘게 늘어난 것으로 나타났다.,,,HOLD,HOLD,보류,UNSAFE_EXPLICIT_MONTH
A02693_2,A02693,2,2025-11-06,"양질의 일자리가 부족해 일하지도 구직 활동도 하지 않는 20대 ‘쉬었음’ 청년이 늘고, 이들이 실업률을 계산하는 경제활동인구에서 아예 빠지면서 역설적으로 실업률이 하락했다는 것이다.",,,HOLD,HOLD,보류,UNSAFE_EXPLICIT_MONTH
A02696_33,A02696,33,2025-11-07,실업률은 1%로 가장 낮다.,,,HOLD,HOLD,보류,UNSAFE_EXPLICIT_MONTH
A00440_5,A00440,5,2025-02-03,"제조업을 포함한 광공업 생산이 4.1% 늘었고, 서비스업 생산이 1.4% 증가했다.",,,HOLD,HOLD,보류,UNSAFE_EXPLICIT_MONTH
A00816_7,A00816,7,2025-03-04,제조업이 2.4% 줄어드는 등 광공업 생산이 2.3% 감소했다.,,,HOLD,HOLD,보류,UNSAFE_EXPLICIT_MONTH
A00828_6,A00828,6,2025-03-05,제조업이 전달보다 2.4% 줄어드는 등 광공업 생산이 2.3% 감소했다.,,,HOLD,HOLD,보류,UNSAFE_EXPLICIT_MONTH
A02357_5,A02357,5,2025-07-01,4월에 0.6% 줄었던 제조업 생산이 5월에는 3%나 감소한 영향이 컸다.,,,HOLD,HOLD,보류,UNSAFE_EXPLICIT_MONTH
A02416_32,A02416,32,2025-07-05,"1차 추경이 집행되기 시작한 5월 산업 생산은 1.1%, 설비 투자는 4.7% 감소했다.",,,HOLD,HOLD,보류,UNSAFE_EXPLICIT_MONTH
A02450_28,A02450,28,2025-07-08,"셋째, 국내 산업생산이 1% 상승할 때 물가는 0.8%포인트 올랐다.",,,HOLD,HOLD,보류,UNSAFE_EXPLICIT_MONTH
A00208_6,A00208,6,2025-01-16,이는 1인당 GDP 성장률을 연평균 0.4%씩 갉아먹는다.,,,HOLD,HOLD,보류,UNSAFE_EXPLICIT_MONTH
A00212_32,A00212,32,2025-01-17,"이 총재는 통화 정책 외에 재정 정책의 필요성에 대해서는 “추경 시기는 빠를수록 좋고, 15조~20조원 정도가 성장률이 떨어진 정도를 완화할 수 있다고 본다”고 했다.",,,HOLD,HOLD,보류,UNSAFE_EXPLICIT_MONTH
A00308_9,A00308,9,2025-01-24,GDP 성장률과 잠재성장률 하락을 근거로 ‘한국의 경쟁력이 정점을 찍고 내리막길에 들어섰다’는 이른바 ‘피크 코리아(Peak Korea)’ 주장에 동의하느냐는 질문에 응답자 3명 중 2명꼴로 고개를 끄덕였다.,,,HUMAN_REVIEW,HOLD,보류,UNSAFE_EXPLICIT_MONTH
A00308_11,A00308,11,2025-01-24,"설문 결과, 응답자 절반이 한국 경제의 잠재성장률을 2% 미만으로 봤다.",,,HOLD,HOLD,보류,UNSAFE_EXPLICIT_MONTH
A00308_31,A00308,31,2025-01-24,김태유 서울대 명예교수는 “지난 30년간 대통령 임기마다 한국 경제성장률이 1%포인트씩 대세 하락해 왔다”며 “새로운 성장 동력을 찾는 노력이 절실하다”고 했다.,,,HOLD,HOLD,보류,UNSAFE_EXPLICIT_MONTH
A00735_21,A00735,21,2025-02-26,한은에 따르면 금리를 0.25%포인트 내리면 성장률을 0.07%포인트 끌어올리는 효과가 있다.,,,HOLD,HOLD,보류,UNSAFE_EXPLICIT_MONTH
A00753_32,A00753,32,2025-02-27,"노동생산성은 1인당 국내총생산(GDP)을 총노동시간으로 나눈 값으로, 노동자 1명이 1시간 동안 국부의 증가에 얼마나 기여했는지를 보여준다.",,,HOLD,HOLD,보류,UNSAFE_EXPLICIT_MONTH
A00796_9,A00796,9,2025-03-03,통상 성장률이 2개 분기 연속 마이너스(-)를 나타낼 경우 경기 침체 상황으로 판단한다.,,,HOLD,HOLD,보류,UNSAFE_EXPLICIT_MONTH
A00895_19,A00895,19,2025-03-10,"헤리티지재단은 “한국의 소득세 및 법인세 최고세율은 각각 49.5%, 27.5%로, 국민부담률(GDP 대비 조세‧사회보장기여금 비중)도 28.9%에 달한다”고 지적했다.",,,HUMAN_REVIEW,HUMAN_REVIEW,보류,UNSAFE_EXPLICIT_MONTH
A00922_20,A00922,20,2025-03-12,건설업 취업자 감소는 전체 국내총생산(GDP)의 15%를 차지하고 있는 건설업이 휘청이고 있기 때문이다.,,,HOLD,HOLD,보류,UNSAFE_EXPLICIT_MONTH
A00949_8,A00949,8,2025-03-14,또 미·중 관세 전쟁이 미칠 영향에 대해선 최악의 경우 내년 우리 경제 성장률을 0.4%포인트 끌어내려 내년 성장률이 1.4%에 그칠 것으로 분석했다.,,,HOLD,HOLD,보류,UNSAFE_EXPLICIT_MONTH
A01180_4,A01180,4,2025-04-01,우리 GDP(국내총생산) 성장률 2% 중 90%를 웃도는 1.9%포인트를 수출이 만들어낸 상황에서 한국 경제 성장의 6분의 1쯤을 책임졌던 대미 수출이 직격탄을 맞는 것이다.,,,HOLD,HOLD,보류,UNSAFE_EXPLICIT_MONTH
A01278_9,A01278,9,2025-04-09,통합 재정 수지에서 국민연금·고용보험 등 4대 사회 보장성 기금의 흑자를 빼내 실질적인 나라 살림을 보여주는 관리 재정 수지는 104조8000억원 적자로 GDP의 4.1%에 달했다.,,,HOLD,HOLD,보류,UNSAFE_EXPLICIT_MONTH
A01333_10,A01333,10,2025-04-13,"신한카자흐스탄은행의 손익은 1031억원으로, 최근 2년 동안 연 평균 성장률이 231%였다.",,,HOLD,HOLD,보류,UNSAFE_EXPLICIT_MONTH
A01384_7,A01384,7,2025-04-17,정부가 예산을 1원 더 쓰면 국내총생산(GDP)이 0.4~0.5원 늘어난다는 뜻이다.,,,HOLD,HOLD,보류,UNSAFE_EXPLICIT_MONTH
A01401_15,A01401,15,2025-04-18,"국내총생산(GDP) 대비 국가채무비율은 48.1%에서 48.4%로, GDP 대비 재정수지(국민연금 등 사회보장성 기금 흑자분을 제외한 관리재정수지 기준) 적자 비율은 2.8%에서 3.2%로 각각 악화된다.",,,HUMAN_REVIEW,HUMAN_REVIEW,보류,UNSAFE_EXPLICIT_MONTH
A01402_7,A01402,7,2025-04-18,1인당 국민총생산(GDP)이 65달러밖에 안 될 때다.,,,HOLD,HOLD,보류,UNSAFE_EXPLICIT_MONTH
A01438_1,A01438,1,2025-04-21,한국의 성장률이 사상 처음으로 4개 분기 연속으로 0.1% 이하의 ‘제로(0) 성장’을 기록할 것이라는 우려가 커지고 있다.,,,HOLD,HOLD,보류,UNSAFE_EXPLICIT_MONTH
A01438_3,A01438,3,2025-04-21,성장률이 4개 분기 연속으로 0.1% 이하를 기록한 것은 과거 대형 경제 위기 때도 없던 일이다.,,,HOLD,HOLD,보류,UNSAFE_EXPLICIT_MONTH
A01480_1,A01480,1,2025-04-24,한국의 성장률이 사상 처음으로 4개 분기 연속으로 0.1% 밑으로 떨어진 ‘저성장 쇼크’가 현실로 나타났다.,,,HOLD,HOLD,보류,UNSAFE_EXPLICIT_MONTH
A01480_3,A01480,3,2025-04-24,성장률이 4개 분기 연속으로 0.1% 이하를 기록한 것은 과거 대형 경제 위기 때도 없었다.,,,HOLD,HOLD,보류,UNSAFE_EXPLICIT_MONTH
A01539_9,A01539,9,2025-04-29,한국 경제의 기초 체력이 떨어진 것을 반영해 지난 6개월 동안 달러화에 대한 원화 환율은 125원(9.4%) 올라 달러화로 표시되는 GDP 자체를 갉아먹었다.,,,HOLD,HOLD,보류,UNSAFE_EXPLICIT_MONTH
A01539_11,A01539,11,2025-04-29,"한국이 1인당 GDP 2만달러로 진입할 때는 반도체, 3만달러로 진입할 때는 자동차·화학·정유라는 버팀목이 든든했다.",,,HUMAN_REVIEW,HUMAN_REVIEW,보류,UNSAFE_EXPLICIT_MONTH
A01539_18,A01539,18,2025-04-29,한국 경제는 1인당 GDP 2만달러에서 3만달러까지 연평균 4% 가까운 성장을 거듭해 9년 만에 달성했다.,,,HUMAN_REVIEW,HUMAN_REVIEW,보류,UNSAFE_EXPLICIT_MONTH
A01673_10,A01673,10,2025-05-09,비관적 시나리오만 놓고 비교하면 성장률이 0% 이하로 떨어지는 시기가 9년가량 앞당겨진 것이다.,,,HOLD,HOLD,보류,UNSAFE_EXPLICIT_MONTH
A01723_11,A01723,11,2025-05-13,최근 20년간 한국의 잠재성장률 하락 속도는 2.29%포인트(4.27%→1.98%)로 주요 선진국 중 가장 빠르다.,,,HOLD,HOLD,보류,UNSAFE_EXPLICIT_MONTH
A01733_13,A01733,13,2025-05-14,KDI는 “대내외 수요 둔화로 초래될 수 있는 물가 하방 압력을 축소하기 위해 통화정책은 보다 완화적인 기조로 운용하는 것이 바람직하다”며 “재정정책은 큰 폭의 관리재정수지 적자(GDP 대비 3.3%)를 감안하면 이미 어느 정도 완화적 기조라 정부 지출 추가 확대는 신중히 접근해야 한다”고 했다.,,,HOLD,HOLD,보류,UNSAFE_EXPLICIT_MONTH
A01747_2,A01747,2,2025-05-15,0%대 성장률은 위기 때나 나타났다는 점에서 경고 수위가 높아진 것이다.,,,HOLD,HOLD,보류,UNSAFE_EXPLICIT_MONTH
A01762_5,A01762,5,2025-05-16,"예금 보호 한도가 지금은 1인당 GDP와 같은 수준인데, 1억원으로 늘어나면 2배가 되는 것이다.",,,HOLD,HOLD,보류,UNSAFE_EXPLICIT_MONTH
A01770_6,A01770,6,2025-05-17,"수출은 전기 대비 0.6% 감소하고, 수입은 2.9% 급증해 전체 성장률을 끌어내렸다.",,,HOLD,HOLD,보류,UNSAFE_EXPLICIT_MONTH
A01931_7,A01931,7,2025-05-29,"철강·알루미늄 산업의 경우 GDP재화수출이 0.3%, 대미 수출이 1.4% 줄어들 것으로 봤다.",,,HOLD,HOLD,보류,UNSAFE_EXPLICIT_MONTH
A01932_28,A01932,28,2025-05-29,"“불과 10년 전만 하더라도 경제성장률 3% 달성이 이슈였는데, 지금은 2% 달성이 쉽지 않다.",,,HOLD,HOLD,보류,UNSAFE_EXPLICIT_MONTH
A01935_14,A01935,14,2025-05-29,"이 총재는 성장률 충격에도 0.5%포인트 인하가 아닌 0.25%포인트 인하를 결정한 배경에는 “유동성을 더 공급할 경우에는 주택 가격, 자산 가격으로 유동성이 흘러 들어와 코로나 때 실수(자산가격 폭등) 반복할 가능성이 크기 때문”이라고 했다.",,,HOLD,HOLD,보류,UNSAFE_EXPLICIT_MONTH
A01947_8,A01947,8,2025-05-30,◇꾹 닫힌 지갑 “코로나보다 힘들다” 한국 GDP(국내총생산)의 14%를 차지하는 건설 경기는 ‘마이너스 행진’ 중이다.,,,HOLD,HOLD,보류,UNSAFE_EXPLICIT_MONTH
A01947_27,A01947,27,2025-05-30,관세전쟁과 상관없이 성장률은 1%를 넘지 못한다는 것이다.,,,HOLD,HOLD,보류,UNSAFE_EXPLICIT_MONTH
A01947_37,A01947,37,2025-05-30,이대로면 사상 처음 한국 성장률이 2년 연속 2%를 밑돌게 된다.,,,HOLD,HOLD,보류,UNSAFE_EXPLICIT_MONTH
A02019_60,A02019,60,2025-06-05,GDP(국내총생산) 대비 국가 채무 비율이 50%에 육박하는 상황에서 재정 건전성이 언제 무너질지 모른다.,,,HOLD,HOLD,보류,UNSAFE_EXPLICIT_MONTH
A02020_69,A02020,69,2025-06-05,GDP(국내총생산) 대비 국가 채무 비율이 50%에 육박하는 상황에서 재정 건전성이 언제 무너질지 모른다.,,,HOLD,HOLD,보류,UNSAFE_EXPLICIT_MONTH
A02022_14,A02022,14,2025-06-05,우리나라 역시 잠재성장률이 연 2%까지 떨어진 상황이다.,,,HOLD,HOLD,보류,UNSAFE_EXPLICIT_MONTH
A02042_47,A02042,47,2025-06-07,이런 가운데 한국 경제 성장률은 0%대로 떨어져 ‘피크 코리아’라는 말까지 나도는 상황입니다.,,,HOLD,HOLD,보류,UNSAFE_EXPLICIT_MONTH
A02070_6,A02070,6,2025-06-09,"신차 시장에서 인기를 얻는 하이브리드는 물론이고 휘발유, 경유 등 다른 차종 가운데 가장 높은 성장률을 보이며 분기 기준 판매량이 처음으로 1만대를 넘겼다.",,,HUMAN_REVIEW,HUMAN_REVIEW,보류,UNSAFE_EXPLICIT_MONTH
A02209_2,A02209,2,2025-06-19,국내총생산(GDP) 대비 국가채무 비율도 49%를 넘어 ‘재정준칙 상한선’인 50%에 육박하게 된다.,,,HOLD,HOLD,보류,UNSAFE_EXPLICIT_MONTH
A02209_13,A02209,13,2025-06-19,GDP 대비 관리재정수지 비율은 –4.2%로 재정준칙 목표치(-3%)를 넘어선다.,,,HOLD,HOLD,보류,UNSAFE_EXPLICIT_MONTH
A02209_15,A02209,15,2025-06-19,기획재정부는 관리재정수지 적자 규모를 GDP의 3% 이내로 제한하는 재정준칙 법제화를 추진해왔다.,,,HOLD,HOLD,보류,UNSAFE_EXPLICIT_MONTH
A02219_36,A02219,36,2025-06-20,"국내총생산(GDP) 대비 국가채무 비율도 ... ""세금은 우리가 70% 넘게 내는데…"" 상위 10%의 불만 정부가 2차 추가경정예산(추경)안을 통해 국민 1인당 15~52만원의 민생회복 소비 쿠폰을 지급하기로 하자, 최저 구간인 15만원을 받게 된 상...",,,HOLD,HOLD,보류,UNSAFE_EXPLICIT_MONTH
A02258_27,A02258,27,2025-06-23,"배선영 전 연세대 경제대학원 교수는 “설비 투자는 GDP의 10% 정도를 차지해, 감소하면 국가 경쟁력에 나쁜 영향을 준다”며 “정부가 각종 규제를 완화해 기업의 설비 투자를 독려해야 한다”고 말했다.",,,HOLD,HOLD,보류,UNSAFE_EXPLICIT_MONTH
A02291_5,A02291,5,2025-06-26,"실질 지역내총생산 성장률은 경북(1.6%), 울산(1.4%), 서울(1.0%) 순으로 높았다.",,,HOLD,HOLD,보류,UNSAFE_EXPLICIT_MONTH
A02291_16,A02291,16,2025-06-26,"특히 대구(-24.3%), 광주(-18.5%), 세종(-19.4%) 등 8개 광역지자체의 건설업 성장률은 전국 평균 건설업 성장률보다 크게 낮은 것으로 집계됐다.",,,HOLD,HOLD,보류,UNSAFE_EXPLICIT_MONTH
A02301_5,A02301,5,2025-06-26,"중기부 측은 “사우디는 GDP(국내총생산)가 1조1000억달러로 중동 최대지만, 한국 중소기업의 사우디 수출은 10억달러(약 1조3600억원)로 전체 중소기업 수출의 0.9%에 불과한 상황”이라고 했다.",,,HOLD,HOLD,보류,UNSAFE_EXPLICIT_MONTH
A02416_19,A02416,19,2025-07-05,정부가 예산을 1원 쓰면 GDP는 0.4~0.5원 늘어난다는 뜻이다.,,,HOLD,HOLD,보류,UNSAFE_EXPLICIT_MONTH
A02416_20,A02416,20,2025-07-05,이에 이 총재는 최근 추경 편성으로 성장률이 0.2%포인트 오를 것이라고 하기도 했다.,,,HOLD,HOLD,보류,UNSAFE_EXPLICIT_MONTH
A02416_22,A02416,22,2025-07-05,◇“2차 추경으로 성장률 0.8→0.9%” 추경이 어떤 효과를 보일지는 민생 회복 소비 쿠폰에 달려 있다는 말이 나온다.,,,HOLD,HOLD,보류,UNSAFE_EXPLICIT_MONTH
A02416_26,A02416,26,2025-07-05,국회 예산정책처는 추경에 따른 성장률 증가 폭이 0.14~0.32%포인트에 그칠 것이라고 봤다.,,,HOLD,HOLD,보류,UNSAFE_EXPLICIT_MONTH
A02416_28,A02416,28,2025-07-05,반면 소비 유발 효과가 작을 경우 성장률은 0.94%로 0.14%포인트 늘어나는 데 그칠 것으로 예산정책처는 봤다.,,,HOLD,HOLD,보류,UNSAFE_EXPLICIT_MONTH
A02450_6,A02450,6,2025-07-08,“정부가 재정을 100원 쓰면 GDP(국내총생산)가 80~120원 증가하는 재정승수 효과가 있다.,,,HOLD,HOLD,보류,UNSAFE_EXPLICIT_MONTH
A02476_14,A02476,14,2025-07-10,32조원 규모로 확정된 2차 추경에 대해선 “경제성장률을 0.1%포인트 올리는 효과가 있다고 한은은 보고 있다”고 했다.,,,HOLD,HOLD,보류,UNSAFE_EXPLICIT_MONTH
A02488_11,A02488,11,2025-07-11,한편 이 총재는 약 32조원 규모의 2차 추가경정예산에 대해선 “성장률을 0.1%포인트 올리는 효과가 있다고 보고 있다”면서도 “소비 쿠폰 등의 실제 효과는 데이터가 나오고 나서 확인해야 할 것”이라고 했다.,,,HOLD,HOLD,보류,UNSAFE_EXPLICIT_MONTH
A02656_8,A02656,8,2025-10-27,"잠재성장률이란 자본·노동력을 최대한 활용했을 때 달성할 수 있는 성장률로, 이 총재의 말은 우리나라가 최선을 다해도 GDP가 2%도 채 늘지 않는다는 뜻이다.",,,HOLD,HOLD,보류,UNSAFE_EXPLICIT_MONTH
A00746_10,A00746,10,2025-02-27,해외 여행객과 해외 ‘직구’가 늘어난 영향이다... 'K푸드 쇼핑'이 필수 관광코스… 명동에 수퍼마켓 175곳 #1. “저 왕꿈틀이 젤리도 사자!,,,HOLD,HOLD,보류,UNSAFE_EXPLICIT_MONTH
A00279_13,A00279,13,2025-01-22,사망자 수가 출생아 수를 웃돌아 인구는 9124명 자연 감소했다.,,,HOLD,HOLD,보류,UNSAFE_EXPLICIT_MONTH
A00292_8,A00292,8,2025-01-23,합계 출산율(여성 1명이 평생 낳을 것으로 기대되는 평균 출생아 수)도 9년 만에 반등할 가능성이 커졌다.,,,HOLD,HOLD,보류,UNSAFE_EXPLICIT_MONTH
A00354_8,A00354,8,2025-01-28,이 중 약 절반인 1700만 명이 고령 인구가 된다.,,,HOLD,HOLD,보류,UNSAFE_EXPLICIT_MONTH
A00354_10,A00354,10,2025-01-28,이 지표는 15~64세 생산연령인구 1명이 65세 이상의 고령 인구 몇 명을 부양해야 하는지를 나타낸다.,,,HOLD,HOLD,보류,UNSAFE_EXPLICIT_MONTH
A00354_12,A00354,12,2025-01-28,"지금 우리는 생산연령인구 3.6명이 고령 인구 1명을 부양하고 있는데, 약 50년 후에는 생산연령인구 1명이 고령 인구 1명을 부양해야 한다.",,,HOLD,HOLD,보류,UNSAFE_EXPLICIT_MONTH
A00354_26,A00354,26,2025-01-28,이들은 954만 명으로 인구의 18.6%를 차지한다.,,,HOLD,HOLD,보류,UNSAFE_EXPLICIT_MONTH
A00354_37,A00354,37,2025-01-28,우리 아이들이 소득의 50%를 고령 인구 부양을 위해 국가에 헌납해야 한다면 한국에 남아있거나 열심히 일할 이유가 없을 것이다.,,,HOLD,HOLD,보류,UNSAFE_EXPLICIT_MONTH
A00383_7,A00383,7,2025-01-30,"경기도(1369만4685명)에 이어 가장 많은 인구가 집중돼 있는 서울(933만1828명)에서, 서민들이 즐겨 찾는 호프집이 지속적으로 줄고 있다는 건 그만큼 내수부진이 심각하다는 의미다.",,,HOLD,HOLD,보류,UNSAFE_EXPLICIT_MONTH
A00385_15,A00385,15,2025-01-30,대한민국 주민등록 인구 중 65세 이상 비율이 20%를 넘어섰다.,,,HOLD,HOLD,보류,UNSAFE_EXPLICIT_MONTH
A00491_5,A00491,5,2025-02-07,캘리포니아 인구 중 약 0.5%가 화재 당시 대피 명령을 받았다고 골드만삭스가 집계했을 만큼 산불이 고용 시장에 미치는 영향이 컸다.,,,HOLD,HOLD,보류,UNSAFE_EXPLICIT_MONTH
A00519_8,A00519,8,2025-02-09,"이런 흐름 속에 청년도약계좌 총 가입자는 166만명까지 불어났는데, 가입 가능한 청년 추산 인구(600만명)의 28%에 달한다.",,,HOLD,HOLD,보류,UNSAFE_EXPLICIT_MONTH
A00670_8,A00670,8,2025-02-21,이 기간 인구 10만명 미만 소도시는 16% 오르는 데 그쳤다.,,,HOLD,HOLD,보류,UNSAFE_EXPLICIT_MONTH
A00709_9,A00709,9,2025-02-24,"1980년대 후반(1986~1990년)에는 매년 62만~64만명대가 태어났지만, 1990년대 초반(1991~1995년)에는 출생아 수가 70만~73만대로 늘었다.",,,HOLD,HOLD,보류,UNSAFE_EXPLICIT_MONTH
A00736_18,A00736,18,2025-02-26,출생아보다 사망자가 더 많이 늘어나면서 인구는 12만명 자연 감소했다.,,,HOLD,HOLD,보류,UNSAFE_EXPLICIT_MONTH
A00736_20,A00736,20,2025-02-26,지역별로는 세종을 제외한 전국 16개 시·도에서 인구가 자연 감소했다.,,,HOLD,HOLD,보류,UNSAFE_EXPLICIT_MONTH
A00749_11,A00749,11,2025-02-27,인구가 늘어난 1990년대 초반생이 아이를 많이 낳는 연령대인 30대 초반에 진입한 데다 결혼을 하고 아이를 낳는 전통적인 가정상을 꾸리려는 20·30대가 늘어난 영향이라는 게 정부 진단이다.,,,HOLD,HOLD,보류,UNSAFE_EXPLICIT_MONTH
A00749_23,A00749,23,2025-02-27,박현정 통계청 과장은 “현재 20대가 30대보다 인구수 자체가 더 적다”며 “20대들이 30대로 이동하면 출생아 수가 줄어들 수 있다”고 했다.,,,HUMAN_REVIEW,HUMAN_REVIEW,보류,UNSAFE_EXPLICIT_MONTH
A00793_17,A00793,17,2025-03-02,"1월 말 기준 정선군 인구가 3만3400여명인데, 지역 인구의 약 12배의 관광객 유치 효과가 있었다.",,,HOLD,HOLD,보류,UNSAFE_EXPLICIT_MONTH
A00837_6,A00837,6,2025-03-06,오일 달러가 넘치는 중동 국가를 제외하고 인구 1000만명 이상 국가 중 1인당 국민소득 4만달러 벽을 뚫은 나라는 10곳이다.,,,HOLD,HOLD,보류,UNSAFE_EXPLICIT_MONTH
A00837_34,A00837,34,2025-03-06,인구 5000만명 이상 국가로선 세계 최초였지만 거기까지였다.,,,HOLD,HOLD,보류,UNSAFE_EXPLICIT_MONTH
A00872_5,A00872,5,2025-03-09,인천은 지난 1년간 서울과 6대 광역시 중 유일하게 인구가 늘어난 곳이기도 하다.,,,HOLD,HOLD,보류,UNSAFE_EXPLICIT_MONTH
A00874_4,A00874,4,2025-03-09,이는 생산연령인구(15∼64세) 중 50세 이상 비중인 36.1% 대비 12.5%포인트 높은 수치다.,,,HOLD,HOLD,보류,UNSAFE_EXPLICIT_MONTH
A00922_33,A00922,33,2025-03-12,한국경제인협회가 매출액 500대 기업을 대상으로 실시한 ’2... 중소기업 고령화 심화...직원 중 절반은 50세 이상 지난 10년간 중소기업의 고령화가 꾸준히 심화돼 직원 중 50세 이상 고령자 비율이 절반가량을 차지한다는 조사 결과가 나왔다.,,,HOLD,HOLD,보류,UNSAFE_EXPLICIT_MONTH
A01124_8,A01124,8,2025-03-28,"◇‘서핑 성지’ 양양, 체류 인구가 등록 인구 28배 서핑과 해변 클럽 등을 즐기려는 청년들로 붐비는 양양군이 여름철 관광 특수를 누린 대표적 사례다.",,,HOLD,HOLD,보류,UNSAFE_EXPLICIT_MONTH
A01124_10,A01124,10,2025-03-28,그 결과 생활 인구는 80만명을 넘겼다.,,,HOLD,HOLD,보류,UNSAFE_EXPLICIT_MONTH
A01124_11,A01124,11,2025-03-28,인근 고성군도 해수욕장으로 피서객이 모여들며 체류 인구가 등록 인구의 24.6배에 달했다.,,,HOLD,HOLD,보류,UNSAFE_EXPLICIT_MONTH
A01124_19,A01124,19,2025-03-28,강원도(66.7%)뿐만 아니라 수도권 인구 감소 지역에서도 체류 인구의 소비 비율이 56.4%로 절반을 넘어섰다.,,,HOLD,HOLD,보류,UNSAFE_EXPLICIT_MONTH
A01124_25,A01124,25,2025-03-28,"반대로 체류 인구 가운데 대도시에 집을 두고 인구 감소 지역으로 통근·통학하는 이들의 비율은 강원도의 경우 7.4%에 불과했지만, 수도권은 36%나 됐다.",,,HOLD,HOLD,보류,UNSAFE_EXPLICIT_MONTH
A01124_26,A01124,26,2025-03-28,"차미숙 국토연구원 선임연구위원은 “생활 인구의 숫자 자체를 늘리는 것을 넘어서, 질적으로 지역별 생활 인구의 특성을 분석해야 한다”며 “우리 지역을 방문하는 사람이 60대 ‘4도3촌(4일은 도시에서 3일은 농촌에서 생활)’하는 주말 농부인지 20대의 장거리 통근 직장인인지 따져 보고, 그에 맞춘 지역 브랜드를 키워야 한다”고 했다.",,,HOLD,HOLD,보류,UNSAFE_EXPLICIT_MONTH
A01132_12,A01132,12,2025-03-29,"한편 29일 경찰 등에 따르면, 경북 지역 산불 관련 사망자는 26명으로 확인됐다.",,,HOLD,HOLD,보류,UNSAFE_EXPLICIT_MONTH
A01132_14,A01132,14,2025-03-29,지난 22일 경남 산청면에서 숨진 산불 진화대원 4명을 포함하면 이번 영남권 산불 전체 사망자는 30명으로 집계된다.,,,HOLD,HOLD,보류,UNSAFE_EXPLICIT_MONTH
A01167_3,A01167,3,2025-03-31,65세 이상이 인구의 20% 이상을 차지하는 ‘초고령 사회’에 진입한 한국에서 ‘골다공증 치료제’ 출시 경쟁이 본격화했다는 평가가 나온다.,,,HOLD,HOLD,보류,UNSAFE_EXPLICIT_MONTH
A01254_14,A01254,14,2025-04-07,"대전이 혼인율 1위 지역으로 올라선 이유로는 머크·SK온·LIG넥스원 등 대기업 유치로 20·30대 청년층 인구가 늘어난 점, 대전시의 최대 500만원 결혼 장려금 일시불 지원 등이 꼽힌다.",,,HOLD,HOLD,보류,UNSAFE_EXPLICIT_MONTH
A01254_40,A01254,40,2025-04-07,☞일반 혼인율 인구 1000명당 혼인 건수. 인구수가 다른 지역 간 혼인 추이 비교 등에 쓰인다.,,,HOLD,HOLD,보류,UNSAFE_EXPLICIT_MONTH
A01285_17,A01285,17,2025-04-09,특히 청년층 쉬었음 인구는 45만5000명으로 1년새 5만2000명 불었다.,,,HOLD,HOLD,보류,UNSAFE_EXPLICIT_MONTH
A01385_13,A01385,13,2025-04-17,전체어가 인구는 8만7000명에서 8만4000명으로 3.6% 감소했다.,,,HOLD,HOLD,보류,UNSAFE_EXPLICIT_MONTH
A01385_14,A01385,14,2025-04-17,다만 같은 기간고령 인구 비율은 48.0%에서 50.9%로 2.9%포인트 증가했다.,,,HOLD,HOLD,보류,UNSAFE_EXPLICIT_MONTH
A01385_16,A01385,16,2025-04-17,임가 인구는 20만4000명에서 20만명으로 2.2% 감소했다.,,,HOLD,HOLD,보류,UNSAFE_EXPLICIT_MONTH
A01478_16,A01478,16,2025-04-24,합계출산율은 여성 1명이 가임 기간(15~49세)에 낳을 것으로 기대되는 평균 출생아 수를 말한다.,,,HOLD,HOLD,보류,UNSAFE_EXPLICIT_MONTH
A01478_17,A01478,17,2025-04-24,통계청 관계자는 “코로나 이후 혼인 건수가 증가하면서 출생아 수 증가세도 이어지고 있다”며 “주된 출산 연령층에 해당하는 30대 초반 여성 인구가 증가한 부분과 출산에 대한 인식이 긍정적으로 변화하고 있는 부분도 영향을 미쳤다”고 했다.,,,HOLD,HOLD,보류,UNSAFE_EXPLICIT_MONTH
A01543_22,A01543,22,2025-04-29,젊은 유동 인구가 많은 상권인 서울 홍대입구 인근에는 무인점포 중 사진관 비율이 52%였다.,,,HOLD,HOLD,보류,UNSAFE_EXPLICIT_MONTH
A01641_12,A01641,12,2025-05-07,"둘을 합하면 2543만4000명으로, 전체 인구의 절반에 이른다.",,,HOLD,HOLD,보류,UNSAFE_EXPLICIT_MONTH
A01664_14,A01664,14,2025-05-08,"이 후보는 또 “일하는 ... 기본소득 또 꺼낸 李 ""농어촌에 月20만원씩"" 이재명 더불어민주당 대선 후보가 7일 전북·충남 유세에서 “재량 예산을 늘려서 지역 화폐를 대량 발행하고 농어촌 기본소득을 지급하면 농촌 인구가... 박순찬 기자 한국을 대표하는 삼성, SK, 현대차, LG 등 국내 주요 기업들을 담당합니다.",,,HUMAN_REVIEW,HUMAN_REVIEW,보류,UNSAFE_EXPLICIT_MONTH
A01866_9,A01866,9,2025-05-24,"중소기업 관련 단체들은 최근 ‘주 52시간제, 중대재해처벌법, 최저임금’ 등 이른바 3대 노동 문제 개선과 인구부(部) 신설을 통한 인력난 해소, 중소 제조업 경쟁력 강화 등의 정책을 차기 정부에 제안한 바 있다.",,,HOLD,HOLD,보류,UNSAFE_EXPLICIT_MONTH
A01933_9,A01933,9,2025-05-29,"하지만 주식 계좌 보유율은 인구 대비 10% 수준으로, 금융시장 확대 여지는 크다.",,,HOLD,HOLD,보류,UNSAFE_EXPLICIT_MONTH
A02142_1,A02142,1,2025-06-14,"맥킨지 ""민간 자본의 시니어주택 혁신 투자 방식"" 세계 고령화 가속…시니어주택 공급률 5%도 안돼 노후주택 리모델링부터 렌트·분양 병행 [땅집고] 고령화는 세계적 화두다.",,,HOLD,HOLD,보류,UNSAFE_EXPLICIT_MONTH
A02204_10,A02204,10,2025-06-19,"경북 봉화군, 인천 강화군 등 84개 인구감소지역의 경우 1인당 2만원이 추가 지원, 1인당 17~42만원의 소비쿠폰이 지급된다.",,,HOLD,HOLD,보류,UNSAFE_EXPLICIT_MONTH
A02206_12,A02206,12,2025-06-19,"경북 봉화군, 인천 강화군 등 84개 인구감소지역에서는 할인율이 10%에서 15%로 높아진다.",,,HOLD,HOLD,보류,UNSAFE_EXPLICIT_MONTH
A02206_13,A02206,13,2025-06-19,인구감소지역에서 1만원권 지역화폐를 8500원에 살 수 있게 된 것이다.,,,HOLD,HOLD,보류,UNSAFE_EXPLICIT_MONTH
A02213_7,A02213,7,2025-06-20,"경북 봉화, 인천 옹진 등 84개 농어촌 인구 소멸 지역 주민 411만명은 1인당 2만원을 더 받는다.",,,HOLD,HOLD,보류,UNSAFE_EXPLICIT_MONTH
A02222_5,A02222,5,2025-06-20,"또 경북 봉화, 인천 강화 등 84개 인구 소멸 지역 지역 화폐는 할인율이 10%에서 15%로 높아진다.",,,HOLD,HOLD,보류,UNSAFE_EXPLICIT_MONTH
A02222_6,A02222,6,2025-06-20,인구 감소 지역에서는 1만원권 지역 화폐를 8500원에 살 수 있게 된 것이다.,,,HOLD,HOLD,보류,UNSAFE_EXPLICIT_MONTH
A02223_7,A02223,7,2025-06-20,"경북 봉화, 인천 강화 등 전국 84개의 농어촌 인구 소멸 지역 주민 411만명은 1인당 2만원을 더 받는다.",,,HOLD,HOLD,보류,UNSAFE_EXPLICIT_MONTH
A02282_7,A02282,7,2025-06-25,"시도별 출생아 수를 보면, 제주를 제외한 전국 16개 시도에서 출생아 수가 늘었다.",,,HOLD,HOLD,보류,UNSAFE_EXPLICIT_MONTH
A02340_11,A02340,11,2025-06-29,"반려동물을 기르는 개인은 1546만명으로, 총인구의 29.9%에 이른다.",,,HOLD,HOLD,보류,UNSAFE_EXPLICIT_MONTH
A02345_1,A02345,1,2025-06-30,농림축산식품부가 1일부터 인구 소멸 지역으로 여행을 떠나는 관광객들의 대중교통비를 최대 50%까지 할인해주는 ‘농촌투어패스’ 사업을 진행한다고 30일 밝혔다.,,,HOLD,HOLD,보류,UNSAFE_EXPLICIT_MONTH
A02345_2,A02345,2,2025-06-30,"농식품부에 따르면, 이 패스를 구매한 관광객이 강원 삼척이나 충청 괴산 등 인구 소멸 지역으로 지정된 33개 기초자치단체를 갈 경우 버스비를 1만원 한도 내에서 최대 50%까지 할인해준다.",,,HOLD,HOLD,보류,UNSAFE_EXPLICIT_MONTH
A02395_6,A02395,6,2025-07-04,이는 당시 추계 인구(2150만2386명)의 0.8%였다.,,,HOLD,HOLD,보류,UNSAFE_EXPLICIT_MONTH
A02395_9,A02395,9,2025-07-04,1930년 당시 조선인 인구 2043만명 중 1588만8127명(77.8%)이 ‘가나와 국문을 둘 다 못 하는 자’로 집계됐다.,,,HOLD,HOLD,보류,UNSAFE_EXPLICIT_MONTH
A02395_10,A02395,10,2025-07-04,"1960년에는 13세 이상 인구 중 문맹자 수가 445만4004명으로 크게 줄었고, 1970년에는 학교에 입학하지 않은 6세 이상 인구(약 512만명) 중 글을 모른다고 응답한 인구가 229만9323명으로 나타났다.",,,HOLD,HOLD,보류,UNSAFE_EXPLICIT_MONTH
A02412_5,A02412,5,2025-07-05,"수도권(서울·경기·인천) 이외 지역 주민은 3만원을, 경북 봉화와 인천 강화 등 농·어촌 인구감소지역(84개 시·군) 주민은 5만원을 더 받는다.",,,HOLD,HOLD,보류,UNSAFE_EXPLICIT_MONTH
A02414_2,A02414,2,2025-07-05,"전 국민에게 15만~50만원을 지급하되, 비수도권과 농어촌 인구 감소 지역 주민에게는 각각 3만원, 5만원을 추가 지원하는 것으로 확정됐다.",,,HUMAN_REVIEW,HUMAN_REVIEW,보류,UNSAFE_EXPLICIT_MONTH
A02414_9,A02414,9,2025-07-05,당초 정부는 1차 지급 때 전국 84개의 농어촌 인구 소멸 지역 주민들에게 소득 수준과 무관하게 1인당 2만원을 더 주기로 했다.,,,HOLD,HOLD,보류,UNSAFE_EXPLICIT_MONTH
A02414_10,A02414,10,2025-07-05,"그러나 추경안 국회 심사 과정에서 민주당이 비수도권과 농어촌 인구 소멸 지역 거주자들에게 각각 3만원, 5만원의 소비 쿠폰을 추가 지급하자며 6000억원가량을 증액했고 이 안이 국회 본회의에서 통과됐다.",,,HUMAN_REVIEW,HUMAN_REVIEW,보류,UNSAFE_EXPLICIT_MONTH
A02414_11,A02414,11,2025-07-05,"최종적으로 비수도권 거주자는 최대 53만원, 인구 소멸 지역 거주자는 최대 55만원까지 소비 쿠폰을 받을 수 있게 된 것이다.",,,HOLD,HOLD,보류,UNSAFE_EXPLICIT_MONTH
A02438_2,A02438,2,2025-07-07,15만~45만원(차상위계층은 30만원·기초생활수급자는 40만원)의 전 국민 1차 지급분과 수도권 외 지역 주민 대상 추가 3만원(경북 봉화 등 농어촌 인구 감소 지역 83개 시군은 5만원)은 이달 21일~9월 12일 지급된다.,,,HOLD,HOLD,보류,UNSAFE_EXPLICIT_MONTH
A02452_24,A02452,24,2025-07-08,"실제 전북의 인구 감소 지역 10곳 중 정읍시를 제외한 9곳 모두 종이 지역 화폐를 발행하고 있고, 전남은 인구 감소 지역 16곳 모두 종이 지역 화폐를 발행하고 있다.",,,HOLD,HOLD,보류,UNSAFE_EXPLICIT_MONTH
A02617_4,A02617,4,2025-10-09,인구 감소 지역 89곳 중 전국 평균보다 자살률이 높은 곳은 67곳(75.3%)에 달했다.,,,HOLD,HOLD,보류,UNSAFE_EXPLICIT_MONTH
A02617_14,A02617,14,2025-10-09,특히 정신과 의사가 한 명도 없는 전국 28곳 중 24곳(86%)이 인구 감소 지역이었다.,,,HOLD,HOLD,보류,UNSAFE_EXPLICIT_MONTH
A02623_1,A02623,1,2025-10-12,저출산 고령화가 장기화하면서 20대 인구가 급격히 감소해 처음으로 70대 이상 노년층보다 적어진 것으로 나타났다.,,,HOLD,HOLD,보류,UNSAFE_EXPLICIT_MONTH
A02624_4,A02624,4,2025-10-12,70대 이상 인구(654만3000명)보다 24만1000명 적은 수치다.,,,HOLD,HOLD,보류,UNSAFE_EXPLICIT_MONTH
A02624_5,A02624,5,2025-10-12,20대 인구의 감소 폭은 전 연령대 중 가장 컸다.,,,HOLD,HOLD,보류,UNSAFE_EXPLICIT_MONTH
A02624_9,A02624,9,2025-10-12,이 탓에 관련 통계가 집계된 지 100년 만에 70대 이상 인구보다 적은 수치를 기록했다.,,,HOLD,HOLD,보류,UNSAFE_EXPLICIT_MONTH
A02624_12,A02624,12,2025-10-12,인구 자체가 줄면서 노동 시장에서의 20대 비중은 줄어들고 있다.,,,HOLD,HOLD,보류,UNSAFE_EXPLICIT_MONTH
A02641_6,A02641,6,2025-10-21,"조사 항목은 총 55개로 성명, 성별, 교육 정도, 직업, 결혼 계획 및 의향, 가족 돌봄 시간, 1인 가구 사유 등이다.",,,HOLD,HOLD,보류,UNSAFE_EXPLICIT_MONTH
A02665_9,A02665,9,2025-10-29,시도별로는 서울과 부산 등 12개 시도에선 출생아가 늘었고 대전과 세종 등 5개 시도에선 줄었다.,,,HOLD,HOLD,보류,UNSAFE_EXPLICIT_MONTH
A02665_13,A02665,13,2025-10-29,8월 사망자 수는 1년 전보다 3150명(9.8%) 감소한 2만8971명이다.,,,HOLD,HOLD,보류,UNSAFE_EXPLICIT_MONTH
A02665_15,A02665,15,2025-10-29,사망자 수가 출생아 수를 웃돌면서 8월 인구는 8105명 자연 감소했다.,,,HOLD,HOLD,보류,UNSAFE_EXPLICIT_MONTH
A02665_17,A02665,17,2025-10-29,"인구가 순이동된 도시는 인천(3422명), 충북(861명), 충남(823명) 등이고, 순유출된 도시는 서울(-3382명), 부산(-731명), 경북(-620명) 등이다.",,,HOLD,HOLD,보류,UNSAFE_EXPLICIT_MONTH
A02670_1,A02670,1,2025-10-30,우리나라에서 거주 중인 외국인 주민 수가 사상 최대 규모인 258만명을 기록했다.,,,HOLD,HOLD,보류,UNSAFE_EXPLICIT_MONTH
A02670_2,A02670,2,2025-10-30,전체 인구의 5%를 차지한다.,,,HOLD,HOLD,보류,UNSAFE_EXPLICIT_MONTH
A02670_5,A02670,5,2025-10-30,외국인 주민 수는 총 258만3626명으로 집계됐다.,,,HOLD,HOLD,보류,UNSAFE_EXPLICIT_MONTH
A02670_6,A02670,6,2025-10-30,인구주택총조사 기준 우리나라 총인구인 5180만5547명의 5%다.,,,HOLD,HOLD,보류,UNSAFE_EXPLICIT_MONTH
A02670_11,A02670,11,2025-10-30,"외국인주민이 가장 많이 거주하는 시·도는 경기(84만5074명), 서울(45만888명), 충남(16만9245명), 인천(16만9219명), 경남(16만2714명) 순이었다.",,,HOLD,HOLD,보류,UNSAFE_EXPLICIT_MONTH
A02670_12,A02670,12,2025-10-30,전체 외국인주민의 56.7%가 수도권에 거주하고 있었다.,,,HOLD,HOLD,보류,UNSAFE_EXPLICIT_MONTH
A02687_2,A02687,2,2025-11-05,▲10월 28일 자 A12면 “경부선보다 열차 수 적은 호남 KTX… 영호남 2.5배 인구 차이 감안한 운행” 기사에서 ‘통계청’을 ‘국가데이터처’로 바로잡습니다.,,,HOLD,HOLD,보류,UNSAFE_EXPLICIT_MONTH
A02690_2,A02690,2,2025-11-05,특히 30대에서 ‘쉬었음 인구’가 두드러지게 늘어나면서 원하는 일자리를 찾지 못해 구직을 단념한 인구가 확산하는 모양새다.,,,HOLD,HOLD,보류,UNSAFE_EXPLICIT_MONTH
A02696_27,A02696,27,2025-11-07,충북도 인구(159만명) 3명 중 1명꼴이다.,,,HOLD,HOLD,보류,UNSAFE_EXPLICIT_MONTH
A02700_36,A02700,36,2025-11-08,당시 남녀 17만5177명(인구의 0.8%)이 신체 불구자로 집계됐다.,,,HOLD,HOLD,보류,UNSAFE_EXPLICIT_MONTH
A02700_38,A02700,38,2025-11-08,1930년 인구의 77.8%가 문맹이었다.,,,HOLD,HOLD,보류,UNSAFE_EXPLICIT_MONTH
A02700_67,A02700,67,2025-11-08,인구주택총조사는 전 국민을 대상으로 하는 전수조사와 전국 가구의 20%를 뽑아 진행하는 표본조사로 나눠 진행된다.,,,HOLD,HOLD,보류,UNSAFE_EXPLICIT_MONTH
A00023_6,A00023,6,2025-01-02,이런 가운데 정부는 소비자 물가 상승률도 한국은행의 물가 안정 목표치(2%)보다 낮은 1.8%로 내다봤다.,,,HUMAN_REVIEW,HUMAN_REVIEW,보류,UNSAFE_EXPLICIT_MONTH
A00308_17,A00308,17,2025-01-24,그간 고물가와 고금리 부담으로 부진했던 소비가 하반기 들어 물가가 1%대로 내려오고 금리도 낮아지면서 경기 회복세가 빨라질 것으로 봤는데 빗나간 것이다.,,,HOLD,HOLD,보류,UNSAFE_EXPLICIT_MONTH
A00475_1,A00475,1,2025-02-06,1 고환율·고유가 여파로 소비자물가 상승률이 3개월 연속 상승세를 보이면서 5개월 만에 2%대에 올라섰다.,,,HUMAN_REVIEW,HOLD,보류,UNSAFE_EXPLICIT_MONTH
A00475_5,A00475,5,2025-02-06,한국은행의 물가 상승률 목표 2%를 넘어선 것이다.,,,HOLD,HOLD,보류,UNSAFE_EXPLICIT_MONTH
A00475_9,A00475,9,2025-02-06,한은은 이날 원화 환율 상승이 석유류 가격 등에 영향을 미치며 1월 소비자물가 상승률을 0.1%포인트가량 높였다고 분석했다.,,2025년 1월,HOLD,AUTO_OK,공식조회대상,EXPLICIT_PREVIOUS_MONTH_RECOVERED
A00485_5,A00485,5,2025-02-07,정부가 2개월 더 유류세를 낮추기로 한 이유는 최근 고(高)환율·고유가 여파로 석유류 가격이 오르면서 소비자 물가 상승 폭이 2%대로 커졌기 때문이다.,,,HOLD,HOLD,보류,UNSAFE_EXPLICIT_MONTH
A00485_7,A00485,7,2025-02-07,휘발유(9.2%)와 경유(5.7%) 등 석유류 가격이 7.3%나 뛰면서 물가 상승률을 끌어올렸다.,,,HOLD,HOLD,보류,UNSAFE_EXPLICIT_MONTH
A00655_9,A00655,9,2025-02-20,"구체적으로는 딸기(57.7%), 감귤(26.5%), 멸치(13.9%) 등이 크게 뛰었고, 휴양 콘도(18%) 등의 생산자 물가도 크게 올랐다.",,,HOLD,HOLD,보류,UNSAFE_EXPLICIT_MONTH
A00669_5,A00669,5,2025-02-21,"사진 생산자 물가 Video Player is loading. Current Time 0:02 / Duration 1:37 Loaded : 37.09% 0:02 Stream Type LIVE Remaining Time - 1:35 1x Chapters descriptions off , selected subtitles settings , opens subtitles settings dialog subtitles off , selected Ladin , selected This is a modal window. Beginning of dialog window. Escape will cancel and close the window. Text Color White Black Red Green Blue Yellow Magenta Cyan Transparency Opaque Semi-Transparent Background Color Black White Red Green Blue Yellow Magenta Cyan Transparency Opaque Semi-Transparent Transparent Window Color Black White Red Green Blue Yellow Magenta Cyan Transparency Transparent Semi-Transparent Opaque Font Size 50% 75% 100% 125% 150% 175% 200% 300% 400% Text Edge Style None Raised Depressed Uniform Dropshadow Font Family Proportional Sans-Serif Monospace Sans-Serif Proportional Serif Monospace Serif Casual Script Small Caps End of dialog window.",,,HOLD,HOLD,보류,UNSAFE_EXPLICIT_MONTH
A00707_13,A00707,13,2025-02-24,특히 변동성이 큰 식품과 에너지 비용을 제외한 핵심 소비자물가 지수는 5.5%나 올랐다.,,,HOLD,HOLD,보류,UNSAFE_EXPLICIT_MONTH
A00822_5,A00822,5,2025-03-05,"특히 30대 이하 가구에서 체감 물가가 1%포인트 오를 때, 자가 주택 소유 확률이 7.4%포인트쯤 올라 주택 수요가 더 커지는 것으로 나타났다.",,,HOLD,HOLD,보류,UNSAFE_EXPLICIT_MONTH
A00958_10,A00958,10,2025-03-15,"2월 확정치 64.7과 비교하면 6.8포인트(10.5%) 감소한 것이라, 앞으로 물가 상승으로 인한 소비 침체가 커질 수 있다는 뜻으로 해석됐다.",,2025년 2월,HOLD,HOLD,보류,TARGET_VALUE_NOT_IN_SOURCE_SENTENCE
A01023_13,A01023,13,2025-03-20,"실업률은 4.3%에서 4.4%로, 물가상승률은 2.5%에서 2.7%로 올렸다.",,,HUMAN_REVIEW,HUMAN_REVIEW,보류,UNSAFE_EXPLICIT_MONTH
A01190_14,A01190,14,2025-04-02,"다만 지출 비중이 높아 소비자들이 가격 변동을 민감하게 느끼는 144품목을 추려서 작성한 생활물가지수는 2.4% 상승하며, 5개월째 전체 물가 상승폭을 넘어섰다.",,,HUMAN_REVIEW,HUMAN_REVIEW,보류,UNSAFE_EXPLICIT_MONTH
A01315_34,A01315,34,2025-04-12,하지만 물가를 뜯어보면 휘발유 가격이 6.3% 내리는 등 경기 침체 우려가 고스란히 반영되어 있다.,,,HOLD,HOLD,보류,UNSAFE_EXPLICIT_MONTH
A01629_4,A01629,4,2025-05-06,"같은 달 전체 소비자 물가 상승률은 한국은행의 물가 안정 목표치(2%)를 조금 웃도는 2.1%에 그친 반면, 가공식품 물가 상승률은 거의 두 배 수준으로 치솟은 것이다.",,,HUMAN_REVIEW,HUMAN_REVIEW,보류,UNSAFE_EXPLICIT_MONTH
A01828_17,A01828,17,2025-05-21,최근 미 미시간대가 발표한 소비자 설문 조사에서 ‘1년 후 상품·서비스 물가가 얼마나 올라 있을 것 같은가’라는 질문에 7.3%라는 응답이 나왔다.,,,HOLD,HOLD,보류,UNSAFE_EXPLICIT_MONTH
A02010_7,A02010,7,2025-06-04,국제 유가 하락 영향으로 휘발유(-3.9%)·경유(-2.6%)·부탄가스(-0.5%)·등유(-3.8%) 등 석유류 물가가 2.3% 떨어진 결과다.,,,HOLD,HOLD,보류,UNSAFE_EXPLICIT_MONTH
A02010_11,A02010,11,2025-06-04,농·축·수산물 물가도 0.1% 오르는 데 그쳤다.,,,HOLD,HOLD,보류,UNSAFE_EXPLICIT_MONTH
A02010_13,A02010,13,2025-06-04,이두원 통계청 경제동향통계심의관은 “최근 기상호조로 채소류 산지 출하량이 증가했다”며 “유류세 인하율이 축소됐지만 국제 유가가 1년 전에 비해 24.2% 하락하면서 석유류 물가가 내렸다”고 했다.,,,HOLD,HOLD,보류,UNSAFE_EXPLICIT_MONTH
A02010_14,A02010,14,2025-06-04,"반면 돼지고기(8.4%)와 국산쇠고기(5.3%), 수입쇠고기(5.4%), 계란(3.8%) 등 축산물 가격은 6.2%나 뛰었다.",,,HOLD,HOLD,보류,UNSAFE_EXPLICIT_MONTH
A02010_19,A02010,19,2025-06-04,외식 물가도 전달에 이어 3.2% 올랐다.,,,HOLD,HOLD,보류,UNSAFE_EXPLICIT_MONTH
A02018_2,A02018,2,2025-06-05,다만 채소와 과일 값이 하락해 전체 소비자 물가 상승률은 5개월 만에 1%대로 내려앉았다.,,,HUMAN_REVIEW,HOLD,보류,UNSAFE_EXPLICIT_MONTH
A02018_5,A02018,5,2025-06-05,"연초 국제 유가가 하락했던 게 국내 휘발유 가격 등에도 영향을 끼치며 석유류 물가가 2.3% 하락했고, 참외(-27.3%), 파(-33.4%), 사과(-11.6%) 등 주요 채소·과일 가격도 떨어졌다.",,,HOLD,HOLD,보류,UNSAFE_EXPLICIT_MONTH
A02167_3,A02167,3,2025-06-16,"특히 김밥·햄버거 등 국내 외식 39품목 중 30종 가격은 지난 5년간 20% 넘게 올라, 외식 품목 대부분의 가격 상승률이 같은 기간 소비자물가 상승률(16.9%)을 앞질렀다.",,,HUMAN_REVIEW,HUMAN_REVIEW,보류,UNSAFE_EXPLICIT_MONTH
A02167_20,A02167,20,2025-06-16,◇5년 새 20% 이상 오른 외식 품목 30가지 음식료품 물가 중 외식 물가는 최근 특히 비상이다.,,,HOLD,HOLD,보류,UNSAFE_EXPLICIT_MONTH
A02167_23,A02167,23,2025-06-16,"외식 물가를 구성하는 39품목 중에서 김밥(38.3%), 햄버거(37%)가 가장 많이 올랐고, 떡볶이, 자장면 등도 30% 넘게 올랐다.",,,HOLD,HOLD,보류,UNSAFE_EXPLICIT_MONTH
A02375_1,A02375,1,2025-07-02,6월 소비자 물가가 2.2% 올라 5개월 만에 최고치를 기록했다.,,2025년 6월,HOLD,HOLD,보류,TARGET_VALUE_NOT_IN_SOURCE_SENTENCE
A02375_13,A02375,13,2025-07-02,"통계청이 물가를 집계하는 73개 품목 가운데 빵(6.4%)과 라면(6.9%), 생수(3.7%) 등 62개 품목의 가격이 올랐다.",,,HOLD,HOLD,보류,UNSAFE_EXPLICIT_MONTH
A02375_17,A02375,17,2025-07-02,농축수산물은 1.5% 오르는 데 그쳤지만 달걀과 닭고기가 5% 넘게 오르면서 축산물 물가 상승률은 4.3%에 달했다.,,,HOLD,HOLD,보류,UNSAFE_EXPLICIT_MONTH
A02375_27,A02375,27,2025-07-02,다만 변동폭이 큰 식료품과 에너지를 제외한 근원물가 지수는 2% 올랐다.,,,HOLD,HOLD,보류,UNSAFE_EXPLICIT_MONTH
A02385_31,A02385,31,2025-07-03,외식 물가도 3.1%나 뛰었다.,,,HOLD,HOLD,보류,UNSAFE_EXPLICIT_MONTH
A02407_15,A02407,15,2025-07-05,국민의힘이 불참한 채 열린 이날 국회 본회의에서 더불어민... 가공식품 물가 4.6%↑ 새 정부 출범에도 고공행진 6월 소비자 물가가 2.2% 올라 5개월 만에 최고치를 기록했다.,,2025년 6월,HOLD,AUTO_OK,공식조회대상,EXPLICIT_PREVIOUS_MONTH_RECOVERED
A02434_1,A02434,1,2025-07-07,정부와 식품·유통 업계가 먹거리 물가 부담을 낮추기 위해 라면·빵 등을 최대 50% 싸게 파는 대규모 할인 행사를 이달부터 진행하기로 했다.,,,HOLD,HOLD,보류,UNSAFE_EXPLICIT_MONTH
A02450_27,A02450,27,2025-07-08,"둘째, 국제 원자재 가격이 1.9% 오를 때 국내 물가는 0.12%포인트 상승했다.",,,HOLD,HOLD,보류,UNSAFE_EXPLICIT_MONTH
A02512_16,A02512,16,2025-07-13,"역대급 더위에 과일 수요... 허리 휘겠네… 가공식품 73 품목 중 62개가 올랐다 대표적인 ‘불황형 소비’ 품목인 계란, 닭고기, 라면 등의 물가가 고공 행진하면서 안 그래도 지갑이 얇아진 소비자들의 밥상 물가 부담이 커지고 ... 고기 대신 계란 프라이... 서글픈 에그플레이션 ‘에그플레이션(Eggflation·계란 값이 상승한다는 의미의 신조어)’이 이어지면서 장바구니 물가 부담이 커지고 있다.",,,HOLD,HOLD,보류,UNSAFE_EXPLICIT_MONTH
A02559_14,A02559,14,2025-07-16,"2일 금융감독원에 ... 30대 싱글맘 죽음으로 내몬 불법추심 대부업자 구속기소 유치원생 딸을 키우던 30대 싱글맘에게 고리로 돈을 빌려준 뒤 상환을 독촉하면서 지속적으로 협박해 결국 죽음으로 내몬 사채업자가 구속 상태로 재... ""대부 추심 연락 유예·제한 요청 가능"" 고물가, 경기 침체로 대부업을 이용하는 취약 계층이 늘어나면서 금융감독원이 소비자 유의 사항을 27일 안내했다.",,,HOLD,HOLD,보류,UNSAFE_EXPLICIT_MONTH
A02575_3,A02575,3,2025-07-18,"이번 캠페인은 음식·친절·물가 등 3개 분야를 중심으로 ▲음식점 3정 실천 운동(정겨운 미소, 정갈한 음식, 정직한 가격) ▲부당 요금·불친절 근절 캠페인 ▲지역 물가 안정 홍보 및 안내물 배부 등으로 진행됐다.",,,HOLD,HOLD,보류,UNSAFE_EXPLICIT_MONTH
A02603_11,A02603,11,2025-10-02,가공식품 물가는 4.2% 뛰며 전체 물가를 0.36%p 끌어올렸다.,,,HOLD,HOLD,보류,UNSAFE_EXPLICIT_MONTH
A02603_15,A02603,15,2025-10-02,공공서비스 물가 상승률은 전체 소비자물가 상승률 중 0.57%p를 끌어올렸다.,,,HOLD,HOLD,보류,UNSAFE_EXPLICIT_MONTH
A02605_15,A02605,15,2025-10-02,"다만 축산물과 수산물 물가는 각각 5.4%, 6.4% 상승했다.",,,HUMAN_REVIEW,HUMAN_REVIEW,보류,UNSAFE_EXPLICIT_MONTH
A02605_19,A02605,19,2025-10-02,"이 외에도 돼지고기(6.3%), 국산 쇠고기(4.8%), 고등어(10.7%) 물가도 상승했다.",,,HOLD,HOLD,보류,UNSAFE_EXPLICIT_MONTH
A02605_21,A02605,21,2025-10-02,다만 가공식품 물가는 4.2% 오른 것으로 집계됐다.,,,HOLD,HOLD,보류,UNSAFE_EXPLICIT_MONTH
A02605_30,A02605,30,2025-10-02,국가데이터처에 따르면 9월 물가 상승에는 개인서비스가 1.00%포인트 기여했다.,,2025년 9월,HOLD,HOLD,보류,TARGET_VALUE_NOT_IN_SOURCE_SENTENCE
A02614_3,A02614,3,2025-10-08,같은 기간 전체 소비자 물가지수 상승률(16.2%)보다 7%포인트 가까이 높은 수치다.,,,HOLD,HOLD,보류,UNSAFE_EXPLICIT_MONTH
A02614_18,A02614,18,2025-10-08,"다만 연료비, 차량 유지비, 대중교통 요금 등을 포함한 '교통' 물가는 15.9%로 평균을 하회했다.",,,HOLD,HOLD,보류,UNSAFE_EXPLICIT_MONTH
A02679_12,A02679,12,2025-11-04,"특히 축산물(5.4%), 수산물(6.4%), 가공식품(4.2%), 외식(3.4%) 등 먹거리 가격이 소비자물가보다 상승률이 더 높았다.",,,HOLD,HOLD,보류,UNSAFE_EXPLICIT_MONTH
A02681_4,A02681,4,2025-11-04,최근 소비자물가 상승률은 8월 SK텔레콤의 50% 요금 할인으로 1%대로 떨어졌다가 최근 두 달 연속 상승 폭을 확대하는 모습이다.,,,HUMAN_REVIEW,HOLD,보류,UNSAFE_EXPLICIT_MONTH
A02681_5,A02681,5,2025-11-04,이번 소비자물가 상승률은 서비스의 기여도(1.35%p)가 가장 컸다.,,,HOLD,HOLD,보류,UNSAFE_EXPLICIT_MONTH
A02681_11,A02681,11,2025-11-04,"소비자물가 상승률 중 농축수산물의 기여도는 0.25%p로 다른 항목에 비해 낮았으나, 개별 품목은 크게 올랐다.",,,HOLD,HOLD,보류,UNSAFE_EXPLICIT_MONTH
A02682_7,A02682,7,2025-11-04,"9월 가공식품 물가 상승률(4.2%)보다는 소폭 낮아지긴 했지만, 품목별로 빵(6.6%), 커피(14.7%) 등의 상승세는 여전했다.",,,HOLD,HOLD,보류,UNSAFE_EXPLICIT_MONTH
A02682_11,A02682,11,2025-11-04,"배추(-34.5%), 무(-40.5%) 등은 마이너스 물가 상승률을 보였지만, 쌀(21.3%), 사과(21.6%), 달걀(6.9%) 등은 여전히 전체 물가 상승률을 크게 웃돌았다.",,,HOLD,HOLD,보류,UNSAFE_EXPLICIT_MONTH
A02682_17,A02682,17,2025-11-04,"소비자물가 상승률은... 김장 물가 안정에 역대 최대 '500억' 투입...배추·무 40% 할인 본격적인 김장철을 앞두고 정부가 소비자 부담 완화를 위해 역대 최대 규모인 500억원을 투입해 김장 재료를 최대 40%까지 할인 지원에 나서기로... 다 비싸졌다… 월세 상승률 10년래 최고, 물가도 껑충 월세, 외식 물가 등이 크게 올라 생활비 부담이 커지는 것은 비정규직 근로자 등 서민의 생활고를 가중시키는 요인으로 꼽힌다.",,,HUMAN_REVIEW,HOLD,보류,UNSAFE_EXPLICIT_MONTH
A02688_2,A02688,2,2025-11-05,"한동안 한국은행의 물가 안정 목표치인 2% 안팎을 유지하던 물가 상승률은 쌀, 사과 등이 20% 넘게 뛰는 등 먹거리 물가가 고공 행진하면서 2%대 중반으로 올라섰다.",,,HOLD,HOLD,보류,UNSAFE_EXPLICIT_MONTH
A02689_15,A02689,15,2025-11-05,"물가는 오르는데 경기 부진으로 급여가 줄... 햇살론 못 갚는 영세자영업자 등 5만명, 1년 상환 유예 정부가 햇살론 등 정책대출을 갚지 못할 처지에 빠졌을 때 원리금 상환을 유예해 주던 대상자를 이달부터 늘리기로 했다.",,,HOLD,HOLD,보류,UNSAFE_EXPLICIT_MONTH
A00006_13,A00006,13,2025-01-01,"석유화학 수출은 480억 달러로, 하반기 유가 하락에 따른 수출단가 하락에도 불구하고 수출물량이 확대되면서 5% 증가했다.",,,HOLD,HOLD,보류,UNSAFE_EXPLICIT_MONTH
A00006_19,A00006,19,2025-01-01,12월 수출도 한국의 최대 수출 품목인 반도체가 31.5% 증가한 145억 달러를 기록하며 호실적을 이끌었다.,,2024년 12월,HOLD,HOLD,보류,MISSING_REQUIRED_SLOTS:condition
A00018_3,A00018,3,2025-01-02,주력 수출 품목인 반도체 수출액이 1419억달러로 역대 최대치를 고쳐 쓰면서 수출 증가세를 주도했다.,,,HOLD,HOLD,보류,UNSAFE_EXPLICIT_MONTH
A00029_16,A00029,16,2025-01-03,KG모빌리티도 같은 기간 18.2% 늘어난 6만 2378대를 수출했다.,,,HOLD,HOLD,보류,UNSAFE_EXPLICIT_MONTH
A00030_14,A00030,14,2025-01-03,이에 정부는 수출 기업에 역대 최대 규모인 360조원의 무역금융을 공급해 대응한다는 방침이다.,,,HOLD,HOLD,보류,UNSAFE_EXPLICIT_MONTH
A00070_6,A00070,6,2025-01-06,이에 따라 대중 수출액이 대미 수출액보다 52억3500만달러 더 많았다.,,,HOLD,HOLD,보류,UNSAFE_EXPLICIT_MONTH
A00070_19,A00070,19,2025-01-06,"1995년 세계무역기구(WTO) 출범... 반도체 수출, 中·홍콩 비율 9%p 이상 줄어 우리나라 수출의 20%가량을 맡고 있는 핵심 품목인 반도체의 ‘수출 지형도’가 눈에 띄게 변한 것으로 나타났다.",,,HOLD,HOLD,보류,UNSAFE_EXPLICIT_MONTH
A00076_1,A00076,1,2025-01-06,우리나라 수출의 20%가량을 맡고 있는 핵심 품목인 반도체의 ‘수출 지형도’가 눈에 띄게 변한 것으로 나타났다.,,,HOLD,HOLD,보류,UNSAFE_EXPLICIT_MONTH
A00098_9,A00098,9,2025-01-08,그간 트럼프는 모든 수입품에 10~20%의 ‘보편 관세’를 부과하겠다고 공약해 왔다.,,,HOLD,HOLD,보류,UNSAFE_EXPLICIT_MONTH
A00101_1,A00101,1,2025-01-08,"정부가 다음달 중에 관계부처 합동으로 비상수출대책을 수립하고, 중소·중견기업에 최대 100조원 규모의 무역보험을 공급하기로 했다.",,,HOLD,HOLD,보류,UNSAFE_EXPLICIT_MONTH
A00103_4,A00103,4,2025-01-08,"농식품 수출액이 99억8000만달러로 100억달러 달성을 눈앞에 뒀고, 스마트팜, 반려동물 식품 등 전후방 산업 수출액이 30억5000만달러였다.",,,HOLD,HOLD,보류,UNSAFE_EXPLICIT_MONTH
A00105_28,A00105,28,2025-01-09,"23일 한 외제차 직수입 업체는 네이버 블로그... 1억 넘는 테슬라 '사이버트럭' 단점은?… ""세차"" 10만 달러(약 1억3000만원)에 달하는 테슬라의 고가 전기차 ‘사이버트럭’ 소유자들이 가장 힘든 점은 무엇일까?",,,HOLD,HOLD,보류,UNSAFE_EXPLICIT_MONTH
A00139_4,A00139,4,2025-01-11,트럼프 당선인은 모든 수입품에 10% 내지 20%의 보편 관세를 부과하겠다는 공약을 내세우고 있다.,,,HOLD,HOLD,보류,UNSAFE_EXPLICIT_MONTH
A00163_4,A00163,4,2025-01-13,무역수지는 30억 달러 적자다.,,,HOLD,HOLD,보류,UNSAFE_EXPLICIT_MONTH
A00185_6,A00185,6,2025-01-15,"당시 수입차 판매량은 1996년 1만315대, 1997년 8136대, 1998년 2075대로 2년 연속 줄었다.",,,HUMAN_REVIEW,HUMAN_REVIEW,보류,UNSAFE_EXPLICIT_MONTH
A00186_4,A00186,4,2025-01-15,전체 수출량에서 친환경차가 차지하는 비율도 32.5%에 달했다.,,,HOLD,HOLD,보류,UNSAFE_EXPLICIT_MONTH
A00186_7,A00186,7,2025-01-15,현대차·기아의 친환경차 중 가장 많이 수출된 모델은 현대차 투싼 하이브리드(9만3547대)로 집계됐다.,,,HUMAN_REVIEW,HUMAN_REVIEW,보류,UNSAFE_EXPLICIT_MONTH
A00201_18,A00201,18,2025-01-16,"그나마 수출이 경기를 버텨줬는데, 이달 들어 1~10일 수입액이 수출액을 웃돌면서 무역수지가 29억7000만달러 적자를 기록했다.",,,HOLD,HOLD,보류,UNSAFE_EXPLICIT_MONTH
A00212_31,A00212,31,2025-01-17,"그나마 수출이 버텨줬는데, 이달 들어 1~10일 수입액이 수출액을 웃돌면서 무역수지가 29억7000만달러 적자를 기록했다.",,,HOLD,HOLD,보류,UNSAFE_EXPLICIT_MONTH
A00268_1,A00268,1,2025-01-21,석유제품·철강 업종 부진과 조업(操業) 일수 감소 등 여파로 새해 첫 20일간 수출액이 316억달러로 1년 전에 비해 5% 넘게 줄었다고 관세청이 밝혔다.,,,HOLD,HOLD,보류,UNSAFE_EXPLICIT_MONTH
A00268_3,A00268,3,2025-01-21,수입은 1년 전에 비해 1.7% 줄어든 354억원으로 집계돼 38억달러의 무역 적자를 기록했다.,,,HOLD,HOLD,보류,UNSAFE_EXPLICIT_MONTH
A00290_2,A00290,2,2025-01-23,이 9개 품목은 한국의 전체 수출액의 약 60%를 차지한다.,,,HOLD,HOLD,보류,UNSAFE_EXPLICIT_MONTH
A00290_4,A00290,4,2025-01-23,"트럼프 행정부의 높은 관세와 반도체 지원법(칩스법) 감축 등의 정책으로 인해 반도체, 자동차 등 한국의 9개 품목의 수출이 감소할 것이란 내용이다.",,,HOLD,HOLD,보류,UNSAFE_EXPLICIT_MONTH
A00298_19,A00298,19,2025-01-23,"이에 따라 성장기여도는 순수출(수출-수입)이 -0.8%포인트에서 0.1%포인트로 올라간 반면, 내수의 성장기여도는 0.8%포인트에서 0%포인트로 떨어졌다.",,,HOLD,HOLD,보류,UNSAFE_EXPLICIT_MONTH
A00298_28,A00298,28,2025-01-23,관세청에 따르면 이달 1∼20일 수출액은 316억 달러로 1년 전 같은 기간보다 5.1%(17억 1000만 달러) 감소했다.,,,HOLD,HOLD,보류,UNSAFE_EXPLICIT_MONTH
A00330_14,A00330,14,2025-01-26,"주요 성분을 비교하면 빽햄은 한돈 85%, 스팸은 수입산 돼지고기 92%대다.",,,HOLD,HOLD,보류,UNSAFE_EXPLICIT_MONTH
A00353_17,A00353,17,2025-01-28,대신 개인 소유 수입차 등록 비율이 64.7%(17만305건)로 늘어났다.,,,HOLD,HOLD,보류,UNSAFE_EXPLICIT_MONTH
A00394_3,A00394,3,2025-01-31,EX30은 4000만원대에 출시되는 수입 프리미엄 전기차라는 점이 강점으로 꼽힌다.,,,HOLD,HOLD,보류,UNSAFE_EXPLICIT_MONTH
A00406_7,A00406,7,2025-02-01,컴퓨터SSD 수출도 두 자릿수(+14.8%) 증가한 8억 달러로 13개월 연속 증가했다.,,,HOLD,HOLD,보류,UNSAFE_EXPLICIT_MONTH
A00406_10,A00406,10,2025-02-01,다만 자동차 수출은 1월 중 역대 2위 실적을 기록했다고 산업부는 밝혔다.,,2025년 1월,HOLD,HOLD,보류,TARGET_VALUE_NOT_IN_SOURCE_SENTENCE
A00406_13,A00406,13,2025-02-01,다만 주요 시장으로의 일평균 수출은 중동을 제외한 8개 지역에서 플러스를 기록했다.,,,HOLD,HOLD,보류,UNSAFE_EXPLICIT_MONTH
A00407_8,A00407,8,2025-02-01,수입 원유 가격 기준인 두바이유는 직전 주보다 1.1달러 내린 81.4달러를 기록했다.,,,HOLD,HOLD,보류,UNSAFE_EXPLICIT_MONTH
A00433_14,A00433,14,2025-02-03,"자동차 시장조사 업체 카이즈유데이터센터에 따르면, 테슬라의 중형 SUV 모델Y는 판매량이 1년 사이 34.8% 증가하며 수입차 3위를 차지했다.",,,HUMAN_REVIEW,HUMAN_REVIEW,보류,UNSAFE_EXPLICIT_MONTH
A00489_18,A00489,18,2025-02-07,이미 1월 무역수지는 18억9000만달러의 적자로 돌아섰다.,,2025년 1월,HOLD,AUTO_OK,공식조회대상,EXPLICIT_PREVIOUS_MONTH_RECOVERED
A00527_8,A00527,8,2025-02-10,또 부동산 거래 부진으로 양도소득세 수입 역시 9000억원 감소했다.,,,HOLD,HOLD,보류,UNSAFE_EXPLICIT_MONTH
A00538_11,A00538,11,2025-02-11,무역수지는 22조2900만달러 적자를 기록했다.,,,HOLD,HOLD,보류,UNSAFE_EXPLICIT_MONTH
A00540_12,A00540,12,2025-02-11,"수입 감소로 수입품에 붙는 부가가치세가 재추계치 대비 1조5000억원 줄었고, 9월 말 결산 법인의 세수 실적 부진 등 여파로 법인세 세수도 7000억원 감소했다.",,,HOLD,HOLD,보류,UNSAFE_EXPLICIT_MONTH
A00588_2,A00588,2,2025-02-15,반도체는 우리나라 전체 수출의 약 20%를 차지하는 핵심 주력 산업이다.,,,HOLD,HOLD,보류,UNSAFE_EXPLICIT_MONTH
A00589_10,A00589,10,2025-02-15,"수입 원유 가격인 두바이유는 직전 주 대비 1L당 0.3원 오른 78.3원이었고, 국제 휘발유 가격은 1.3원 오른 85.5원이었다.",,,HOLD,HOLD,보류,UNSAFE_EXPLICIT_MONTH
A00628_2,A00628,2,2025-02-18,전체 국세 수입 중 근로소득세 비율도 18%를 넘어 역대 최고를 기록했다.,,,HOLD,HOLD,보류,UNSAFE_EXPLICIT_MONTH
A00630_3,A00630,3,2025-02-18,◇상반기 중소·중견기업 보증·보험료 50% 일괄 할인 18일 최 대행은 정부서울청사에서 수출전략회의를 열었다.,,,HOLD,HOLD,보류,UNSAFE_EXPLICIT_MONTH
A00630_11,A00630,11,2025-02-18,특히 수출 100만달러 이하 중소기업 3만5000개 대상으로는 보험료를 90%까지 특별 할인해준다.,,,HOLD,HOLD,보류,UNSAFE_EXPLICIT_MONTH
A00636_3,A00636,3,2025-02-18,이에 하이브리드차 수출액은 41.9% 증가한 9.3억 달러로 나타났다.,,,HOLD,HOLD,보류,UNSAFE_EXPLICIT_MONTH
A00646_11,A00646,11,2025-02-19,수출 100만달러 이하 중소기업 3만5000개에는 보험료를 90%까지 특별 할인해준다.,,,HOLD,HOLD,보류,UNSAFE_EXPLICIT_MONTH
A00654_31,A00654,31,2025-02-20,한국은 자동차와 차 부품이 전체 대미 수출의 30%에 달한다.,,,HOLD,HOLD,보류,UNSAFE_EXPLICIT_MONTH
A00673_3,A00673,3,2025-02-21,수입은 1년새 7.7% 늘어난 345억1200만달러로 집계돼 8억400만달러의 무역수지 흑자가 발생했다.,,,HOLD,HOLD,보류,UNSAFE_EXPLICIT_MONTH
A00673_5,A00673,5,2025-02-21,지난 1~20일 휴일을 제외한 조업(操業) 일수 하루 평균 수출액은 22억8000만달러로 1년 전 대비 2.7% 감소했다.,,,HOLD,HOLD,보류,UNSAFE_EXPLICIT_MONTH
A00728_17,A00728,17,2025-02-25,"실제로 중소기업중앙회가 지난 10~21일 수출 중소기업 500사를 대상으로 조사해서 발표한 결과, 국내 중소 제조기업 운영자들의 89.8%는 트럼프 2기 행정부의 관세 정책에 대한 마땅한 대응 전략이 없다고 답했다.",,,HOLD,HOLD,보류,UNSAFE_EXPLICIT_MONTH
A00751_9,A00751,9,2025-02-27,특히 상위 10개 수출 품목 가운데 반도체·자동차·철강 등 한국의 주력 업종은 향후 4년간 수출이 둔화할 가능성이 있다.,,,HOLD,HOLD,보류,UNSAFE_EXPLICIT_MONTH
A00753_5,A00753,5,2025-02-27,반도체는 한국 전체 수출의 16% 정도를 차지하는 수출 1위 품목이다.,,,HOLD,HOLD,보류,UNSAFE_EXPLICIT_MONTH
A00767_34,A00767,34,2025-02-28,"수출로 벌어들인 상품수지 흑자(1000억달러)만큼의 효자는 아직 아니지만, 고질적인 서비스수지 적자(237억달러)를 충분히 메울 정도는 됐다.",,,HOLD,HOLD,보류,UNSAFE_EXPLICIT_MONTH
A00774_9,A00774,9,2025-03-01,"최대 수출 품목인 반도체는 범용 메모리 고정 가격이 급락하면서 감소했지만, 자동차는 17.8% 증가하며 4개월 만에 플러스 성장을 나타냈다.",,,HOLD,HOLD,보류,UNSAFE_EXPLICIT_MONTH
A00774_14,A00774,14,2025-03-01,지역별로는 대미(對美) 수출이 1% 증가한 99억달러로 1월에 이어 대중 수출을 웃돌았다.,,,HOLD,HOLD,보류,UNSAFE_EXPLICIT_MONTH
A00774_15,A00774,15,2025-03-01,대중 수출은 1.4% 감소한 95억달러를 나타냈다.,,,HOLD,HOLD,보류,UNSAFE_EXPLICIT_MONTH
A00843_11,A00843,11,2025-03-06,실제 한국 10대 수출 품목 중 8개가 20년째 그대로다.,,,HOLD,HOLD,보류,UNSAFE_EXPLICIT_MONTH
A00849_10,A00849,10,2025-03-07,고가 수입차 시장이 최근 가족 단위 이용에 적합한 ‘패밀리카’ 위주로 변하고 있단 점도 상대적으로 50대 구매가 늘어나는 원인으로 꼽힌다.,,,HOLD,HOLD,보류,UNSAFE_EXPLICIT_MONTH
A00849_14,A00849,14,2025-03-07,"불과 5년 전만 해도 1억 이상 수입차 ‘톱5′ 중 3개가 세단이었는데, 고가 수입차도 갈수록 여행처럼 가족 단위 활동에 적합한 차종으로 변해가고 있는 것이다.",,,HOLD,HOLD,보류,UNSAFE_EXPLICIT_MONTH
A00852_1,A00852,1,2025-03-07,관세청 서울본부세관이 수입 파크골프채에 대한 원산지 표시 위반 행위를 집중 단속해 90억원 상당의 물품을 적발했다고 7일 밝혔다.,,,HOLD,HOLD,보류,UNSAFE_EXPLICIT_MONTH
A00852_2,A00852,2,2025-03-07,관세청은 최근 고령층을 중심으로 파크골프 인구가 100만명을 넘어서는 등 관련 용품에 대한 수요가 급증하면서 집중 단속을 실시했다고 밝혔다.,,,HOLD,HOLD,보류,UNSAFE_EXPLICIT_MONTH
A00852_5,A00852,5,2025-03-07,"대외무역관리규정 제86조에 따르면, 수입 원료를 사용한 국내 생산 물품의 경우, 국내 제조 원가 비율이 일정 비율(51%) 이상을 충족한 경우에만 원산지를 국산으로 표시할 수 있지만, 일부 업체는 기준을 미충족했지만 원산지를 국산으로 거짓 표시한 것이다.",,,HOLD,HOLD,보류,UNSAFE_EXPLICIT_MONTH
A00856_13,A00856,13,2025-03-07,"에너지 가격 하락으로 석탄·가스·원유 등 원자재 수입이 9.8% 줄었고, 곡물(-22.7%), 승용차(-8.2%) 등 소비재 수입도 감소했다.",,,HOLD,HOLD,보류,UNSAFE_EXPLICIT_MONTH
A00889_12,A00889,12,2025-03-10,"국내 판매량을 뜻하는 내수 출하는 11.8% 줄었으며, 외국에 판매하는 수출 출하는 1.2% 감소했다.",,,HUMAN_REVIEW,HUMAN_REVIEW,보류,UNSAFE_EXPLICIT_MONTH
A00899_27,A00899,27,2025-03-11,생산량의 95%를 수출하는 한국GM의 존립도 위태롭다.,,,HOLD,HOLD,보류,UNSAFE_EXPLICIT_MONTH
A00904_2,A00904,2,2025-03-11,"조업일수를 고려한 일평균 수출액도 12.3% 늘었지만, 수입이 더 큰 폭으로 늘어나며 무역수지 적자는 7억달러가량 확대된 것으로 파악됐다.",,,HUMAN_REVIEW,HUMAN_REVIEW,보류,UNSAFE_EXPLICIT_MONTH
A00904_7,A00904,7,2025-03-11,"선박(55.2%)과 승용차(6.2%), 무선통신기기(16.5%) 등 수출이 늘었지만, 자동차부품(-7.6%)과 철강(-7.8%) 등 수출은 감소세를 보였다.",,,HOLD,HOLD,보류,UNSAFE_EXPLICIT_MONTH
A00904_13,A00904,13,2025-03-11,"수입 증가폭이 수출 증가폭을 상회하면서, 무역수지는 20조4600만달러 적자를 기록했다.",,,HOLD,HOLD,보류,UNSAFE_EXPLICIT_MONTH
A00914_14,A00914,14,2025-03-12,"GM이 7000만원이 넘는 쉐보레 콜로라도와 1억원 안팎인 GMC 시에라를 수입했지만, 고가 모델 위주로만 일부 수입되는 데 그쳐 대안이 되긴 어려웠다.",,,HOLD,HOLD,보류,UNSAFE_EXPLICIT_MONTH
A00914_16,A00914,16,2025-03-12,한 자동차 업계 관계자는 “3000만원대 후반부터 시작하는 타스만은 최고급 모델에 옵션까지 더하면 6000만원 안팎 수준”이라며 “쉐보레 콜로라도 등 수입 픽업트럭에 관심을 갖던 소비자들까지 타스만이 흡수하는 현상이 감지된다”고 말했다.,,,HOLD,HOLD,보류,UNSAFE_EXPLICIT_MONTH
A00953_25,A00953,25,2025-03-15,또 커피와 코코아를 수입할 때는 부가세 10%도 면세해준다.,,,HOLD,HOLD,보류,UNSAFE_EXPLICIT_MONTH
A00959_7,A00959,7,2025-03-15,"통상 국제 유가 변동은 2~3주 뒤 국내에 반영되는데, 지난주 수입 원유 가격 기준인 두바이유는 직전 주보다 0.1달러 내린 1배럴당 71.2달러였다.",,,HOLD,HOLD,보류,UNSAFE_EXPLICIT_MONTH
A00970_2,A00970,2,2025-03-16,그러나 우리나라 최대 수출품인 반도체 수출액은 1년 전보다 3% 감소한 것으로 나타났다.,,,HOLD,HOLD,보류,UNSAFE_EXPLICIT_MONTH
A00970_5,A00970,5,2025-03-16,"반도체(-3%)와 디스플레이(-5.1%) 수출은 감소했지만, 휴대폰(33.3%), 컴퓨터·주변기기(26.9%), 통신장비(74.1%) 수출은 늘었다.",,,HOLD,HOLD,보류,UNSAFE_EXPLICIT_MONTH
A00970_19,A00970,19,2025-03-16,"반도체(5.2%), 컴퓨터·주변기기(3.5%), 휴대폰(8.6%) 수입이 늘었고, 최근 국내 기업들의 AI 서버 및 GPU 투자 확대로 중대형 컴퓨터(3.3%)와 멀티미디어카드(41.6%) 수입도 증가했다.",,,HOLD,HOLD,보류,UNSAFE_EXPLICIT_MONTH
A00977_10,A00977,10,2025-03-17,25% 관세 부과가 현실화되면 수출 가격 경쟁력이 급격히 훼손되며 이제 막 자리를 잡는 제네시스의 판매가 타격을 입게 된다는 것이다.,,,HUMAN_REVIEW,HOLD,보류,UNSAFE_EXPLICIT_MONTH
A01010_12,A01010,12,2025-03-19,"관세청에 따르면 보세 공장 156개, 종합 보세 구역 73개, 자유무역지역제도(FTZ, 485개) 등으로 나뉜다.",,,HOLD,HOLD,보류,UNSAFE_EXPLICIT_MONTH
A01010_21,A01010,21,2025-03-19,"관세청은 이 같은 규제 개혁을 추진하게 된 배경에 대해 “반도체, 조선, 디스플레이 등 첨단, 핵심 산업의 보세 가공 제도 활용 수출 비율이 90% 수준으로 매우 높다”며 “수출 환경 변화와 국가 간 주도권 경쟁 심화 등으로 과감한 규제 혁신 요구가 있어 왔다”고 했다.",,,HOLD,HOLD,보류,UNSAFE_EXPLICIT_MONTH
A01010_22,A01010,22,2025-03-19,"관세청에 따르면 반도체와 조선, 바이오가 보세 가공을 활용해 수출하는 비율은 각각 93%, 92%, 96%로 매우 높은 것으로 조사됐다.",,,HUMAN_REVIEW,HUMAN_REVIEW,보류,UNSAFE_EXPLICIT_MONTH
A01037_3,A01037,3,2025-03-21,"관세청이 21일 발표한 ‘3월 1~20일 수출입 현황’에 따르면, 3월 1~20일 수출액은 355억달러로 1년 전 대비 4.5% 증가했다.",,,HOLD,HOLD,보류,UNSAFE_EXPLICIT_MONTH
A01037_4,A01037,4,2025-03-21,"이 같은 수출액 증가는 반도체(11.6%)와 승용차(3.7%), 선박(80.3%) 등 국내 주력 수출 품목이 호조세를 보인 데 따른 것이었다.",,,HOLD,HOLD,보류,UNSAFE_EXPLICIT_MONTH
A01037_7,A01037,7,2025-03-21,수출액이 수입액을 웃돌면서 이 기간 무역수지는 11억 달러 흑자를 기록했다.,,,HOLD,HOLD,보류,UNSAFE_EXPLICIT_MONTH
A01076_9,A01076,9,2025-03-24,"또 민생경제점검회의를 열고 4조8000억원 규모 서민정책금융 지원방안과 철도 지하화 사업 추진 등을 발표했고, 수출전략회의를 거쳐 366조원 규모 무역금융 투입 방안도 내놨다.",,,HOLD,HOLD,보류,UNSAFE_EXPLICIT_MONTH
A01097_5,A01097,5,2025-03-26,"메르세데스-벤츠 EQA, BMW iX1 등 다른 수입차 브랜드에서 선보인 전기 SUV와 비교하면 최대 1500만원 이상 저렴한 수준이다.",,,HUMAN_REVIEW,HUMAN_REVIEW,보류,UNSAFE_EXPLICIT_MONTH
A01103_5,A01103,5,2025-03-26,"여성 비율도 31.9%(772명)로, 수입 전기차 평균(23.1%)보다 크게 높았다.",,,HOLD,HOLD,보류,UNSAFE_EXPLICIT_MONTH
A01103_20,A01103,20,2025-03-26,여러 수입 경쟁 모델들의 국고 보조금 총액이 100만~300만원대에 그친 것과 대조적이다.,,,HOLD,HOLD,보류,UNSAFE_EXPLICIT_MONTH
A01120_5,A01120,5,2025-03-28,◇대미 수출에 직격탄 자동차는 우리나라 대미(對美) 수출 1위 품목이다.,,,HOLD,HOLD,보류,UNSAFE_EXPLICIT_MONTH
A01120_15,A01120,15,2025-03-28,한 업계 관계자는 “이들 소형 SUV의 마진율은 한 자릿수”라며 “25% 관세가 붙으면 수출 길이 막힐 수밖에 없고 경영 전략을 다 새로 짜야 할 것”이라고 했다.,,,HOLD,HOLD,보류,UNSAFE_EXPLICIT_MONTH
A01180_18,A01180,18,2025-04-01,이미 25% 관세가 시행 중인 철강 업계는 상호 관세 부과로 관세가 40~50%에 이르면 수출이 어려워질 것이라는 분위기다.,,,HOLD,HOLD,보류,UNSAFE_EXPLICIT_MONTH
A01185_19,A01185,19,2025-04-02,"10개 경기 지표에는 소매판매액지수, 수출·수입액, 설비투자지수 등이 포함된다.",,,HOLD,HOLD,보류,UNSAFE_EXPLICIT_MONTH
A01188_3,A01188,3,2025-04-02,"관세청과 해경청은 정보 입수 직후 해당 선박에 대한 합동 검색 작전을 수립해, 서울세관 및 동해해경청 마약 수사 요원 90명, 세관 마약 탐지견 2팀 등 대규모 합동 검색팀을 구성했다.",,,HOLD,HOLD,보류,UNSAFE_EXPLICIT_MONTH
A01188_7,A01188,7,2025-04-02,"관세청 관계자는 “가액은 5000억원, 200만명이 동시 투약이 가능할 정도로 많은 규모”라고 했다.",,,HOLD,HOLD,보류,UNSAFE_EXPLICIT_MONTH
A01194_6,A01194,6,2025-04-02,"정부는 현재 네 품목에 대해 할당관세(관세율 0%)를 적용하고 있고, 배추와 무는 직접 수입도 하고 있다.",,,HOLD,HOLD,보류,UNSAFE_EXPLICIT_MONTH
A01201_10,A01201,10,2025-04-03,관세청 관계자는 “적발 가액만 5000억원이고 200만명이 동시에 투약이 가능할 정도로 많은 규모”라고 말했다.,,,HOLD,HOLD,보류,UNSAFE_EXPLICIT_MONTH
A01269_21,A01269,21,2025-04-08,"◇수출로 먹고살던 아시아, 관세 전쟁에 피 흘렸다 이날 국내 유가증권 시장에서 외국인은 2조915억원을 순매도했다.",,,HOLD,HOLD,보류,UNSAFE_EXPLICIT_MONTH
A01277_12,A01277,12,2025-04-09,권성동 국민의힘 원내대표는 “기존 10조원 규모의 추경 계획을 재검토해서 수출 기업에 대한 지원을 대폭 확대하고 경기 침체에 선제적으로 대응할 내수 진작 예산을 과감히 늘리기를 바란다”며 “국민 안전을 위한 예산도 (추경안에) 반드시 포함해야 한다”고 했다.,,,HOLD,HOLD,보류,UNSAFE_EXPLICIT_MONTH
A01284_7,A01284,7,2025-04-09,자동차 부품 수출액도 82억달러에 달한다.,,,HOLD,HOLD,보류,UNSAFE_EXPLICIT_MONTH
A01284_21,A01284,21,2025-04-09,"수출 시장 확대를 위해 관세 대응 수출 바우처도 2400억원에서 1000억원 확대 편성하고, 무역보험 한도도 최대 2배 확대하기로 했다.",,,HOLD,HOLD,보류,UNSAFE_EXPLICIT_MONTH
A01284_22,A01284,22,2025-04-09,무역보험 가입 시 단기 수출 보험료는 60% 할인 적용한다.,,,HOLD,HOLD,보류,UNSAFE_EXPLICIT_MONTH
A01303_8,A01303,8,2025-04-11,"주요 품목별로는 반도체(32%)와 승용차(11.9%) 등 핵심 수출 품목의 수출 실적이 크게 늘었고, 자동차 부품 수출(10.5%)도 증가했다.",,,HOLD,HOLD,보류,UNSAFE_EXPLICIT_MONTH
A01319_15,A01319,15,2025-04-12,"패키지에는 2조원 규모의 긴급 정책금융 추가 공급, 관세 피해 기업에 대한 조세 부담 완화, 전기차 보조금의 확대 및 기간 연장, 수출 기업 지원 확대 및 투자 환경 개선 등이 포함됐다.",,,HOLD,HOLD,보류,UNSAFE_EXPLICIT_MONTH
A01330_2,A01330,2,2025-04-13,트럼프 정부가 수입 철강 제품에 대해 25% 관세를 매기는 것과 관련한 조치 중 하나인 것이란 해석이 나온다.,,,HOLD,HOLD,보류,UNSAFE_EXPLICIT_MONTH
A01374_7,A01374,7,2025-04-16,"통상·AI 지원책과 관련해 최 부총리는 “(추경 재원을 활용해) 정책 자금 25조원을 신규로 공급하고, 수출 바우처 지원 기업도 2배 이상 늘리겠다”며 “AI·반도체 등 첨단 산업 관련 인프라·금융 연구·개발(R&D) 등에도 2조원 이상 재정 지원을 확대하겠다”고 했다.",,,HOLD,HOLD,보류,UNSAFE_EXPLICIT_MONTH
A01399_9,A01399,9,2025-04-18,"수출입은행과 산업은행, 중소벤처기업진흥공단 등을 통해 수출기업 대상 저리 대출 프로그램을 15조원 추가 공급하고, 관세 피해 보증·보험도 10조2000억원 늘리겠다는 것이다.",,,HOLD,HOLD,보류,UNSAFE_EXPLICIT_MONTH
A01399_11,A01399,11,2025-04-18,"수출 기업들이 마케팅이나 컨설팅, 운송 등에 쓸 수 있는 수출바우처도 지원 대상을 3290개사에서 8058개사로 늘리고 관세대응바우처를 신설하기로 했다.",,,HOLD,HOLD,보류,UNSAFE_EXPLICIT_MONTH
A01409_11,A01409,11,2025-04-19,수입 원유가격 기준인 두바이유는 배럴당 66.9달러로 직전 주보다 2.5 상승했다.,,,HOLD,HOLD,보류,UNSAFE_EXPLICIT_MONTH
A01410_5,A01410,5,2025-04-19,"주력 상품인 자동차 수출이 11.2% 감소했고, 기타기계류(-50.9%), 건설기계(-29.4%), 철강판(-26.5%) 등 품목의 수출도 줄었다.",,,HOLD,HOLD,보류,UNSAFE_EXPLICIT_MONTH
A01426_13,A01426,13,2025-04-20,수입 보험료는 13조185억원으로 1.9% 감소했다.,,,HOLD,HOLD,보류,UNSAFE_EXPLICIT_MONTH
A01435_7,A01435,7,2025-04-21,수출액이 수입액을 밑돌면서 이 기간 무역 수지는 1억 달러 적자를 기록했다.,,,HOLD,HOLD,보류,UNSAFE_EXPLICIT_MONTH
A01435_14,A01435,14,2025-04-21,"특히 4월 1~10일까지는 대미 수출이 0.6% 감소에 불과했지만, 기간을 늘리자 14.3% 감소로 감소 폭이 급격히 늘었다.",,,HOLD,HOLD,보류,UNSAFE_EXPLICIT_MONTH
A01435_16,A01435,16,2025-04-21,"품목별 수입은 반도체장비(+9.8%), 정밀기기(+2.9%) 등에서 증가했고, 원유(-29.5%), 반도체(-2%) 등 수입은 감소했다.",,,HOLD,HOLD,보류,UNSAFE_EXPLICIT_MONTH
A01436_7,A01436,7,2025-04-21,"이 밖에 트렌비와 발란이 온라인 쇼핑몰에서 제조자, 제조국, 수입자 등 상품 판매 정보를 빠뜨린 것에 대해 공정위는 금지 명령과 과태료 100만원씩의 제재를 내렸다.",,,HOLD,HOLD,보류,UNSAFE_EXPLICIT_MONTH
A01455_1,A01455,1,2025-04-22,이달 1~20일 대미(對美) 수출이 14.3% 급감했다.,,,HOLD,HOLD,보류,UNSAFE_EXPLICIT_MONTH
A01492_5,A01492,5,2025-04-25,"“한국에서 수입하는 알루미늄, 철강, 자동차에 25% 세율의 품목별 관세가 붙었다.",,,HOLD,HOLD,보류,UNSAFE_EXPLICIT_MONTH
A01539_14,A01539,14,2025-04-29,1만달러를 돌파한 1994년엔 저금리·저유가·저달러 3저(低) 호황이 뒷받침된 수출 입국 정신과 1988년 서울올림픽의 성공적인 개최를 바탕으로 한 자신감이 자리 잡고 있었다.,,,HOLD,HOLD,보류,UNSAFE_EXPLICIT_MONTH
A01555_9,A01555,9,2025-04-30,하지만 수출은 소폭(1.8%) 늘어난 데 반해 수입액이 41.3%나 급증하면서 GPD를 끌어내리는 데 가장 큰 요인이 됐다.,,,HOLD,HOLD,보류,UNSAFE_EXPLICIT_MONTH
A01641_4,A01641,4,2025-05-07,국회예산정책처(예정처)는 기본 공제를 200만원으로 늘릴 경우 소득세 세수(세금 수입)가 내년부터 5년간 26조4657억원 감소할 것으로 추산했다.,,,HOLD,HOLD,보류,UNSAFE_EXPLICIT_MONTH
A01641_10,A01641,10,2025-05-07,"예정처는 개정안을 시행하면 직장인들이 내는 근로소득세 수입은 5년간 평균 3조1060억원씩 줄어들고, 자영업자나 투잡·스리잡 근로자가 내는 종합소득세 수입은 2조1871억원씩 줄어들 것으로 추산했다.",,,HOLD,HOLD,보류,UNSAFE_EXPLICIT_MONTH
A01679_7,A01679,7,2025-05-10,반도체 수출이 1개월 만에 반등하고 컴퓨터 수출도 늘면서 수출(593억1000만달러)은 1년 전보다 2.2% 증가했다.,,,HOLD,HOLD,보류,UNSAFE_EXPLICIT_MONTH
A01679_8,A01679,8,2025-05-10,수입(508억2000만달러)은 2.3% 증가했다.,,,HOLD,HOLD,보류,UNSAFE_EXPLICIT_MONTH
A01679_9,A01679,9,2025-05-10,"에너지 가격 하락으로 석탄(-34.6%), 석유제품(-15.1%) 등 원자재 수입은 줄었지만, 반도체 제조 장비(85.1%) 등 자본재 수입이 증가했다.",,,HOLD,HOLD,보류,UNSAFE_EXPLICIT_MONTH
A01679_11,A01679,11,2025-05-10,앞서 산업통상자원부는 경상수지를 좌우하는 무역수지 흑자가 4월에 48억8000만달러로 3월(49억8000만달러)보다 소폭 줄었다고 밝힌 바 있다.,,,HOLD,HOLD,보류,UNSAFE_EXPLICIT_MONTH
A01708_4,A01708,4,2025-05-12,조업일수를 고려한 일평균 수출액은 25억7000만달러로 1.0% 감소했다.,,,HOLD,HOLD,보류,UNSAFE_EXPLICIT_MONTH
A01708_7,A01708,7,2025-05-12,"그러나 승용차는 23.2%, 석유 제품은 36.5%로 수출이 큰 폭으로 감소했고, 선박 역시 8.7% 감소했다.",,,HOLD,HOLD,보류,UNSAFE_EXPLICIT_MONTH
A01708_15,A01708,15,2025-05-12,수입액이 수출액을 웃돌면서 무역수지는 17억 달러 적자를 기록했다.,,,HOLD,HOLD,보류,UNSAFE_EXPLICIT_MONTH
A01710_8,A01710,8,2025-05-12,특히 4월 대미 수출은 관세 부과 대상 품목인 자동차와 철강을 중심으로 1년 새 6.7% 줄었고 일평균 수출은 10.6% 감소했다.,,2025년 4월,HOLD,HOLD,보류,MISSING_REQUIRED_SLOTS:comparison
A01719_1,A01719,1,2025-05-13,관세청은 12일 이달 들어 대미 수출이 30.4% 급감했다고 밝혔다.,,,HOLD,HOLD,보류,UNSAFE_EXPLICIT_MONTH
A01747_11,A01747,11,2025-05-15,KDI 관계자는 “(25%의) 상호 관세 유예가 종료되거나 주력 수출품인 전자 제품에 높은 품목별 관세가 부과될 경우 수출 부진이 심화될 수 있다”고 했다.,,,HOLD,HOLD,보류,UNSAFE_EXPLICIT_MONTH
A01825_1,A01825,1,2025-05-21,BMW코리아가 올 1~4월 SUV(스포츠유틸리티차) 국내 수입차 브랜드 중 처음으로 판매량 1만대를 넘어섰다.,,,HUMAN_REVIEW,HUMAN_REVIEW,보류,UNSAFE_EXPLICIT_MONTH
A01825_3,A01825,3,2025-05-21,"한국수입자동차협회(KAIDA)에 따르면, BMW코리아는 올 1~4월 SUV 총 1만770대를 판매했다.",,,HUMAN_REVIEW,HUMAN_REVIEW,보류,UNSAFE_EXPLICIT_MONTH
A01825_6,A01825,6,2025-05-21,같은 기간 2181대(20.3%)를 판매해 수입 프리미엄 SUV 단일 모델 중에선 가장 판매량이 많았다.,,,HUMAN_REVIEW,HUMAN_REVIEW,보류,UNSAFE_EXPLICIT_MONTH
A01932_13,A01932,13,2025-05-29,"다른 국가와 같은 10% 기본관세를 적용받고 있지만, 우리 주력 수출품인 자동차에는 25%의 품목관세가 부과되고 있어 대미 수출이 감소하고 있다.",,,HOLD,HOLD,보류,UNSAFE_EXPLICIT_MONTH
A01953_24,A01953,24,2025-05-31,노바티스에 기술 수출한 종근당은 임상 2상 진입을 계기로 기술료 500만달러를 수령한다고 지난 29일 공시했다.,,,HOLD,HOLD,보류,UNSAFE_EXPLICIT_MONTH
A01965_2,A01965,2,2025-06-01,"수출 효자 상품인 반도체 수출이 21% 넘게 늘어나며 역대 5월 최고 실적을 기록했지만, 트럼프 미 행정부의 고액 관세 정책 영향으로 대미 수출이 8% 넘게 줄었다.",,2025년 5월,HOLD,HOLD,보류,TARGET_VALUE_NOT_IN_SOURCE_SENTENCE
A01965_8,A01965,8,2025-06-01,"주요 국가별 수출을 보면, 대미 수출이 100억달러로 8.1% 감소했다.",,,HOLD,HOLD,보류,UNSAFE_EXPLICIT_MONTH
A01968_8,A01968,8,2025-06-01,"국내 중고차 수출액이 2년 새 2배 규모가 됐고, 이러한 수출 수요의 급증이 중고차 가격 상승을 견인하는 모습이다.",,,HOLD,HOLD,보류,UNSAFE_EXPLICIT_MONTH
A01986_9,A01986,9,2025-06-02,업계에서는 “50% 관세율을 감수한 대미 철강 수출은 사실상 불가능하다”는 목소리가 나온다.,,,HOLD,HOLD,보류,UNSAFE_EXPLICIT_MONTH
A01987_18,A01987,18,2025-06-02,"과거 대표적 대중 수출 품목이었던 석유화학과 일반 기계도 각각 11.4%, 13.6% 감소했다.",,,HUMAN_REVIEW,HUMAN_REVIEW,보류,UNSAFE_EXPLICIT_MONTH
A02028_1,A02028,1,2025-06-05,K방산이 필리핀에 7억달러(약 1조원) 규모 국산 다목적 전투기 추가 수출을 따냈다.,,,HOLD,HOLD,보류,UNSAFE_EXPLICIT_MONTH
A02028_7,A02028,7,2025-06-05,수출 규모로는 12조원 안팎이다.,,,HOLD,HOLD,보류,UNSAFE_EXPLICIT_MONTH
A02028_34,A02028,34,2025-06-05,"천궁II는 사우디아라비아, 아랍에미리트(UAE), 이라크 중동 3국에 약 12조원어치 수출을 성사시켰다.",,,HOLD,HOLD,보류,UNSAFE_EXPLICIT_MONTH
A02099_17,A02099,17,2025-06-11,"반도체(15.2%)와 기계류(16.8%), 가스(36%) 등 주요 수출품목들이 일제히 증가한 영향이다.",,,HOLD,HOLD,보류,UNSAFE_EXPLICIT_MONTH
A02099_19,A02099,19,2025-06-11,"수입 증가폭이 수출 증가폭을 앞지르면서, 1~10일 무역수지는 17억800만달러 적자를 보였다.",,,HOLD,HOLD,보류,UNSAFE_EXPLICIT_MONTH
A02106_8,A02106,8,2025-06-11,전체 수입량의 12%에 달한다.,,,HOLD,HOLD,보류,UNSAFE_EXPLICIT_MONTH
A02130_4,A02130,4,2025-06-13,"원유 수요의 약 70%, 액화천연가스(LNG)의 약 30%를 중동 지역에서 수입하는 현실에서 에너지 확보에 문제가 생길 수 있다는 관측도 제기된다.",,,HOLD,HOLD,보류,UNSAFE_EXPLICIT_MONTH
A02130_14,A02130,14,2025-06-13,"한국무역협회에 따르면 국제 유가가 10% 상승하면 우리 수출은 0.32% 줄고, 수입은 2.38% 늘어난다.",,,HOLD,HOLD,보류,UNSAFE_EXPLICIT_MONTH
A02132_27,A02132,27,2025-06-13,"다만 대미 수출 1위 품목인 자동차에 관세 25%가 4월부터 붙고 있고, 철강 관세가 이달 들어 50%로 오르며 사실상 대미 수출이 막힌 상황에서 마냥 시간을 늦출 수는 없다는 지적도 나온다.",,,HOLD,HOLD,보류,UNSAFE_EXPLICIT_MONTH
A02256_4,A02256,4,2025-06-23,"반도체와 승용차 등 주력 수출 품목이 각각 21.8%, 9.2% 늘어난 영향이 컸다.",,,HUMAN_REVIEW,HUMAN_REVIEW,보류,UNSAFE_EXPLICIT_MONTH
A02256_8,A02256,8,2025-06-23,이 기간 수입액은 360억6100만달러로 1년 전 대비 5.3% 증가했다.,,,HOLD,HOLD,보류,UNSAFE_EXPLICIT_MONTH
A02256_9,A02256,9,2025-06-23,수출액이 수입액을 웃돌아 26억2100만달러의 무역 흑자가 발생했다.,,,HOLD,HOLD,보류,UNSAFE_EXPLICIT_MONTH
A02330_10,A02330,10,2025-06-29,"수입 원유 가격 기준인 두바이유는 전주보다 배럴당 5.2달러 내린 70달러였고, 국제 휘발유 가격은 4.1달러 하락한 81.4달러, 국제 자동차용 경유 가격은 5.5달러 하락한 89.1달러로 집계됐다.",,,HOLD,HOLD,보류,UNSAFE_EXPLICIT_MONTH
A02371_36,A02371,36,2025-07-02,"▲야생동물 영업 허가제도 시행 =월 평균 10개체 이상의 야생동물을 판매하거나 수입, 생산·위탁관리 영업을 하고자 하는 이는 12월부터 지방자치단체장 허가를 받아야 한다.",,,HOLD,HOLD,보류,UNSAFE_EXPLICIT_MONTH
A02377_2,A02377,2,2025-07-02,구체적인 계약 규모는 밝히지 않았지만 방산 업계 안팎에선 K2 전차 총 180대를 67억달러(약 9조원)에 수출하는 것으로 알려졌다.,,,HOLD,HOLD,보류,UNSAFE_EXPLICIT_MONTH
A02377_6,A02377,6,2025-07-02,"특히 이번에는 수출 물량은 같지만 계약 금액은 2배 가까이 커지면서, 우리 방위산업이 한층 더 ‘진화’했다는 평가가 나온다.",,,HOLD,HOLD,보류,UNSAFE_EXPLICIT_MONTH
A02377_36,A02377,36,2025-07-02,"총 180대, 9조원 규모 계약으로 K방산 수출 금액... K방산, 대포 넘어 전투기로… 6국에 150여대 수출 K방산이 필리핀에 7억달러(약 1조원) 규모 국산 다목적 전투기 추가 수출을 따냈다.",,,HOLD,HOLD,보류,UNSAFE_EXPLICIT_MONTH
A02388_8,A02388,8,2025-07-03,아이스크림(23.1%)과 소스류(18.4%)의 수출 증가율도 높았다.,,,HOLD,HOLD,보류,UNSAFE_EXPLICIT_MONTH
A02491_6,A02491,6,2025-07-11,수출에서 수입을 뺀 무역 수지는 6억달러 적자를 기록했다.,,,HOLD,HOLD,보류,UNSAFE_EXPLICIT_MONTH
A02494_9,A02494,9,2025-07-11,"류성원 한경협 팀장은 “이미 25% 관세가 붙고 있는 자동차와 자동차 부품 등에 대한 품목별 관세가 유지되고, 트럼프 대통령이 8월 1일부터 부과하겠다고 통보한 25% 상호 관세가 시행되면 국내 기업들의 대미 수출은 더욱 어려워질 것”이라고 말했다.",,,HOLD,HOLD,보류,UNSAFE_EXPLICIT_MONTH
A02494_26,A02494,26,2025-07-11,"트럼프 대통령은 지난 7일 한국을 포함한 14국에 대해 8월 1일부터 상호 관세 25%를 매기겠다고 한 데 이어, 8일엔 한국의 수출 1위 품목인 반도체에도 관세를 부과하겠다는 방침을 재확인했다.",,,HOLD,HOLD,보류,UNSAFE_EXPLICIT_MONTH
A02535_5,A02535,5,2025-07-14,"지난주 국내 수입 원유 가격의 기준인 두바이유는 전주보다 1.8달러 오른 70.7달러를 나타냈고, 국제 휘발유 가격은 0.5달러 상승한 78.8달러, 국제 자동차용 경유는 2.3달러 오른 90.6달러였다.",,,HOLD,HOLD,보류,UNSAFE_EXPLICIT_MONTH
A02553_8,A02553,8,2025-07-16,"여기에 국내 최고 수준의 지도 데이터를 갖춘 ‘티맵 오토’, 평균 96% 이상의 한국어 인식률을 자랑하는 자동차 전용 AI 플랫폼 ‘누구 오토’와 함께 수입차 최초로 네이버의 차량용 ‘웨일 브라우저’가 새로 탑재된다.",,,HOLD,HOLD,보류,UNSAFE_EXPLICIT_MONTH
A02681_10,A02681,10,2025-11-04,"그 외에도 커피(14.7%), 빵(6.6%), 수입 승용차(5.1%), 여자 외의(4.7%)의 가격 인상이 두드러졌다.",,,HOLD,HOLD,보류,UNSAFE_EXPLICIT_MONTH
A02704_6,A02704,6,2025-11-10,삼성전자·SK하이닉스 등 반도체 기업과 현대차·LG 등 상위 10개 기업이 전체 수출의 40%를 차지한 셈이다.,,,HUMAN_REVIEW,HUMAN_REVIEW,보류,UNSAFE_EXPLICIT_MONTH
A02704_8,A02704,8,2025-11-10,톱10 기업과 그 다음 90개 기업 간 수출 격차가 벌어지면서 대기업 내에서도 양극화가 진행되는 것으로 풀이된다.,,,HOLD,HOLD,보류,UNSAFE_EXPLICIT_MONTH
A02704_9,A02704,9,2025-11-10,◇중소·중견 비중은 제자리…온기 못 느껴 기업 규모별로 보면 대기업 수출액은 1223억달러(약 178조원)로 5.1% 증가하며 분기 기준 역대 최대 실적을 달성했다.,,,HOLD,HOLD,보류,UNSAFE_EXPLICIT_MONTH
A02704_14,A02704,14,2025-11-10,"수출 기업 수가 6만9808개로 4.5% 늘었지만, 대다수 기업들이 체감하는 수출 증가 효과는 미미한 것이다.",,,HOLD,HOLD,보류,UNSAFE_EXPLICIT_MONTH
A02704_16,A02704,16,2025-11-10,"◇반도체 호황, 내수로 안 퍼져 재화 성질별로 보면 반도체와 자동차, 디스플레이, 유·무선 통신기기 등으로 대표되는 자본재 수출은 1110억달러로 11.2% 증가하며 8개 분기 연속 상승세를 기록했다.",,,HOLD,HOLD,보류,UNSAFE_EXPLICIT_MONTH
A02704_19,A02704,19,2025-11-10,"대기업의 경우 자본재 수출이 773억달러로 12.2% 증가했지만, 원자재(-5.1%)와 소비재(-5.4%)는 감소했다.",,,HOLD,HOLD,보류,UNSAFE_EXPLICIT_MONTH
A02704_27,A02704,27,2025-11-10,◇소비재도 반등했지만…구조는 그대로 자동차와 화장품 등 소비재 수출은 239억달러로 4.9% 증가하며 5개 분기 만에 증가세로 전환했다.,,,HOLD,HOLD,보류,UNSAFE_EXPLICIT_MONTH
A02704_30,A02704,30,2025-11-10,"대기업의 소비재 수출은 119억달러로 여전히 5.4% 감소했지만, 중견기업(4.4%)과 중소기업(24.9%)은 증가했다.",,,HOLD,HOLD,보류,UNSAFE_EXPLICIT_MONTH
A02704_31,A02704,31,2025-11-10,중소기업의 소비재 수출 증가율이 높아 보이지만 금액으로는 84억달러에 불과해 대기업의 70% 수준이다.,,,HOLD,HOLD,보류,UNSAFE_EXPLICIT_MONTH
A02704_33,A02704,33,2025-11-10,지역별로는 동남아시아 수출이 556억달러(약 81조원)로 17.4% 급증하며 분기 기준 최대치를 기록했다.,,,HOLD,HOLD,보류,UNSAFE_EXPLICIT_MONTH
A02704_35,A02704,35,2025-11-10,"산업별로는 광제조업이 1595억달러로 8.0% 늘었고, 전기전자(15.0%)와 운송장비(9.3%) 수출이 크게 증가했다.",,,HOLD,HOLD,보류,UNSAFE_EXPLICIT_MONTH
A02705_8,A02705,8,2025-11-10,특히 SK하이닉스의 고대역폭 메모리(HBM) 수출이 급증해 수출 상위 10대 기업의 무역 집중도(40%)는 역대 최고치를 기록했다.,,,HOLD,HOLD,보류,UNSAFE_EXPLICIT_MONTH
A02705_9,A02705,9,2025-11-10,"국가데이터처 관계자는 ""대기업, 중견기업, 중소기업 할 것 없이 모두 수출이 증가했지만, 반도체 수출이 크게 늘어나면서 10대 기업의 무역 집중도가 사상 최대치를 나타냈다""고 설명했다.",,,HOLD,HOLD,보류,UNSAFE_EXPLICIT_MONTH
