기사번호,문장번호,부모Claim번호,자식Claim번호,원문,지표,기사수치,단위,시점,계산방식,12개항목상태,의미표준,후보통계표,공식좌표,단계별결과,공식API조회여부,통계표검색시도,항목메타조회시도,기간메타조회시도,공식값조회성공,공식값,공표확인,공식값URL,공표URL,응답해시,공표해시,계산값,판정,최종상태,중단단계,중단사유,코드버전,자료버전,실행시각
A02111,6:multi:1,A02111_6,claim_0b480e92fd76dad9,4월만 해도 690만6000명이었던 60세 이상 취업자는 지난달 704만9000명으로 처음으로 700만명을 넘었다.,취업자 수,7049000.0,명,2025년 5월,DIRECT_VALUE,indicator=SOURCE | value=SOURCE | unit=SOURCE | time=SOURCE | frequency=SOURCE | region=SOURCE | population=SOURCE | dimension=SOURCE | comparison=SOURCE | calculation=SOURCE | condition=SOURCE | source_hint=SOURCE,취업자 수,DT_1DA7002S | DT_1DA9001S | DT_1DA7012S | DT_1DA7024S | DT_1DE9072 | DT_1DE9076_8 | DT_1DA7001S | DT_1DA7003S | DT_1DA7010S | DT_1DA7011S | DT_1DA7028S | DT_1DA7029S | DT_1DA7004S | DT_1DE7119 | DT_1DA7030S | DT_1DA7032S | DT_1DA7035S | DT_1DA7036S | DT_1DE7009S | INH_1DA7030S | INH_1ES3A02S_04 | DT_113_STBL_1026905 | DT_113_STBL_1026906 | DT_113_STBL_1026910 | DT_113_STBL_1026924 | DT_113_STBL_1026947 | DT_113_STBL_1026980 | DT_113_STBL_1027096 | DT_113_STBL_1027136 | DT_113_STBL_1028381 | DT_113_STBL_1028386 | DT_113_STBL_1028403 | DT_113_STBL_1028452 | DT_113_STBL_1029570 | DT_113_STBL_1029826 | DT_113_STBL_1029829 | DT_113_STBL_1031692 | DT_118N_LCE0008 | DT_118N_LCE309 | DT_1DE7112_11 | DT_1ES3B27J | DT_2019_152_1TM1051XC | DT_380002_A054_7TH | DT_383003_C03013 | DT_383003_C03015 | DT_383003_C03044 | DT_383003_C03058 | DT_383003_C03063 | DT_383003_C03068 | DT_383003_C03077 | DT_38304_2013_N004 | DT_38304_2013_N006 | DT_38304_2013_N012 | DT_43701N_032 | DT_43701N_079 | DT_XNN0039 | INH_2OEEM2017 | DT_1YL20541 | DT_38304_2020_N030,"[{""canonical_key"": ""ORG=101|TBL=DT_1DA7002S|ITM=T30|OBJ=G|MEMBER=60세이상|PRD_SE=월|PRD_DE=2025-05"", ""dimension_codes"": {""G"": ""60""}, ""dimension_members"": {""G"": ""60세이상""}, ""itm_id"": ""T30"", ""member_code"": ""60세이상"", ""obj_id"": ""G"", ""org_id"": ""101"", ""prd_de"": ""2025-05"", ""prd_se"": ""월"", ""status"": ""CONFIRMED"", ""tbl_id"": ""DT_1DA7002S"", ""unit"": ""천명""}]",12개항목확인=통과 | 의미표준연결=통과 | 통계표검색=통과 | 기본조건검사=통과 | 후보정밀비교=통과 | 공식좌표확정=통과 | 공식값조회=통과 | 계산=통과 | 판정=통과,예,2,59,59,예,[7048.7],확인,https://kosis.kr/openapi/Param/statisticsParameterData.do?method=getList&orgId=101&tblId=DT_1DA7002S&itmId=T30&prdSe=M&startPrdDe=202505&endPrdDe=202505&objL1=60,https://www.kostat.go.kr/board.es?mid=a10301010000&bid=210&act=view&list_no=437043&tag=&nPage=1&ref_bid=,cdff139d96b0b1821519f932d400069fbb55ab124036dd2297c46f0dd015bbc9,138d897e8b07cc95c6c121ce5bc944b39b986539bde0b279993de37f691ab2eb,7048700.0,MATCH,AUTO,,WITHIN_TOLERANCE,employment-official-17-v1,20260823-live-kosis,2026-08-23T11:08:03.651174+00:00
A02184,11:multi:1,A02184_11,claim_cad2a46b2ed3b674,올해 1분기 고졸 실업률은 5.5%로 4년제 대학 이상 졸업자(6.9%)는 물론이고 전문대 졸업자(6.3%)보다도 낮았다.,실업률,5.5,%,2025년 1분기,DIRECT_VALUE,indicator=SOURCE | value=SOURCE | unit=SOURCE | time=SOURCE | frequency=SOURCE | region=SOURCE | population=SOURCE | dimension=SOURCE | comparison=SOURCE | calculation=SOURCE | condition=NOT_APPLICABLE | source_hint=NOT_APPLICABLE,실업률,DT_2WEO017 | DT_1DA7102S | DT_1DA7103S | DT_1DA7105S | DT_2UNS0080 | DT_1DA7104S | DT_1DA7107S | INH_1DA7104S | DT_1DA7001S | DT_1DA7002S | DT_1DA7003S | DT_1DA9001S | DT_38304_2013_N003 | DT_38304_2013_N006 | DT_1DA7012S | DT_1DA7103 | DT_1DA7105 | DT_2KAA335 | DT_2OEEO018 | DT_XNN0034 | DT_XNS0034 | INH_1ES3A01S | DT_1DA7004S | DT_2UNS0005 | DT_1YL20531E | DT_154021_22AA000100 | DT_1D07003S | DT_1DA7003 | DT_204011_2020_066 | DT_204011_A033 | DT_216012_2021C002 | DT_216012_2021C002_01 | DT_216012_2023C001 | DT_216012_C002 | DT_2IFS001 | DT_2STES038 | DT_2STES039 | DT_2STES040 | DT_38304_2013_N004 | DT_797004_2021D013 | DT_1ES3A01S,[],12개항목확인=통과 | 의미표준연결=통과 | 통계표검색=통과 | 기본조건검사=중단(NO_HARD_GUARD_CANDIDATE),예,4,41,41,아니오,[],미확인,,,,,,UNDETERMINED,HOLD,기본조건검사,NO_HARD_GUARD_CANDIDATE,employment-official-17-v1,20260823-live-kosis,2026-08-23T11:08:03.651174+00:00
A02184,11:multi:2,A02184_11,claim_77fb7a40a6955f37,올해 1분기 고졸 실업률은 5.5%로 4년제 대학 이상 졸업자(6.9%)는 물론이고 전문대 졸업자(6.3%)보다도 낮았다.,실업률,6.9,%,2025년 1분기,DIRECT_VALUE,indicator=SOURCE | value=SOURCE | unit=SOURCE | time=SOURCE | frequency=SOURCE | region=NOT_APPLICABLE | population=SOURCE | dimension=SOURCE | comparison=SOURCE | calculation=SOURCE | condition=NOT_APPLICABLE | source_hint=NOT_APPLICABLE,실업률,DT_2WEO017 | DT_1DA7102S | DT_1DA7103S | DT_1DA7105S | DT_2UNS0080 | DT_1DA7104S | DT_1DA7107S | INH_1DA7104S | DT_1DA7001S | DT_1DA7002S | DT_1DA7003S | DT_1DA9001S | DT_38304_2013_N003 | DT_38304_2013_N006 | DT_1DA7012S | DT_2KAA335 | DT_2OEEO018 | DT_XNN0034 | DT_XNS0034 | INH_1ES3A01S | DT_1DA7004S | DT_2UNS0005 | DT_1YL20531E | DT_2IFS001 | DT_2STES038 | DT_2STES039 | DT_2STES040 | DT_38304_2013_N004 | DT_1ES3A01S,[],12개항목확인=통과 | 의미표준연결=통과 | 통계표검색=통과 | 기본조건검사=중단(NO_HARD_GUARD_CANDIDATE),예,2,29,29,아니오,[],미확인,,,,,,UNDETERMINED,HOLD,기본조건검사,NO_HARD_GUARD_CANDIDATE,employment-official-17-v1,20260823-live-kosis,2026-08-23T11:08:03.651174+00:00
A02184,9:multi:1,A02184_9,claim_ac024e3d51a1b24d,작년에도 대졸 실업률(5.8%)이 고졸(5.1%)을 웃돌았고 올 들어서도 이런 상황이 이어지고 있다.,실업률,5.8,%,2024년,DIRECT_VALUE,indicator=SOURCE | value=SOURCE | unit=SOURCE | time=SOURCE | frequency=SOURCE | region=NOT_APPLICABLE | population=NOT_APPLICABLE | dimension=SOURCE | comparison=SOURCE | calculation=SOURCE | condition=NOT_APPLICABLE | source_hint=NOT_APPLICABLE,실업률,DT_2WEO017 | DT_1DA7102S | DT_1DA7103S | DT_1DA7105S | DT_2UNS0080 | DT_1DA7104S | DT_1DA7107S | INH_1DA7104S | DT_1DA7001S | DT_1DA7002S | DT_1DA7003S | DT_1DA9001S | DT_38304_2013_N003 | DT_38304_2013_N006 | DT_1DA7012S | DT_1DA7103 | DT_1DA7105 | DT_2KAA335 | DT_2OEEO018 | DT_XNN0034 | DT_XNS0034 | INH_1ES3A01S | DT_1DA7004S | DT_2UNS0005 | DT_1YL20531E | DT_154021_22AA000100 | DT_1D07003S | DT_1DA7003 | DT_204011_2020_066 | DT_204011_A033 | DT_216012_2021C002 | DT_216012_2021C002_01 | DT_216012_2023C001 | DT_216012_C002 | DT_2IFS001 | DT_2STES038 | DT_2STES039 | DT_2STES040 | DT_38304_2013_N004 | DT_797004_2021D013 | DT_1ES3A01S,"[{""canonical_key"": ""ORG=383|TBL=DT_38304_2013_N006|ITM=T7|OBJ=GENDER|MEMBER=전체|PRD_SE=년|PRD_DE=2024"", ""dimension_codes"": {""GENDER"": ""00""}, ""dimension_members"": {""GENDER"": ""전체""}, ""itm_id"": ""T7"", ""member_code"": ""전체"", ""obj_id"": ""GENDER"", ""org_id"": ""383"", ""prd_de"": ""2024"", ""prd_se"": ""년"", ""status"": ""CONFIRMED"", ""tbl_id"": ""DT_38304_2013_N006"", ""unit"": ""%""}]",12개항목확인=통과 | 의미표준연결=통과 | 통계표검색=통과 | 기본조건검사=통과 | 후보정밀비교=통과 | 공식좌표확정=통과 | 공식값조회=중단(FETCH_FAILED),예,2,41,41,아니오,[],미확인,,,,,,UNDETERMINED,HOLD,공식값조회,FETCH_FAILED,employment-official-17-v1,20260823-live-kosis,2026-08-23T11:08:03.651174+00:00
A02184,9:multi:2,A02184_9,claim_73791871ae416930,작년에도 대졸 실업률(5.8%)이 고졸(5.1%)을 웃돌았고 올 들어서도 이런 상황이 이어지고 있다.,실업률,5.1,%,2024년,DIRECT_VALUE,indicator=SOURCE | value=SOURCE | unit=SOURCE | time=SOURCE | frequency=SOURCE | region=NOT_APPLICABLE | population=NOT_APPLICABLE | dimension=SOURCE | comparison=SOURCE | calculation=SOURCE | condition=NOT_APPLICABLE | source_hint=NOT_APPLICABLE,실업률,DT_2WEO017 | DT_1DA7102S | DT_1DA7103S | DT_1DA7105S | DT_2UNS0080 | DT_1DA7104S | DT_1DA7107S | INH_1DA7104S | DT_1DA7001S | DT_1DA7002S | DT_1DA7003S | DT_1DA9001S | DT_38304_2013_N003 | DT_38304_2013_N006 | DT_1DA7012S | DT_1DA7103 | DT_1DA7105 | DT_2KAA335 | DT_2OEEO018 | DT_XNN0034 | DT_XNS0034 | INH_1ES3A01S | DT_1DA7004S | DT_2UNS0005 | DT_1YL20531E | DT_154021_22AA000100 | DT_1D07003S | DT_1DA7003 | DT_204011_2020_066 | DT_204011_A033 | DT_216012_2021C002 | DT_216012_2021C002_01 | DT_216012_2023C001 | DT_216012_C002 | DT_2IFS001 | DT_2STES038 | DT_2STES039 | DT_2STES040 | DT_38304_2013_N004 | DT_797004_2021D013 | DT_1ES3A01S,"[{""canonical_key"": ""ORG=101|TBL=DT_1DA7003S|ITM=T80|OBJ=H|MEMBER=계|PRD_SE=년|PRD_DE=2024"", ""dimension_codes"": {""H"": ""00""}, ""dimension_members"": {""H"": ""계""}, ""itm_id"": ""T80"", ""member_code"": ""계"", ""obj_id"": ""H"", ""org_id"": ""101"", ""prd_de"": ""2024"", ""prd_se"": ""년"", ""status"": ""CONFIRMED"", ""tbl_id"": ""DT_1DA7003S"", ""unit"": ""%""}]",12개항목확인=통과 | 의미표준연결=통과 | 통계표검색=통과 | 기본조건검사=통과 | 후보정밀비교=중단(AMBIGUOUS_MARGIN) | 공식좌표확정=중단(AMBIGUOUS_MARGIN),예,2,41,41,아니오,[],미확인,,,,,,UNDETERMINED,HOLD,후보정밀비교,AMBIGUOUS_MARGIN,employment-official-17-v1,20260823-live-kosis,2026-08-23T11:08:03.651174+00:00
A02558,5:multi:1,A02558_5,claim_dd7f9320985819d8,"16일 통계청이 발표한 ‘2025년 6월 고용동향’에 따르면, 지난달 15세 이상 취업자는 2909만1000명으로 전년 동월 대비 18만3000명 늘었다.",취업자,29091000.0,명,2025년 6월,DIRECT_VALUE,indicator=SOURCE | value=SOURCE | unit=SOURCE | time=SOURCE | frequency=SOURCE | region=NOT_APPLICABLE | population=SOURCE | dimension=NOT_APPLICABLE | comparison=SOURCE | calculation=SOURCE | condition=SOURCE | source_hint=SOURCE,취업자 수,DT_1DA7001S,"[{""canonical_key"": ""ORG=101|TBL=DT_1DA7001S|ITM=T30|OBJ=B|MEMBER=계|PRD_SE=월|PRD_DE=2025-06"", ""dimension_codes"": {""B"": ""0""}, ""dimension_members"": {""B"": ""계""}, ""itm_id"": ""T30"", ""member_code"": ""계"", ""obj_id"": ""B"", ""org_id"": ""101"", ""prd_de"": ""2025-06"", ""prd_se"": ""월"", ""status"": ""CONFIRMED"", ""tbl_id"": ""DT_1DA7001S"", ""unit"": ""천명""}]",12개항목확인=통과 | 의미표준연결=통과 | 통계표검색=통과 | 기본조건검사=통과 | 후보정밀비교=통과 | 공식좌표확정=통과 | 공식값조회=통과 | 계산=통과 | 판정=통과,예,7,1,1,예,[29090.6],확인,https://kosis.kr/openapi/Param/statisticsParameterData.do?method=getList&orgId=101&tblId=DT_1DA7001S&itmId=T30&prdSe=M&startPrdDe=202506&endPrdDe=202506&objL1=0,https://www.kostat.go.kr/board.es?mid=a10301010000&bid=210&act=view&list_no=437607&tag=&nPage=1&ref_bid=,4af335248121e570991dced3562bc9a84f89371447e37e5d5151f4fa23042335,2b0e3cf6986b2cf871e2043a9066c123fef5f8679b321bb36a85716284435d19,29090600.0,MATCH,AUTO,,WITHIN_TOLERANCE,employment-official-17-v1,20260823-live-kosis,2026-08-23T11:08:03.651174+00:00
A02633,4:multi:1,A02633_4,claim_57a534979d0230db,17일 국가데이터처가 발표한 ‘9월 고용동향’에 따르면 지난달 15세 이상 취업자는 2915만4000명으로 전년 동월 대비 31만2000명 증가했다.,15세 이상 취업자 수,29154000.0,명,2025년 9월,DIRECT_VALUE,indicator=SOURCE | value=SOURCE | unit=SOURCE | time=SOURCE | frequency=SOURCE | region=NOT_APPLICABLE | population=SOURCE | dimension=SOURCE | comparison=SOURCE | calculation=SOURCE | condition=NOT_APPLICABLE | source_hint=SOURCE,취업자 수,DT_1DA7002S | DT_1DA9001S | DT_1DA7012S | DT_1DA7024S | DT_1DE9072 | DT_1DE9076_8 | DT_1DA7001S | DT_1DA7003S | DT_1DA7010S | DT_1DA7011S | DT_1DE7119 | DT_1DA7028S | DT_1DA7029S | DT_1DE7009S | DT_113_STBL_1027028 | DT_113_STBL_1028381 | DT_113_STBL_1028450 | DT_113_STBL_1031690 | DT_113_STBL_1031692 | DT_113_STBL_1031696 | DT_113_STBL_1032344 | DT_1DA7A64S | DT_1DA7E06S | DT_1DA7E06S_NEW | DT_1DA7E08S_NEW | DT_1DA7E26S | DT_1DA7E26S_NEW | DT_1DA7E27S_NEW | DT_1DA7E43S | DT_1DA7E43S_NEW | DT_1DA9003S | DT_1DE7112_11 | DT_1DE8061_11 | DT_1DE9072_11 | DT_1ES3B27J | DT_1ES3B31J | DT_1ES3B31S | DT_2019_027_1TM1063X | DT_2019_152_1TM1051XC | DT_2019_153_1TM1052XC | DT_2FA002F | DT_2FA005F | DT_2FA007F | DT_2FA010F | DT_2FB020F | DT_2KAA301 | DT_2KAA352 | DT_2KAA353 | DT_2UNS0072 | DT_2UNS0196 | DT_383003_C03013 | DT_383003_C03015 | DT_383003_C03044 | DT_383003_C03058 | DT_383003_C03063 | DT_383003_C03068 | DT_383003_C03077 | DT_38304_2013_N001 | DT_38304_2013_N002 | DT_38304_2013_N003 | DT_38304_2013_N004 | DT_38304_2013_N006 | DT_38304_2013_N012 | DT_43701N_032 | DT_43701N_079 | DT_XNN0027 | DT_XNN0039 | DT_XNS0027 | INH_2OEEM2004 | INH_2OEEM2005 | INH_2OEEM2017 | INH_2OEEM3013 | INH_2OEEM3017 | DT_1DA7004S | DT_1DA7030S | DT_1DA7032S | DT_1DA7035S | DT_1DA7036S | DT_1DA7014S | DT_1DA7031S | DT_1DA7050S | DT_1DA7E33S | DT_1DA7E33S_NEW | DT_1DA7E34S_NEW | DT_1ES3A30S | DT_1ES3B01S | DT_1ES3C02S | DT_1ES3C06S | DT_1PC2027 | DT_1YL20541 | DT_2FA011F | DT_38304_2020_N030 | INH_1DA7014S_01 | INH_1DA7014S_02 | INH_1DA7014S_03 | INH_1DA7015S | INH_1DA7030S | INH_1DA7104S | INH_1ES3A01S | INH_1ES3A02S_01 | INH_1ES3A02S_02 | INH_1ES3A02S_03 | INH_1ES3A02S_04,"[{""canonical_key"": ""ORG=101|TBL=DT_1DA7001S|ITM=T30|OBJ=B|MEMBER=계|PRD_SE=월|PRD_DE=2025-09"", ""dimension_codes"": {""B"": ""0""}, ""dimension_members"": {""B"": ""계""}, ""itm_id"": ""T30"", ""member_code"": ""계"", ""obj_id"": ""B"", ""org_id"": ""101"", ""prd_de"": ""2025-09"", ""prd_se"": ""월"", ""status"": ""CONFIRMED"", ""tbl_id"": ""DT_1DA7001S"", ""unit"": ""천명""}]",12개항목확인=통과 | 의미표준연결=통과 | 통계표검색=통과 | 기본조건검사=통과 | 후보정밀비교=통과 | 공식좌표확정=통과 | 공식값조회=통과 | 계산=통과 | 판정=통과,예,6,65,65,예,[29153.5],확인,https://kosis.kr/openapi/Param/statisticsParameterData.do?method=getList&orgId=101&tblId=DT_1DA7001S&itmId=T30&prdSe=M&startPrdDe=202509&endPrdDe=202509&objL1=0,https://www.kostat.go.kr/board.es?mid=a10301010000&bid=210&act=view&list_no=438842&tag=&nPage=1&ref_bid=,1ceb4e43788b02b212d8c82ea12e658ffb2b3f358d5b500b2d527ebc18ce35af,3c71e359d55c47209b34b3923fc1684d651fd8cfb598eb5b42efabc85001a0c8,29153500.0,MATCH,AUTO,,WITHIN_TOLERANCE,employment-official-17-v1,20260823-live-kosis,2026-08-23T11:08:03.651174+00:00
A00202,17:multi:1,A00202_17,claim_ab9a0dc2b2b44212,"◇청년층 강타한 고용 한파 건설업과 노인 일자리 사업을 중심으로 고용 한파가 닥치면서 임금 근로자 가운데 일용직(고용 계약 기간 1개월 미만)과 임시직(1개월 이상 1년 미만) 취업자 수가 각각 14만7000명, 1만9000명 감소했다.",취업자 수,19000.0,명,2024년 12월,DIRECT_VALUE,indicator=SOURCE | value=SOURCE | unit=SOURCE | time=SOURCE | frequency=SOURCE | region=SOURCE | population=SOURCE | dimension=SOURCE | comparison=SOURCE | calculation=SOURCE | condition=SOURCE | source_hint=SOURCE,취업자 수,DT_1DA7001S | DT_1DA7002S | DT_1DA7003S | DT_1DA7010S | DT_1DA7011S | DT_1DA9001S | DT_1DA7012S | DT_1DA7024S | DT_1DA7028S | DT_1DA7029S | DT_1DE9072 | DT_1DE9076_8 | DT_1DA7004S | DT_1DE7119 | DT_1DA7030S | DT_1DA7032S | DT_1DA7035S | DT_1DA7036S | DT_1DE7009S | INH_1DA7030S | INH_1ES3A02S_04 | DT_111014_A007 | DT_111014_A014 | DT_111014_B014 | DT_113_STBL_1026906 | DT_113_STBL_1026924 | DT_113_STBL_1028381 | DT_113_STBL_1028403 | DT_113_STBL_1028452 | DT_113_STBL_1032344 | DT_113_STBL_1032785 | DT_115038_A006 | DT_118N_DEN064 | DT_118N_DEN068 | DT_118N_N022 | DT_118N_N024 | DT_118N_N025 | DT_154017_24CC001900 | DT_170002_E029 | DT_175001_012 | DT_182001_A088_2025 | DT_1DE7112_11 | DT_1ES3B27J | DT_1HDAAB07 | DT_1LC0013 | DT_2019_152_1TM1051XC | DT_212006_2018_AB008 | DT_212006_2018_AG001 | DT_212006_2018_BJ004 | DT_212006_2020_AB007 | DT_212006_2020_AB008 | DT_212006_2020_AI001 | DT_212006_2020_HA003 | DT_2FK003R | DT_2FK004R | DT_2KAA308 | DT_2OEEM2011 | DT_2OEEM2012 | DT_2OEEM2013 | DT_2OEEM3010 | DT_2OEEM3018 | DT_380002_A009A_6TH | DT_380002_A009B_6TH | DT_380002_A0121_7TH | DT_380002_A0225_7TH | DT_380002_A0451_7TH | DT_380002_A0511_7TH | DT_380002_A054_7TH | DT_380002_A060_7TH | DT_380002_A0659_7TH | DT_380002_A0681_7TH | DT_380002_A0732_7TH | DT_380002_A0913_7TH | DT_380002_A0982_7TH | DT_380002_B004A_6TH | DT_380002_B005_6TH | DT_380002_K003_6TH | DT_380002_L002_6TH | DT_383003_C03011 | DT_383003_C03013 | DT_383003_C03015 | DT_383003_C03022 | DT_383003_C03030 | DT_383003_C03043 | DT_383003_C03044 | DT_383003_C03058 | DT_383003_C03061 | DT_383003_C03063 | DT_383003_C03068 | DT_383003_C03077 | DT_383003_P077 | DT_38304_2013_N004 | DT_38304_2013_N006 | DT_38304_2013_N007 | DT_38304_2013_N012 | DT_38304_2013_N025 | DT_389002_C004 | DT_427001_A084 | DT_43701N_032 | DT_43701N_079 | DT_617004_029 | DT_617004_044 | DT_617004_052 | DT_617004_2022_008 | DT_640003_034 | DT_640003_2025A053 | DT_D24030_1 | DT_XNN0039 | DT_XNS0039 | INH_2OEEM2017 | INH_DT_1K52F01_23 | INH_DT_1K52F02_35 | DT_1YL20541 | DT_38304_2020_N030,[],12개항목확인=통과 | 의미표준연결=통과 | 통계표검색=통과 | 기본조건검사=중단(NO_HARD_GUARD_CANDIDATE),예,5,58,57,아니오,[],미확인,,,,,,UNDETERMINED,HOLD,기본조건검사,NO_HARD_GUARD_CANDIDATE,employment-official-17-v1,20260823-live-kosis,2026-08-23T11:08:03.651174+00:00
A00202,20:multi:1,A00202_20,claim_cc45f161cb09e889,인구 대비 취업자 수 비율을 뜻하는 고용률은 지난달 61.4%로 1년 전(61.7%)에 비해 0.3%포인트 떨어졌다.,고용률,61.4,%,2024년 12월,GROWTH_RATE,indicator=SOURCE | value=SOURCE | unit=SOURCE | time=SOURCE | frequency=SOURCE | region=NOT_APPLICABLE | population=NOT_APPLICABLE | dimension=NOT_APPLICABLE | comparison=SOURCE | calculation=SOURCE | condition=SOURCE | source_hint=NOT_APPLICABLE,고용률,DT_11831_N001 | DT_43701N_032 | DT_1ES3A03_A01S | INH_1DA7014S_03 | INH_1DA7015S | DT_2STES032 | DT_1DA7001S | DT_1DA7002S | DT_1DA7003S | DT_1DA9001S | DT_38304_2013_N003 | DT_38304_2013_N006 | DT_1DA7012S | DT_1ES3D11J | INH_2OEEM2017 | INH_1ES3A02S_03 | DT_2AQ254 | DT_1DA7004S | DT_1DA7300AS | DT_1DA7300S | DT_1DA9008S | DT_1ES3A03_A02S | DT_1ES3A03_A03S | INH_1ES3A03_A01S | DT_2FA001F | DT_2FA002F | DT_1ES3A01S | DT_1ES3A02S,"[{""canonical_key"": ""ORG=101|TBL=DT_1DA7001S|ITM=T90|OBJ=B|MEMBER=계|PRD_SE=월|PRD_DE=2024-12"", ""dimension_codes"": {""B"": ""0""}, ""dimension_members"": {""B"": ""계""}, ""itm_id"": ""T90"", ""member_code"": ""계"", ""obj_id"": ""B"", ""org_id"": ""101"", ""prd_de"": ""2024-12"", ""prd_se"": ""월"", ""status"": ""CONFIRMED"", ""tbl_id"": ""DT_1DA7001S"", ""unit"": ""%""}, {""canonical_key"": ""ORG=101|TBL=DT_1DA7001S|ITM=T90|OBJ=B|MEMBER=계|PRD_SE=월|PRD_DE=2023-12"", ""dimension_codes"": {""B"": ""0""}, ""dimension_members"": {""B"": ""계""}, ""itm_id"": ""T90"", ""member_code"": ""계"", ""obj_id"": ""B"", ""org_id"": ""101"", ""prd_de"": ""2023-12"", ""prd_se"": ""월"", ""status"": ""CONFIRMED"", ""tbl_id"": ""DT_1DA7001S"", ""unit"": ""%""}]",12개항목확인=통과 | 의미표준연결=통과 | 통계표검색=통과 | 기본조건검사=통과 | 후보정밀비교=통과 | 공식좌표확정=통과 | 공식값조회=통과 | 계산=통과 | 판정=통과,예,1,28,28,예,"[61.4, 61.7]",확인,https://kosis.kr/openapi/Param/statisticsParameterData.do?method=getList&orgId=101&tblId=DT_1DA7001S&itmId=T90&prdSe=M&startPrdDe=202412&endPrdDe=202412&objL1=0 | https://kosis.kr/openapi/Param/statisticsParameterData.do?method=getList&orgId=101&tblId=DT_1DA7001S&itmId=T90&prdSe=M&startPrdDe=202312&endPrdDe=202312&objL1=0,https://www.kostat.go.kr/board.es?mid=a10301010000&bid=210&act=view&list_no=434801&tag=&nPage=1&ref_bid= | https://www.kostat.go.kr/board.es?mid=a10301010000&bid=210&act=view&list_no=429025&tag=&nPage=1&ref_bid=,d34ebb6951649a821ecd89a9463ef5e80fea4491b6eba7f01b607756cf69ec24,49912b18a4bdc433f3428cfe4c103414ec96a9c6d5558131d314e3ac0c141336 | 5bf1c580a1632cb754261801c7d4538418b552562a23ec6fe84d72b67ea7b110,-0.48622366288493396,MISMATCH,AUTO,,OUTSIDE_TOLERANCE,employment-official-17-v1,20260823-live-kosis,2026-08-23T11:08:03.651174+00:00
A02096,11:multi:1,A02096_11,claim_51187645801dea7d,"지난달 연령대 별 취업자 수는 60세 이상과 30대에서 취업자가 각각 37만명, 13만2000명 늘어났다.",취업자 수 증가,370000.0,명,2025년 5월,DIRECT_VALUE,indicator=SOURCE | value=SOURCE | unit=SOURCE | time=SOURCE | frequency=SOURCE | region=NOT_APPLICABLE | population=NOT_APPLICABLE | dimension=SOURCE | comparison=SOURCE | calculation=SOURCE | condition=SOURCE | source_hint=NOT_APPLICABLE,취업자 수,DT_1DA7001S | DT_1DA7002S | DT_1DA7003S | DT_1DA7010S | DT_1DA7011S | DT_1DA9001S | DT_1DE7119 | DT_1DA7012S | DT_1DA7024S | DT_1DA7028S | DT_1DA7029S | DT_1DE7009S | DT_1DE9072 | DT_1DE9076_8 | DT_111014_A073 | DT_111014_A074 | DT_111014_B057 | DT_111014_B058 | DT_111014_B104 | DT_111014_B105 | DT_113_STBL_1026905 | DT_113_STBL_1026906 | DT_113_STBL_1026910 | DT_113_STBL_1026924 | DT_113_STBL_1026947 | DT_113_STBL_1026980 | DT_113_STBL_1027096 | DT_113_STBL_1027136 | DT_113_STBL_1028381 | DT_113_STBL_1028386 | DT_113_STBL_1028403 | DT_113_STBL_1028452 | DT_113_STBL_1029570 | DT_113_STBL_1029596 | DT_113_STBL_1029598 | DT_113_STBL_1029826 | DT_113_STBL_1029829 | DT_113_STBL_1031692 | DT_118N_LCE0008 | DT_118N_LCE309 | DT_13622_A195 | DT_14303_E1437 | DT_154019_25AA061030 | DT_154020_22AA230100 | DT_154023_25AA005018 | DT_154023_25AA005108 | DT_154023_25AA005208 | DT_154023_25AA005307 | DT_154023_25AA005408 | DT_154023_25AA005507 | DT_1DA7A64S | DT_1DA7E06S | DT_1DA7E06S_NEW | DT_1DA7E08S_NEW | DT_1DA7E26S | DT_1DA7E26S_NEW | DT_1DA7E27S_NEW | DT_1DA7E43S | DT_1DA7E43S_NEW | DT_1DA9003S | DT_1DE7112_11 | DT_1DE8061_11 | DT_1DE9072_11 | DT_1ES3B27J | DT_1ES3B31J | DT_1ES3B31S | DT_1SSCV074R | DT_1SSEN015R | DT_1SSFA131R | DT_1SSFA132R | DT_1SSFA133R | DT_1SSFA136R | DT_1SSFA137R | DT_1SSFA138R | DT_1SSIC021R | DT_1SSIC022R | DT_1SSSA012R | DT_1SSSA013R | DT_1SSSA014R | DT_1SSSA015R | DT_1SSSA018R | DT_1SSSA019R | DT_1SSSA021R | DT_1SSSA022R | DT_2019_152_1TM1051XC | DT_20704_082_2014 | DT_212006_2018_BB005 | DT_212006_2018_BH019 | DT_212006_2018_BJ020 | DT_212006_2020_AB016 | DT_212006_2020_HA007 | DT_212006_2021K006 | DT_212006_2022A006 | DT_212006_2024A109 | DT_2FB020F | DT_2KAA352 | DT_2OEST007 | DT_331001_2024AC106 | DT_331001_2024AC107 | DT_331001_2024AC108 | DT_331001_2024AC109 | DT_331001_2024AC110 | DT_380002_A042_7TH | DT_380002_A054_7TH | DT_380002_B026_6TH | DT_383003_C03013 | DT_383003_C03015 | DT_383003_C03044 | DT_383003_C03058 | DT_383003_C03063 | DT_383003_C03068 | DT_383003_C03077 | DT_38304_2013_N002 | DT_38304_2013_N004 | DT_38304_2013_N006 | DT_38304_2013_N012 | DT_43701N_032 | DT_43701N_075 | DT_43701N_079 | DT_MLTM_5002860 | DT_MLTM_5002861 | DT_MOGE_3021300354 | DT_S0001N_001 | DT_S0001N_003 | DT_XNN0039 | INH_2OEEM2005 | INH_2OEEM2017 | TX_10505_B014 | TX_115_2009_H7132 | DT_1DA7004S | DT_1DA7030S | DT_1DA7032S | DT_1DA7035S | DT_1DA7036S | DT_1DA7015S | DT_1DA7031S | DT_1DA7050S | DT_1DA7E33S | DT_1DA7E33S_NEW | DT_1DA7E34S_NEW | DT_1ES3A30S | DT_1ES3C02S | DT_1ES3C06S | DT_1YL20541 | DT_38304_2020_N030 | INH_1DA7014S_01 | INH_1DA7014S_02 | INH_1DA7014S_03 | INH_1DA7015S | INH_1DA7030S | INH_1DA7104S | INH_1ES3A02S_04,"[{""canonical_key"": ""ORG=101|TBL=DT_1DA7002S|ITM=T30|OBJ=G|MEMBER=60세이상|PRD_SE=월|PRD_DE=2025-05"", ""dimension_codes"": {""G"": ""60""}, ""dimension_members"": {""G"": ""60세이상""}, ""itm_id"": ""T30"", ""member_code"": ""60세이상"", ""obj_id"": ""G"", ""org_id"": ""101"", ""prd_de"": ""2025-05"", ""prd_se"": ""월"", ""status"": ""CONFIRMED"", ""tbl_id"": ""DT_1DA7002S"", ""unit"": ""천명""}]",12개항목확인=통과 | 의미표준연결=통과 | 통계표검색=통과 | 기본조건검사=통과 | 후보정밀비교=통과 | 공식좌표확정=통과 | 공식값조회=통과 | 계산=통과 | 판정=통과,예,8,64,63,예,[7048.7],확인,https://kosis.kr/openapi/Param/statisticsParameterData.do?method=getList&orgId=101&tblId=DT_1DA7002S&itmId=T30&prdSe=M&startPrdDe=202505&endPrdDe=202505&objL1=60,https://www.kostat.go.kr/board.es?mid=a10301010000&bid=210&act=view&list_no=437043&tag=&nPage=1&ref_bid=,cdff139d96b0b1821519f932d400069fbb55ab124036dd2297c46f0dd015bbc9,e94654ae7344a07c643256e869dfe8e15dad0e5829a47d179356d31091d31793,7048700.0,MISMATCH,AUTO,,OUTSIDE_TOLERANCE,employment-official-17-v1,20260823-live-kosis,2026-08-23T11:08:03.651174+00:00
A02096,11:multi:2,A02096_11,claim_60c76d3e7237ece9,"지난달 연령대 별 취업자 수는 60세 이상과 30대에서 취업자가 각각 37만명, 13만2000명 늘어났다.",취업자 증가,132000.0,명,2025년 5월,DIRECT_VALUE,indicator=SOURCE | value=SOURCE | unit=SOURCE | time=SOURCE | frequency=SOURCE | region=NOT_APPLICABLE | population=SOURCE | dimension=SOURCE | comparison=NOT_APPLICABLE | calculation=SOURCE | condition=SOURCE | source_hint=NOT_APPLICABLE,취업자 수,DT_1DA7001S | DT_1DA7002S | DT_1DA7003S | DT_1DA7010S | DT_1DA7011S | DT_1DA9001S | DT_1DE7119 | DT_1DA7012S | DT_1DA7024S | DT_1DA7028S | DT_1DA7029S | DT_1DE7009S | DT_1DE9072 | DT_1DE9076_8 | DT_105005_C011 | DT_105005_C012 | DT_111014_A073 | DT_111014_A074 | DT_111014_B104 | DT_111014_B105 | DT_111014_C012 | DT_113_STBL_1026887 | DT_113_STBL_1026897 | DT_113_STBL_1026981 | DT_113_STBL_1027018 | DT_113_STBL_1027030 | DT_113_STBL_1027038 | DT_113_STBL_1027096 | DT_113_STBL_1027173 | DT_113_STBL_1028359 | DT_113_STBL_1028403 | DT_113_STBL_1028405 | DT_113_STBL_1028452 | DT_113_STBL_1029596 | DT_113_STBL_1029598 | DT_113_STBL_1032098 | DT_113_STBL_1032297 | DT_113_STBL_1032334 | DT_113_STBL_1032344 | DT_113_STBL_1032347 | DT_113_STBL_1032791 | DT_133001N_328 | DT_133001N_837 | DT_133N_8321 | DT_136022_9865 | DT_136022_9869 | DT_136022_9872 | DT_13622_A195 | DT_14303_E1437 | DT_154016_22AA860000 | DT_154019_25AA061013 | DT_154019_25AA061030 | DT_154020_A028 | DT_154023_25AA005018 | DT_154023_25AA005108 | DT_154023_25AA005208 | DT_154023_25AA005408 | DT_1DA7011 | DT_1DA7A64S | DT_1DA7E06S | DT_1DA7E06S_NEW | DT_1DA7E08S_NEW | DT_1DA7E26S | DT_1DA7E26S_NEW | DT_1DA7E27S_NEW | DT_1DA7E43S | DT_1DA7E43S_NEW | DT_1DA9003S | DT_1DE7112_11 | DT_1DE8061_11 | DT_1DE9072_11 | DT_1ES3B27J | DT_1ES3B31J | DT_1ES3B31S | DT_1SSFA051R | DT_1SSFA052R | DT_1SSFA053R | DT_1SSFA054R | DT_1SSFA060R | DT_1SSFA070R | DT_1SSFA080R | DT_1SSHE111R | DT_1SSHE112R | DT_1SSSA010R | DT_1SSSA011R | DT_1SSSA012R | DT_1SSSA013R | DT_1SSSA017R | DT_1SSSA018R | DT_1SSSA019R | DT_1SSSA020R | DT_2019_152_1TM1051XC | DT_20704_082_2014 | DT_212006_2018_BB005 | DT_212006_2018_BH019 | DT_212006_2018_BJ020 | DT_212006_2020_AB016 | DT_212006_2020_HA007 | DT_212006_2021K006 | DT_212006_2022A006 | DT_212006_2024A109 | DT_2FB020F | DT_2KAA352 | DT_2OEEO017 | DT_2OEST007 | DT_2UNS0072 | DT_34006H_050_3 | DT_383003_C03013 | DT_383003_C03015 | DT_383003_C03044 | DT_383003_C03058 | DT_383003_C03063 | DT_383003_C03068 | DT_383003_C03077 | DT_38304_2013_N004 | DT_38304_2013_N006 | DT_38304_2013_N012 | DT_427001_A082 | DT_427001_A089 | DT_43701N_032 | DT_43701N_075 | DT_43701N_079 | DT_43701N_194 | DT_501Y005 | DT_501Y086 | DT_MLTM_5002860 | DT_MOGE_3021300354 | DT_MOGE_3021300358 | DT_S0001N_001 | DT_XNN0039 | INH_2OEEM2005 | INH_2OEEM2017 | TX_10505_B014 | TX_115_2009_H7132 | DT_1DA7004S | DT_1DA7030S | DT_1DA7032S | DT_1DA7035S | DT_1DA7036S | DT_1DA7031S | DT_1DA7050S | DT_1DA7E33S | DT_1DA7E33S_NEW | DT_1DA7E34S_NEW | DT_1ES3A30S | DT_1ES3C02S | DT_1ES3C06S | DT_1YL20541 | DT_38304_2020_N030 | INH_1DA7014S_01 | INH_1DA7014S_02 | INH_1DA7014S_03 | INH_1DA7015S | INH_1DA7030S | INH_1DA7104S | INH_1ES3A02S_04,[],12개항목확인=통과 | 의미표준연결=통과 | 통계표검색=통과 | 기본조건검사=중단(NO_EVIDENCE_COORDINATE_CANDIDATE),예,8,66,66,아니오,[],미확인,,,,,,UNDETERMINED,HOLD,기본조건검사,NO_EVIDENCE_COORDINATE_CANDIDATE,employment-official-17-v1,20260823-live-kosis,2026-08-23T11:08:03.651174+00:00
A00579,13:multi:1,A00579_13,claim_7a4108c7b1224609,"지난달 15~29세 청년층 취업자 수는 전년 동월 대비 21만8000명 줄었는데, 고용률 기준으로도 44.8%에 그치며 전년 동월 대비 1.5%포인트 감소했다.",고용률,44.8,%,2025년 1월,GROWTH_RATE,indicator=SOURCE | value=SOURCE | unit=SOURCE | time=SOURCE | frequency=SOURCE | region=SOURCE | population=SOURCE | dimension=SOURCE | comparison=SOURCE | calculation=SOURCE | condition=SOURCE | source_hint=SOURCE,고용률,DT_11831_N001 | DT_43701N_032 | DT_1ES3A03_A01S | INH_1DA7015S | INH_1ES3A03_A01S | DT_2STES032 | DT_1DA7002S | DT_1DA9001S | DT_1DA7012S | INH_1DA7014S_03 | DT_1DA7001S | DT_1DA7003S | DT_38304_2013_N003 | DT_38304_2013_N006 | DT_1ES3D11J | DT_1ES3D11S | INH_2OEEM2017 | DT_2AQ254 | DT_1DA7004S | DT_1DA7300AS | DT_1DA7300S | DT_1DA9008S | DT_1ES3A03_A02S | DT_1ES3A03_A03S | INH_1ES3A02S_03 | DT_117079_25BB002029 | DT_11732S0125 | DT_1DA7024S | DT_1DA9002S | DT_1DE9046 | DT_1DE9046S | DT_211012_2024_C001 | DT_21802_C001001_1 | DT_2BR04 | DT_2FA001F | DT_2FA002F | DT_2FA005F | DT_2OEEM3004 | DT_38304_2013_N002 | DT_555002_2023C001 | DT_652004_2024C001 | DT_691006_2025D001 | DT_702005_2025C001 | DT_704004_C002 | DT_705003_2021C003 | DT_705003_2025C002 | DT_712005_2024C001 | DT_722002_C001 | DT_732004_2023C001 | DT_737003_2024A040 | DT_739003_A032 | DT_740002_2024A043 | DT_797004_2021D012 | DT_1ES3A01S | DT_1DA7015S | DT_1ES3A02S,"[{""canonical_key"": ""ORG=101|TBL=DT_1DA7002S|ITM=T90|OBJ=G|MEMBER=15 - 29세|PRD_SE=월|PRD_DE=2025-01"", ""dimension_codes"": {""G"": ""75""}, ""dimension_members"": {""G"": ""15 - 29세""}, ""itm_id"": ""T90"", ""member_code"": ""15 - 29세"", ""obj_id"": ""G"", ""org_id"": ""101"", ""prd_de"": ""2025-01"", ""prd_se"": ""월"", ""status"": ""CONFIRMED"", ""tbl_id"": ""DT_1DA7002S"", ""unit"": ""%""}, {""canonical_key"": ""ORG=101|TBL=DT_1DA7002S|ITM=T90|OBJ=G|MEMBER=15 - 29세|PRD_SE=월|PRD_DE=2024-01"", ""dimension_codes"": {""G"": ""75""}, ""dimension_members"": {""G"": ""15 - 29세""}, ""itm_id"": ""T90"", ""member_code"": ""15 - 29세"", ""obj_id"": ""G"", ""org_id"": ""101"", ""prd_de"": ""2024-01"", ""prd_se"": ""월"", ""status"": ""CONFIRMED"", ""tbl_id"": ""DT_1DA7002S"", ""unit"": ""%""}]",12개항목확인=통과 | 의미표준연결=통과 | 통계표검색=통과 | 기본조건검사=통과 | 후보정밀비교=통과 | 공식좌표확정=통과 | 공식값조회=통과 | 계산=통과 | 판정=통과,예,4,56,56,예,"[44.8, 46.3]",확인,https://kosis.kr/openapi/Param/statisticsParameterData.do?method=getList&orgId=101&tblId=DT_1DA7002S&itmId=T90&prdSe=M&startPrdDe=202501&endPrdDe=202501&objL1=75 | https://kosis.kr/openapi/Param/statisticsParameterData.do?method=getList&orgId=101&tblId=DT_1DA7002S&itmId=T90&prdSe=M&startPrdDe=202401&endPrdDe=202401&objL1=75,https://www.kostat.go.kr/board.es?mid=a10301010000&bid=210&act=view&list_no=435083&tag=&nPage=1&ref_bid= | https://www.kostat.go.kr/board.es?mid=a10301010000&bid=210&act=view&list_no=429474&tag=&nPage=1&ref_bid=,fa5666596dc798b489faafcd7aad813ee329169c8b412391618a384715586c6e,8dfc5a871092e3340e179fd7b4ec6e36c251168dbfa9a5ef4eaa7b3c946703be | 2e93c6f5052a52671c06be21c14aca967f4c749c50552e7ed375b81490b67c06,-3.2397408207343417,MISMATCH,AUTO,,OUTSIDE_TOLERANCE,employment-official-17-v1,20260823-live-kosis,2026-08-23T11:08:03.651174+00:00
A00588,16:multi:1,A00588_16,claim_bda51dfc0f4c325d,"청년(15~29세)층 취업자는 전년 동월 대비 21만8000명 줄었고, 청년 고용률(44.8%)도 1.5%포인트 감소했다.",고용률,44.8,%,전년 동월,DIRECT_VALUE,indicator=SOURCE | value=SOURCE | unit=SOURCE | time=SOURCE | frequency=SOURCE | region=NOT_APPLICABLE | population=SOURCE | dimension=SOURCE | comparison=SOURCE | calculation=SOURCE | condition=SOURCE | source_hint=SOURCE,고용률,DT_43701N_032 | DT_1ES3A03_A01S | INH_1DA7015S | INH_1ES3A03_A01S | DT_2STES032 | DT_1DA7002S | DT_1DA9001S | DT_1DA7012S | INH_1DA7014S_03 | DT_1DA7001S | DT_1DA7003S | DT_38304_2013_N003 | DT_38304_2013_N006 | DT_1ES3D11J | DT_1ES3D11S | INH_2OEEM2017 | INH_1ES3A02S_03 | DT_2AQ254 | DT_1DA7004S | DT_1DA7300AS | DT_1DA7300S | DT_1DA9008S | DT_1ES3A03_A02S | DT_1ES3A03_A03S | DT_117079_25BB002029 | DT_11732S0125 | DT_1DA7024S | DT_1DA9002S | DT_1DE9046 | DT_1DE9046S | DT_211012_2024_C001 | DT_21802_C001001_1 | DT_2BR04 | DT_2FA001F | DT_2FA002F | DT_2FA005F | DT_2OEEM3004 | DT_38304_2013_N002 | DT_652004_2024C001 | DT_691006_2025D001 | DT_702005_2025C001 | DT_704004_C002 | DT_705003_2021C003 | DT_705003_2025C002 | DT_712005_2024C001 | DT_722002_C001 | DT_732004_2023C001 | DT_737003_2024A040 | DT_739003_A032 | DT_740002_2024A043 | DT_742004_2023C005 | DT_797004_2021D012 | DT_1ES3A01S | DT_1DA7015S | DT_1ES3A02S,"[{""canonical_key"": ""ORG=101|TBL=DT_1DA7002S|ITM=T90|OBJ=G|MEMBER=15 - 29세|PRD_SE=월|PRD_DE=전 동월"", ""dimension_codes"": {""G"": ""75""}, ""dimension_members"": {""G"": ""15 - 29세""}, ""itm_id"": ""T90"", ""member_code"": ""15 - 29세"", ""obj_id"": ""G"", ""org_id"": ""101"", ""prd_de"": ""전 동월"", ""prd_se"": ""월"", ""status"": ""CONFIRMED"", ""tbl_id"": ""DT_1DA7002S"", ""unit"": ""%""}]",12개항목확인=통과 | 의미표준연결=통과 | 통계표검색=통과 | 기본조건검사=통과 | 후보정밀비교=통과 | 공식좌표확정=통과 | 공식값조회=중단(FETCH_FAILED),예,4,55,55,아니오,[],미확인,,,,,,UNDETERMINED,HOLD,공식값조회,FETCH_FAILED,employment-official-17-v1,20260823-live-kosis,2026-08-23T11:08:03.651174+00:00
A00621,5:multi:1,A00621_5,claim_7b292cef4a1d724a,하지만 ‘양질의 일자리’로 꼽히는 제조업 분야 취업자 수는 5만6000명 줄어든 439만6000명으로 집계됐다.,취업자 수,4396000.0,명,2025년 1월,DIRECT_VALUE,indicator=SOURCE | value=SOURCE | unit=SOURCE | time=SOURCE | frequency=SOURCE | region=SOURCE | population=SOURCE | dimension=SOURCE | comparison=SOURCE | calculation=SOURCE | condition=SOURCE | source_hint=SOURCE,취업자 수,DT_1DA7E06S_NEW,"[{""canonical_key"": ""ORG=101|TBL=DT_1DA7E06S_NEW|ITM=T30|OBJ=I|MEMBER=계|PRD_SE=월|PRD_DE=2025-01"", ""dimension_codes"": {""I"": ""00""}, ""dimension_members"": {""I"": ""계""}, ""itm_id"": ""T30"", ""member_code"": ""계"", ""obj_id"": ""I"", ""org_id"": ""101"", ""prd_de"": ""2025-01"", ""prd_se"": ""월"", ""status"": ""CONFIRMED"", ""tbl_id"": ""DT_1DA7E06S_NEW"", ""unit"": ""천명""}]",12개항목확인=통과 | 의미표준연결=통과 | 통계표검색=통과 | 기본조건검사=통과 | 후보정밀비교=통과 | 공식좌표확정=통과 | 공식값조회=통과 | 계산=통과 | 판정=통과,예,2,59,59,예,[27878.0],확인,https://kosis.kr/openapi/Param/statisticsParameterData.do?method=getList&orgId=101&tblId=DT_1DA7E06S_NEW&itmId=T30&prdSe=M&startPrdDe=202501&endPrdDe=202501&objL1=00,https://www.kostat.go.kr/board.es?mid=a10301010000&bid=210&act=view&list_no=435083&tag=&nPage=1&ref_bid=,fc22f925f4c0fd916797fcc47646b9e7a054990d7bef825eafbc485ba26cb5ef,749af9ba9df22c502b64b230ca37dfddb428e07894b0a72599c75faae8b22c52,27878000.0,MISMATCH,AUTO,,OUTSIDE_TOLERANCE,employment-official-17-v1,20260823-live-kosis,2026-08-23T11:08:03.651174+00:00
A00628,16:multi:1,A00628_16,claim_b320ebdd6a334269,10년 전과 비교하면 전체 취업자가 10.3% 늘어나는 동안 임금 근로자는 16.3% 증가했고 자영업자는 5.9% 감소했다.,임금 근로자,16.3,%,2025-02-18,DIRECT_VALUE,indicator=SOURCE | value=SOURCE | unit=SOURCE | time=SOURCE | frequency=NOT_APPLICABLE | region=NOT_APPLICABLE | population=SOURCE | dimension=SOURCE | comparison=SOURCE | calculation=SOURCE | condition=SOURCE | source_hint=NOT_APPLICABLE,임금 근로자,DT_1DE7106S | DT_1DE7119 | DT_1DE7009S | DT_383003_C03022 | DT_383003_C03024 | DT_383003_C03025 | DT_383003_C03027 | DT_383003_C03033 | DT_383003_C03035 | DT_383003_C03038 | DT_383003_C03050 | DT_383003_C03052 | DT_43701N_044 | DT_1YL15002 | DT_118N_MON051 | DT_118N_MON052 | DT_118N_MON054 | DT_118N_MON055 | DT_154020_A034 | DT_1FL_7005 | DT_1FL_7006 | DT_43701N_040 | DT_43701N_042 | DT_1YL15003,[],12개항목확인=통과 | 의미표준연결=통과 | 통계표검색=통과 | 기본조건검사=중단(NO_EVIDENCE_COORDINATE_CANDIDATE),예,1,24,24,아니오,[],미확인,,,,,,UNDETERMINED,HOLD,기본조건검사,NO_EVIDENCE_COORDINATE_CANDIDATE,employment-official-17-v1,20260823-live-kosis,2026-08-23T11:08:03.651174+00:00
A00922,9:multi:1,A00922_9,claim_a53a99ef7f4c9e8e,청년 취업자는 355만7000명으로 1년 새 23만5000명 줄었다.,취업자 수,3557000.0,명,2025년 2월,DIRECT_VALUE,indicator=SOURCE | value=SOURCE | unit=SOURCE | time=SOURCE | frequency=SOURCE | region=SOURCE | population=SOURCE | dimension=SOURCE | comparison=SOURCE | calculation=SOURCE | condition=NOT_APPLICABLE | source_hint=SOURCE,취업자 수,DT_1DA7002S | DT_1DA9001S | DT_1DA7012S | DT_1DA7024S | DT_1DE9072 | DT_1DE9076_8 | DT_1DA7001S | DT_1DA7003S | DT_1DA7010S | DT_1DA7011S | DT_1DA7028S | DT_1ES3A03_A01S | DT_1DA7050S | DT_1DA7004S | DT_1DE7119 | DT_1DA7030S | DT_1DA7032S | DT_1DA7035S | DT_1DE7009S | DT_1LC0004 | DT_1LC0005 | DT_1LC0006 | INH_1DA7030S | INH_1ES3A02S_04 | DT_1DE7112_11 | DT_1DE9072_11 | DT_1ES3B27J | DT_1JTJ_A013 | DT_1LC0021 | DT_1LC0022 | DT_1SSHE020R | DT_1SSSP041R | DT_2019_152_1TM1051XC | DT_212006_2024G007 | DT_212006_2024G008 | DT_212006_2024K007 | DT_212006_2024K008 | DT_212006_2025C003 | DT_212006_2025E008 | DT_212006_2025E009 | DT_212006_2025G012 | DT_212006_2025H010 | DT_2OEEM2021 | DT_2OEEM3005 | DT_380002_A011_7TH | DT_380002_A0121_7TH | DT_380002_A0122_7TH | DT_380002_A026013_7TH | DT_380002_A033013_7TH | DT_380002_A05301_7TH | DT_380002_A05302_7TH | DT_380002_A053_7TH | DT_380002_A0793_7TH | DT_380002_A0794_7TH | DT_383003_C03013 | DT_383003_C03015 | DT_383003_C03044 | DT_383003_C03058 | DT_383003_C03063 | DT_383003_C03068 | DT_383003_C03077 | DT_38304_2013_N004 | DT_38304_2013_N006 | DT_38304_2013_N012 | DT_43701N_032 | DT_43701N_079 | DT_712005_2024C015 | DT_712005_2024D005 | DT_722002_C016 | DT_722002_D006 | DT_XNN0039 | INH_2OEEM2017 | DT_1YL20541 | DT_38304_2020_N030,"[{""canonical_key"": ""ORG=101|TBL=DT_1DA7002S|ITM=T30|OBJ=G|MEMBER=15 - 29세|PRD_SE=월|PRD_DE=2025-02"", ""dimension_codes"": {""G"": ""75""}, ""dimension_members"": {""G"": ""15 - 29세""}, ""itm_id"": ""T30"", ""member_code"": ""15 - 29세"", ""obj_id"": ""G"", ""org_id"": ""101"", ""prd_de"": ""2025-02"", ""prd_se"": ""월"", ""status"": ""CONFIRMED"", ""tbl_id"": ""DT_1DA7002S"", ""unit"": ""천명""}]",12개항목확인=통과 | 의미표준연결=통과 | 통계표검색=통과 | 기본조건검사=통과 | 후보정밀비교=통과 | 공식좌표확정=통과 | 공식값조회=통과 | 계산=통과 | 판정=통과,예,4,64,63,예,[3557.2],확인,https://kosis.kr/openapi/Param/statisticsParameterData.do?method=getList&orgId=101&tblId=DT_1DA7002S&itmId=T30&prdSe=M&startPrdDe=202502&endPrdDe=202502&objL1=75,https://www.kostat.go.kr/board.es?mid=a10301010000&bid=210&act=view&list_no=435468&tag=&nPage=1&ref_bid=,da7b3b761834078fdf4e46e3d0f8bc70fa7e7badf6282bbaf1d23c24c18ff964,9ca94e03e83522627d228af1fbde1c2dccd7af20e4172d854559f3ee0e7aa25d,3557200.0,MATCH,AUTO,,WITHIN_TOLERANCE,employment-official-17-v1,20260823-live-kosis,2026-08-23T11:08:03.651174+00:00
A01285,13:multi:1,A01285_13,claim_bbcc1e4c668b3946,"건설업 부진 장기화로 40대와 50대 취업자 수도 각각 4만9000명, 2만6000명 줄었다.",취업자 수,49000.0,명,2025년 3월,DIRECT_VALUE,indicator=SOURCE | value=SOURCE | unit=SOURCE | time=SOURCE | frequency=SOURCE | region=SOURCE | population=SOURCE | dimension=SOURCE | comparison=SOURCE | calculation=SOURCE | condition=SOURCE | source_hint=SOURCE,취업자 수,DT_1DA7002S | DT_1DA9001S | DT_1DA7012S | DT_1DA7024S | DT_1DE9072 | DT_1DE9076_8 | DT_1DA7001S | DT_1DA7003S | DT_1DA7010S | DT_1DA7011S | DT_1DA7028S | DT_1DA7029S | DT_1DA7004S | DT_1DE7119 | DT_1DA7030S | DT_1DA7032S | DT_1DA7035S | DT_1DA7036S | DT_1DE7009S | INH_1DA7030S | INH_1ES3A02S_04 | DT_113_STBL_1026924 | DT_113_STBL_1026981 | DT_113_STBL_1027159 | DT_113_STBL_1028381 | DT_113_STBL_1028391 | DT_113_STBL_1028400 | DT_113_STBL_1028452 | DT_113_STBL_1029154 | DT_113_STBL_1029829 | DT_113_STBL_1032118 | DT_113_STBL_1032297 | DT_113_STBL_1032298 | DT_113_STBL_1032326 | DT_113_STBL_1032327 | DT_113_STBL_1032329 | DT_113_STBL_1032336 | DT_113_STBL_1032358 | DT_113_STBL_1032788 | DT_136022_9894 | DT_1DE7112_11 | DT_2019_152_1TM1051XC | DT_383003_C03013 | DT_383003_C03015 | DT_383003_C03044 | DT_383003_C03058 | DT_383003_C03063 | DT_383003_C03068 | DT_383003_C03077 | DT_38304_2013_N004 | DT_38304_2013_N006 | DT_38304_2013_N012 | DT_427001_A064 | DT_43701N_032 | DT_43701N_079 | DT_XNN0039 | INH_2OEEM2017 | DT_1YL20541 | DT_38304_2020_N030,[],12개항목확인=통과 | 의미표준연결=통과 | 통계표검색=통과 | 기본조건검사=중단(NO_HARD_GUARD_CANDIDATE),예,2,59,59,아니오,[],미확인,,,,,,UNDETERMINED,HOLD,기본조건검사,NO_HARD_GUARD_CANDIDATE,employment-official-17-v1,20260823-live-kosis,2026-08-23T11:08:03.651174+00:00
