기사번호,문장번호,부모Claim번호,원문,발견수치,기대역할표,실제역할표,기대자식수,실제자식수,개수판정,역할묶음판정,분리판정,자식Claim번호,12개항목상태,재입장결과,중단사유,코드버전,자료버전,실행시각
A00006,13,A00006_13,"석유화학 수출은 480억 달러로, 하반기 유가 하락에 따른 수출단가 하락에도 불구하고 수출물량이 확대되면서 5% 증가했다.","[""480억달러"", ""5%""]","{""n1"": {""group_id"": ""g1"", ""role"": ""MAIN_VALUE""}, ""n2"": {""group_id"": ""g1"", ""role"": ""CHANGE_VALUE""}}","[{""expression"": ""480억달러"", ""group_id"": ""g1"", ""mention_id"": ""n1"", ""role"": ""MAIN_VALUE""}, {""expression"": ""5%"", ""group_id"": ""g1"", ""mention_id"": ""n2"", ""role"": ""CHANGE_VALUE""}]",1,1,일치,일치,일치,claim_0568126f6fdb1a71,indicator=SOURCE | value=SOURCE | unit=SOURCE | time=SOURCE | frequency=SOURCE | region=SOURCE | population=NOT_APPLICABLE | dimension=SOURCE | comparison=NOT_APPLICABLE | calculation=SOURCE | condition=NOT_APPLICABLE | source_hint=SOURCE,KOSIS_PIPELINE_ELIGIBLE,KOSIS_PIPELINE_ELIGIBLE,multi-claim-representative-v1,072d819725acb2a5d69b6c1985d7aeb53293b6ad9309820cb61ff3839b562709,2026-08-24T03:49:45.168089+00:00
A00023,6,A00023_6,이런 가운데 정부는 소비자 물가 상승률도 한국은행의 물가 안정 목표치(2%)보다 낮은 1.8%로 내다봤다.,"[""2%"", ""1.8%""]","{""n1"": {""group_id"": ""g1"", ""role"": ""REFERENCE_VALUE""}, ""n2"": {""group_id"": ""g1"", ""role"": ""MAIN_VALUE""}}","[{""expression"": ""2%"", ""group_id"": ""g1"", ""mention_id"": ""n1"", ""role"": ""REFERENCE_VALUE""}, {""expression"": ""1.8%"", ""group_id"": ""g1"", ""mention_id"": ""n2"", ""role"": ""MAIN_VALUE""}]",1,1,일치,일치,일치,claim_b27f85499761db2b,indicator=SOURCE | value=SOURCE | unit=SOURCE | time=MISSING | frequency=SOURCE | region=SOURCE | population=NOT_APPLICABLE | dimension=SOURCE | comparison=SOURCE | calculation=SOURCE | condition=SOURCE | source_hint=SOURCE,STRUCTURAL_HOLD,MISSING_REQUIRED_SLOTS:time,multi-claim-representative-v1,072d819725acb2a5d69b6c1985d7aeb53293b6ad9309820cb61ff3839b562709,2026-08-24T03:49:45.168089+00:00
A00029,16,A00029_16,KG모빌리티도 같은 기간 18.2% 늘어난 6만 2378대를 수출했다.,"[""18.2%"", ""6만2378대""]","{""n1"": {""group_id"": ""g1"", ""role"": ""CHANGE_VALUE""}, ""n2"": {""group_id"": ""g1"", ""role"": ""MAIN_VALUE""}}","[{""expression"": ""18.2%"", ""group_id"": ""g1"", ""mention_id"": ""n1"", ""role"": ""CHANGE_VALUE""}, {""expression"": ""6만2378대"", ""group_id"": ""g1"", ""mention_id"": ""n2"", ""role"": ""MAIN_VALUE""}]",1,1,일치,일치,일치,claim_b2f3939127a2585c,indicator=SOURCE | value=SOURCE | unit=SOURCE | time=SOURCE | frequency=NOT_APPLICABLE | region=NOT_APPLICABLE | population=NOT_APPLICABLE | dimension=SOURCE | comparison=SOURCE | calculation=SOURCE | condition=SOURCE | source_hint=SOURCE,CONTEXT_REQUIRED,CONTEXT_REQUIRED,multi-claim-representative-v1,072d819725acb2a5d69b6c1985d7aeb53293b6ad9309820cb61ff3839b562709,2026-08-24T03:49:45.168089+00:00
A00029,17,A00029_17,"반면, 수출 1위인 현대차(-0.5%), 그리고 르노코리아(-18.4%) 판매가 줄면서 전체 수출은 보합세를 보였다.","[""1위"", ""-0.5%"", ""-18.4%""]","{""n1"": {""group_id"": null, ""role"": ""CONTEXT_VALUE""}, ""n2"": {""group_id"": ""g1"", ""role"": ""MAIN_VALUE""}, ""n3"": {""group_id"": ""g2"", ""role"": ""MAIN_VALUE""}}","[{""expression"": ""1위"", ""group_id"": null, ""mention_id"": ""n1"", ""role"": ""CONTEXT_VALUE""}]",2,0,불일치,불일치,불일치,,,HUMAN_REVIEW,CLAIM_GROUPING_PROVIDER_FAILURE,multi-claim-representative-v1,072d819725acb2a5d69b6c1985d7aeb53293b6ad9309820cb61ff3839b562709,2026-08-24T03:49:45.168089+00:00
A00041,5,A00041_5,"175개 품목의 평균 물가 상승폭은 3.9%로, 지난해 연간 소비자물가지수 상승폭(2.3%)을 뛰어넘었다.","[""175개"", ""3.9%"", ""2.3%""]","{""n1"": {""group_id"": null, ""role"": ""CONTEXT_VALUE""}, ""n2"": {""group_id"": ""g1"", ""role"": ""MAIN_VALUE""}, ""n3"": {""group_id"": ""g1"", ""role"": ""REFERENCE_VALUE""}}","[{""expression"": ""3.9%"", ""group_id"": ""g1"", ""mention_id"": ""n2"", ""role"": ""MAIN_VALUE""}, {""expression"": ""2.3%"", ""group_id"": ""g1"", ""mention_id"": ""n3"", ""role"": ""REFERENCE_VALUE""}, {""expression"": ""175개"", ""group_id"": null, ""mention_id"": ""n1"", ""role"": ""CONTEXT_VALUE""}]",1,1,일치,일치,일치,claim_b02dc8c186e9d718,indicator=SOURCE | value=SOURCE | unit=SOURCE | time=SOURCE | frequency=SOURCE | region=NOT_APPLICABLE | population=SOURCE | dimension=NOT_APPLICABLE | comparison=SOURCE | calculation=SOURCE | condition=SOURCE | source_hint=NOT_APPLICABLE,KOSIS_PIPELINE_ELIGIBLE,KOSIS_PIPELINE_ELIGIBLE,multi-claim-representative-v1,072d819725acb2a5d69b6c1985d7aeb53293b6ad9309820cb61ff3839b562709,2026-08-24T03:49:45.168089+00:00
A00049,8,A00049_8,국토교통부는 우리 기업의 해외 건설 누적 수주액이 1조달러(약 1470조원)를 돌파했다고 3일 밝혔다.,"[""1조달러"", ""1470조원""]","{""n1"": {""group_id"": ""g1"", ""role"": ""MAIN_VALUE""}, ""n2"": {""group_id"": ""g1"", ""role"": ""EQUIVALENT_VALUE""}}","[{""expression"": ""1조달러"", ""group_id"": ""g1"", ""mention_id"": ""n1"", ""role"": ""MAIN_VALUE""}, {""expression"": ""1470조원"", ""group_id"": ""g1"", ""mention_id"": ""n2"", ""role"": ""EQUIVALENT_VALUE""}]",1,1,일치,일치,일치,claim_fd637f342e9da4dc,indicator=SOURCE | value=SOURCE | unit=SOURCE | time=SOURCE | frequency=SOURCE | region=SOURCE | population=SOURCE | dimension=SOURCE | comparison=NOT_APPLICABLE | calculation=SOURCE | condition=SOURCE | source_hint=SOURCE,KOSIS_PIPELINE_ELIGIBLE,KOSIS_PIPELINE_ELIGIBLE,multi-claim-representative-v1,072d819725acb2a5d69b6c1985d7aeb53293b6ad9309820cb61ff3839b562709,2026-08-24T03:49:45.168089+00:00
A00070,19,A00070_19,"1995년 세계무역기구(WTO) 출범... 반도체 수출, 中·홍콩 비율 9%p 이상 줄어 우리나라 수출의 20%가량을 맡고 있는 핵심 품목인 반도체의 ‘수출 지형도’가 눈에 띄게 변한 것으로 나타났다.","[""9%p"", ""20%""]","{""n1"": {""group_id"": ""g1"", ""role"": ""MAIN_VALUE""}, ""n2"": {""group_id"": ""g2"", ""role"": ""MAIN_VALUE""}}",[],2,0,불일치,불일치,불일치,,,HUMAN_REVIEW,CLAIM_GROUPING_PROVIDER_FAILURE,multi-claim-representative-v1,072d819725acb2a5d69b6c1985d7aeb53293b6ad9309820cb61ff3839b562709,2026-08-24T03:49:45.168089+00:00
A00070,5,A00070_5,대미 수출액은 1277억9100만달러로 1년 전보다 10.45% 늘었다.,"[""1277억9100만달러"", ""10.45%""]","{""n1"": {""group_id"": ""g1"", ""role"": ""MAIN_VALUE""}, ""n2"": {""group_id"": ""g1"", ""role"": ""CHANGE_VALUE""}}","[{""expression"": ""1277억9100만달러"", ""group_id"": ""g1"", ""mention_id"": ""n1"", ""role"": ""MAIN_VALUE""}, {""expression"": ""10.45%"", ""group_id"": ""g1"", ""mention_id"": ""n2"", ""role"": ""CHANGE_VALUE""}]",1,1,일치,일치,일치,claim_1b85a4c93a631e8c,indicator=SOURCE | value=SOURCE | unit=SOURCE | time=SOURCE | frequency=SOURCE | region=SOURCE | population=NOT_APPLICABLE | dimension=SOURCE | comparison=SOURCE | calculation=SOURCE | condition=SOURCE | source_hint=SOURCE,CONTEXT_REQUIRED,CONTEXT_REQUIRED,multi-claim-representative-v1,072d819725acb2a5d69b6c1985d7aeb53293b6ad9309820cb61ff3839b562709,2026-08-24T03:49:45.168089+00:00
A00103,4,A00103_4,"농식품 수출액이 99억8000만달러로 100억달러 달성을 눈앞에 뒀고, 스마트팜, 반려동물 식품 등 전후방 산업 수출액이 30억5000만달러였다.","[""99억8000만달러"", ""100억달러"", ""30억5000만달러""]","{""n1"": {""group_id"": ""g1"", ""role"": ""MAIN_VALUE""}, ""n2"": {""group_id"": ""g1"", ""role"": ""CONTEXT_VALUE""}, ""n3"": {""group_id"": ""g2"", ""role"": ""MAIN_VALUE""}}","[{""expression"": ""99억8000만달러"", ""group_id"": ""g1"", ""mention_id"": ""n1"", ""role"": ""MAIN_VALUE""}, {""expression"": ""100억달러"", ""group_id"": ""g1"", ""mention_id"": ""n2"", ""role"": ""REFERENCE_VALUE""}, {""expression"": ""30억5000만달러"", ""group_id"": ""g2"", ""mention_id"": ""n3"", ""role"": ""MAIN_VALUE""}]",2,2,일치,불일치,불일치,claim_8a0ed6f256d80492,indicator=SOURCE | value=SOURCE | unit=SOURCE | time=SOURCE | frequency=SOURCE | region=SOURCE | population=NOT_APPLICABLE | dimension=SOURCE | comparison=SOURCE | calculation=SOURCE | condition=NOT_APPLICABLE | source_hint=SOURCE,CONTEXT_REQUIRED,CONTEXT_REQUIRED,multi-claim-representative-v1,072d819725acb2a5d69b6c1985d7aeb53293b6ad9309820cb61ff3839b562709,2026-08-24T03:49:45.168089+00:00
A00103,4,A00103_4,"농식품 수출액이 99억8000만달러로 100억달러 달성을 눈앞에 뒀고, 스마트팜, 반려동물 식품 등 전후방 산업 수출액이 30억5000만달러였다.","[""99억8000만달러"", ""100억달러"", ""30억5000만달러""]","{""n1"": {""group_id"": ""g1"", ""role"": ""MAIN_VALUE""}, ""n2"": {""group_id"": ""g1"", ""role"": ""CONTEXT_VALUE""}, ""n3"": {""group_id"": ""g2"", ""role"": ""MAIN_VALUE""}}","[{""expression"": ""99억8000만달러"", ""group_id"": ""g1"", ""mention_id"": ""n1"", ""role"": ""MAIN_VALUE""}, {""expression"": ""100억달러"", ""group_id"": ""g1"", ""mention_id"": ""n2"", ""role"": ""REFERENCE_VALUE""}, {""expression"": ""30억5000만달러"", ""group_id"": ""g2"", ""mention_id"": ""n3"", ""role"": ""MAIN_VALUE""}]",2,2,일치,불일치,불일치,claim_aeeb1dfe167836da,indicator=SOURCE | value=SOURCE | unit=SOURCE | time=MISSING | frequency=NOT_APPLICABLE | region=NOT_APPLICABLE | population=NOT_APPLICABLE | dimension=SOURCE | comparison=NOT_APPLICABLE | calculation=SOURCE | condition=NOT_APPLICABLE | source_hint=SOURCE,CONTEXT_REQUIRED,MISSING_REQUIRED_SLOTS:time,multi-claim-representative-v1,072d819725acb2a5d69b6c1985d7aeb53293b6ad9309820cb61ff3839b562709,2026-08-24T03:49:45.168089+00:00
A00103,6,A00103_6,"특히 라면(70.3%), 냉동김밥을 포함한 쌀 가공식품(51%) 등의 대미 수출이 크게 늘었다.","[""70.3%"", ""51%""]","{""n1"": {""group_id"": ""g1"", ""role"": ""MAIN_VALUE""}, ""n2"": {""group_id"": ""g2"", ""role"": ""MAIN_VALUE""}}","[{""expression"": ""70.3%"", ""group_id"": ""g1"", ""mention_id"": ""n1"", ""role"": ""MAIN_VALUE""}, {""expression"": ""51%"", ""group_id"": ""g2"", ""mention_id"": ""n2"", ""role"": ""MAIN_VALUE""}]",2,2,일치,일치,일치,claim_e6dffbdf272f2269,indicator=SOURCE | value=SOURCE | unit=SOURCE | time=MISSING | frequency=NOT_APPLICABLE | region=SOURCE | population=NOT_APPLICABLE | dimension=SOURCE | comparison=MISSING | calculation=SOURCE | condition=SOURCE | source_hint=SOURCE,STRUCTURAL_HOLD,"MISSING_REQUIRED_SLOTS:time,comparison",multi-claim-representative-v1,072d819725acb2a5d69b6c1985d7aeb53293b6ad9309820cb61ff3839b562709,2026-08-24T03:49:45.168089+00:00
A00103,6,A00103_6,"특히 라면(70.3%), 냉동김밥을 포함한 쌀 가공식품(51%) 등의 대미 수출이 크게 늘었다.","[""70.3%"", ""51%""]","{""n1"": {""group_id"": ""g1"", ""role"": ""MAIN_VALUE""}, ""n2"": {""group_id"": ""g2"", ""role"": ""MAIN_VALUE""}}","[{""expression"": ""70.3%"", ""group_id"": ""g1"", ""mention_id"": ""n1"", ""role"": ""MAIN_VALUE""}, {""expression"": ""51%"", ""group_id"": ""g2"", ""mention_id"": ""n2"", ""role"": ""MAIN_VALUE""}]",2,2,일치,일치,일치,claim_2c9dcbd0a373deae,indicator=SOURCE | value=SOURCE | unit=SOURCE | time=MISSING | frequency=NOT_APPLICABLE | region=SOURCE | population=NOT_APPLICABLE | dimension=SOURCE | comparison=SOURCE | calculation=SOURCE | condition=SOURCE | source_hint=NOT_APPLICABLE,STRUCTURAL_HOLD,MISSING_REQUIRED_SLOTS:time,multi-claim-representative-v1,072d819725acb2a5d69b6c1985d7aeb53293b6ad9309820cb61ff3839b562709,2026-08-24T03:49:45.168089+00:00
A00105,28,A00105_28,"23일 한 외제차 직수입 업체는 네이버 블로그... 1억 넘는 테슬라 '사이버트럭' 단점은?… ""세차"" 10만 달러(약 1억3000만원)에 달하는 테슬라의 고가 전기차 ‘사이버트럭’ 소유자들이 가장 힘든 점은 무엇일까?","[""10만달러"", ""1억3000만원""]","{""n1"": {""group_id"": ""g1"", ""role"": ""MAIN_VALUE""}, ""n2"": {""group_id"": ""g1"", ""role"": ""EQUIVALENT_VALUE""}}","[{""expression"": ""10만달러"", ""group_id"": ""g1"", ""mention_id"": ""n1"", ""role"": ""MAIN_VALUE""}, {""expression"": ""1억3000만원"", ""group_id"": ""g1"", ""mention_id"": ""n2"", ""role"": ""EQUIVALENT_VALUE""}]",1,1,일치,일치,일치,claim_5d3fdb9f60625ad5,indicator=SOURCE | value=SOURCE | unit=SOURCE | time=MISSING | frequency=NOT_APPLICABLE | region=NOT_APPLICABLE | population=NOT_APPLICABLE | dimension=SOURCE | comparison=NOT_APPLICABLE | calculation=SOURCE | condition=NOT_APPLICABLE | source_hint=SOURCE,STRUCTURAL_HOLD,MISSING_REQUIRED_SLOTS:time,multi-claim-representative-v1,072d819725acb2a5d69b6c1985d7aeb53293b6ad9309820cb61ff3839b562709,2026-08-24T03:49:45.168089+00:00
A00185,3,A00185_3,"15일 한국수입자동차협회(KAIDA)에 따르면, 작년 수입 승용차 판매량은 26만3288대로 2023년 대비 2.9％ 줄었다.","[""26만3288대"", ""2.9％""]","{""n1"": {""group_id"": ""g1"", ""role"": ""MAIN_VALUE""}, ""n2"": {""group_id"": ""g1"", ""role"": ""CHANGE_VALUE""}}","[{""expression"": ""26만3288대"", ""group_id"": ""g1"", ""mention_id"": ""n1"", ""role"": ""MAIN_VALUE""}, {""expression"": ""2.9％"", ""group_id"": ""g1"", ""mention_id"": ""n2"", ""role"": ""CHANGE_VALUE""}]",1,1,일치,일치,일치,claim_72bc5d19e53bd33f,indicator=SOURCE | value=SOURCE | unit=SOURCE | time=SOURCE | frequency=SOURCE | region=SOURCE | population=NOT_APPLICABLE | dimension=SOURCE | comparison=SOURCE | calculation=SOURCE | condition=SOURCE | source_hint=SOURCE,KOSIS_PIPELINE_ELIGIBLE,KOSIS_PIPELINE_ELIGIBLE,multi-claim-representative-v1,072d819725acb2a5d69b6c1985d7aeb53293b6ad9309820cb61ff3839b562709,2026-08-24T03:49:45.168089+00:00
A00185,6,A00185_6,"당시 수입차 판매량은 1996년 1만315대, 1997년 8136대, 1998년 2075대로 2년 연속 줄었다.","[""1만315대"", ""8136대"", ""2075대""]","{""n1"": {""group_id"": ""g1"", ""role"": ""REFERENCE_VALUE""}, ""n2"": {""group_id"": ""g1"", ""role"": ""REFERENCE_VALUE""}, ""n3"": {""group_id"": ""g1"", ""role"": ""MAIN_VALUE""}}","[{""expression"": ""1만315대"", ""group_id"": ""g1"", ""mention_id"": ""n1"", ""role"": ""REFERENCE_VALUE""}, {""expression"": ""8136대"", ""group_id"": ""g1"", ""mention_id"": ""n2"", ""role"": ""REFERENCE_VALUE""}, {""expression"": ""2075대"", ""group_id"": ""g1"", ""mention_id"": ""n3"", ""role"": ""MAIN_VALUE""}]",1,1,일치,일치,일치,claim_d865b4fa1dcf8ada,indicator=SOURCE | value=SOURCE | unit=SOURCE | time=SOURCE | frequency=SOURCE | region=NOT_APPLICABLE | population=NOT_APPLICABLE | dimension=SOURCE | comparison=SOURCE | calculation=SOURCE | condition=SOURCE | source_hint=NOT_APPLICABLE,KOSIS_PIPELINE_ELIGIBLE,KOSIS_PIPELINE_ELIGIBLE,multi-claim-representative-v1,072d819725acb2a5d69b6c1985d7aeb53293b6ad9309820cb61ff3839b562709,2026-08-24T03:49:45.168089+00:00
A00186,9,A00186_9,"한편, 지난해 현대차·기아 전체 수출 대수는 218만698대, 수출액은 533억6000만달러(약 78조원)로, 2년 연속 수출 200만대, 수출액 500억달러를 이어갔다.","[""218만698대"", ""533억6000만달러"", ""78조원"", ""200만대"", ""500억달러""]","{""n1"": {""group_id"": ""g1"", ""role"": ""MAIN_VALUE""}, ""n2"": {""group_id"": ""g2"", ""role"": ""MAIN_VALUE""}, ""n3"": {""group_id"": ""g2"", ""role"": ""EQUIVALENT_VALUE""}, ""n4"": {""group_id"": ""g1"", ""role"": ""CONTEXT_VALUE""}, ""n5"": {""group_id"": ""g2"", ""role"": ""CONTEXT_VALUE""}}","[{""expression"": ""218만698대"", ""group_id"": ""g1"", ""mention_id"": ""n1"", ""role"": ""MAIN_VALUE""}, {""expression"": ""533억6000만달러"", ""group_id"": ""g2"", ""mention_id"": ""n2"", ""role"": ""MAIN_VALUE""}, {""expression"": ""78조원"", ""group_id"": ""g2"", ""mention_id"": ""n3"", ""role"": ""EQUIVALENT_VALUE""}, {""expression"": ""200만대"", ""group_id"": null, ""mention_id"": ""n4"", ""role"": ""CONTEXT_VALUE""}, {""expression"": ""500억달러"", ""group_id"": null, ""mention_id"": ""n5"", ""role"": ""CONTEXT_VALUE""}]",2,2,일치,불일치,불일치,claim_f8ee8fb0f4b72433,indicator=SOURCE | value=SOURCE | unit=SOURCE | time=SOURCE | frequency=SOURCE | region=NOT_APPLICABLE | population=SOURCE | dimension=SOURCE | comparison=NOT_APPLICABLE | calculation=SOURCE | condition=NOT_APPLICABLE | source_hint=SOURCE,KOSIS_PIPELINE_ELIGIBLE,PARTIAL_CHILD_ADMISSION,multi-claim-representative-v1,072d819725acb2a5d69b6c1985d7aeb53293b6ad9309820cb61ff3839b562709,2026-08-24T03:49:45.168089+00:00
A00186,9,A00186_9,"한편, 지난해 현대차·기아 전체 수출 대수는 218만698대, 수출액은 533억6000만달러(약 78조원)로, 2년 연속 수출 200만대, 수출액 500억달러를 이어갔다.","[""218만698대"", ""533억6000만달러"", ""78조원"", ""200만대"", ""500억달러""]","{""n1"": {""group_id"": ""g1"", ""role"": ""MAIN_VALUE""}, ""n2"": {""group_id"": ""g2"", ""role"": ""MAIN_VALUE""}, ""n3"": {""group_id"": ""g2"", ""role"": ""EQUIVALENT_VALUE""}, ""n4"": {""group_id"": ""g1"", ""role"": ""CONTEXT_VALUE""}, ""n5"": {""group_id"": ""g2"", ""role"": ""CONTEXT_VALUE""}}","[{""expression"": ""218만698대"", ""group_id"": ""g1"", ""mention_id"": ""n1"", ""role"": ""MAIN_VALUE""}, {""expression"": ""533억6000만달러"", ""group_id"": ""g2"", ""mention_id"": ""n2"", ""role"": ""MAIN_VALUE""}, {""expression"": ""78조원"", ""group_id"": ""g2"", ""mention_id"": ""n3"", ""role"": ""EQUIVALENT_VALUE""}, {""expression"": ""200만대"", ""group_id"": null, ""mention_id"": ""n4"", ""role"": ""CONTEXT_VALUE""}, {""expression"": ""500억달러"", ""group_id"": null, ""mention_id"": ""n5"", ""role"": ""CONTEXT_VALUE""}]",2,2,일치,불일치,불일치,claim_ccd4c16816d9226b,indicator=SOURCE | value=SOURCE | unit=SOURCE | time=SOURCE | frequency=SOURCE | region=NOT_APPLICABLE | population=NOT_APPLICABLE | dimension=SOURCE | comparison=SOURCE | calculation=SOURCE | condition=NOT_APPLICABLE | source_hint=SOURCE,CONTEXT_REQUIRED,PARTIAL_CHILD_ADMISSION,multi-claim-representative-v1,072d819725acb2a5d69b6c1985d7aeb53293b6ad9309820cb61ff3839b562709,2026-08-24T03:49:45.168089+00:00
A00189,5,A00189_5,"수입 물가지수는 작년 10월(2.1%), 11월(0.9%) 등으로 석 달 연속 전월에 비해 오르고 있다.","[""2.1%"", ""0.9%""]","{""n1"": {""group_id"": ""g1"", ""role"": ""MAIN_VALUE""}, ""n2"": {""group_id"": ""g2"", ""role"": ""MAIN_VALUE""}}","[{""expression"": ""2.1%"", ""group_id"": ""g1"", ""mention_id"": ""n1"", ""role"": ""MAIN_VALUE""}, {""expression"": ""0.9%"", ""group_id"": ""g1"", ""mention_id"": ""n2"", ""role"": ""CHANGE_VALUE""}]",2,1,불일치,불일치,불일치,claim_e4445d226ceae05b,indicator=SOURCE | value=SOURCE | unit=SOURCE | time=SOURCE | frequency=SOURCE | region=NOT_APPLICABLE | population=NOT_APPLICABLE | dimension=NOT_APPLICABLE | comparison=SOURCE | calculation=SOURCE | condition=SOURCE | source_hint=NOT_APPLICABLE,KOSIS_PIPELINE_ELIGIBLE,KOSIS_PIPELINE_ELIGIBLE,multi-claim-representative-v1,072d819725acb2a5d69b6c1985d7aeb53293b6ad9309820cb61ff3839b562709,2026-08-24T03:49:45.168089+00:00
A00202,7,A00202_7,"건설 경기 부진으로 건설업 취업자 수가 15만7000명 줄었고, 제조업과 도소매업 취업자 수 감소폭도 각각 10만명에 육박했다.","[""15만7000명"", ""10만명""]","{""n1"": {""group_id"": ""g1"", ""role"": ""MAIN_VALUE""}, ""n2"": {""group_id"": ""g2"", ""role"": ""MAIN_VALUE""}}",[],2,1,불일치,불일치,불일치,A00202_7,indicator=SOURCE | value=SOURCE | unit=SOURCE | time=MISSING | frequency=NOT_APPLICABLE | region=SOURCE | population=NOT_APPLICABLE | dimension=SOURCE | comparison=SOURCE | calculation=SOURCE | condition=SOURCE | source_hint=NOT_APPLICABLE,STRUCTURAL_HOLD,MISSING_REQUIRED_SLOTS:time,multi-claim-representative-v1,072d819725acb2a5d69b6c1985d7aeb53293b6ad9309820cb61ff3839b562709,2026-08-24T03:49:45.168089+00:00
A00268,1,A00268_1,석유제품·철강 업종 부진과 조업(操業) 일수 감소 등 여파로 새해 첫 20일간 수출액이 316억달러로 1년 전에 비해 5% 넘게 줄었다고 관세청이 밝혔다.,"[""316억달러"", ""5%""]","{""n1"": {""group_id"": ""g1"", ""role"": ""MAIN_VALUE""}, ""n2"": {""group_id"": ""g1"", ""role"": ""CHANGE_VALUE""}}","[{""expression"": ""316억달러"", ""group_id"": ""g1"", ""mention_id"": ""n1"", ""role"": ""MAIN_VALUE""}, {""expression"": ""5%"", ""group_id"": ""g1"", ""mention_id"": ""n2"", ""role"": ""CHANGE_VALUE""}]",1,1,일치,일치,일치,claim_9564c03b7007c224,indicator=SOURCE | value=SOURCE | unit=SOURCE | time=SOURCE | frequency=SOURCE | region=SOURCE | population=NOT_APPLICABLE | dimension=NOT_APPLICABLE | comparison=SOURCE | calculation=SOURCE | condition=SOURCE | source_hint=SOURCE,KOSIS_PIPELINE_ELIGIBLE,KOSIS_PIPELINE_ELIGIBLE,multi-claim-representative-v1,072d819725acb2a5d69b6c1985d7aeb53293b6ad9309820cb61ff3839b562709,2026-08-24T03:49:45.168089+00:00
A00268,3,A00268_3,수입은 1년 전에 비해 1.7% 줄어든 354억원으로 집계돼 38억달러의 무역 적자를 기록했다.,"[""1.7%"", ""354억원"", ""38억달러""]","{""n1"": {""group_id"": ""g1"", ""role"": ""CHANGE_VALUE""}, ""n2"": {""group_id"": ""g1"", ""role"": ""MAIN_VALUE""}, ""n3"": {""group_id"": ""g2"", ""role"": ""MAIN_VALUE""}}","[{""expression"": ""1.7%"", ""group_id"": ""g1"", ""mention_id"": ""n1"", ""role"": ""CHANGE_VALUE""}, {""expression"": ""354억원"", ""group_id"": ""g1"", ""mention_id"": ""n2"", ""role"": ""MAIN_VALUE""}, {""expression"": ""38억달러"", ""group_id"": ""g2"", ""mention_id"": ""n3"", ""role"": ""MAIN_VALUE""}]",2,2,일치,일치,일치,claim_3fcb47b933d7e723,indicator=SOURCE | value=SOURCE | unit=SOURCE | time=SOURCE | frequency=SOURCE | region=SOURCE | population=NOT_APPLICABLE | dimension=NOT_APPLICABLE | comparison=SOURCE | calculation=SOURCE | condition=SOURCE | source_hint=SOURCE,KOSIS_PIPELINE_ELIGIBLE,PARTIAL_CHILD_ADMISSION,multi-claim-representative-v1,072d819725acb2a5d69b6c1985d7aeb53293b6ad9309820cb61ff3839b562709,2026-08-24T03:49:45.168089+00:00
A00268,3,A00268_3,수입은 1년 전에 비해 1.7% 줄어든 354억원으로 집계돼 38억달러의 무역 적자를 기록했다.,"[""1.7%"", ""354억원"", ""38억달러""]","{""n1"": {""group_id"": ""g1"", ""role"": ""CHANGE_VALUE""}, ""n2"": {""group_id"": ""g1"", ""role"": ""MAIN_VALUE""}, ""n3"": {""group_id"": ""g2"", ""role"": ""MAIN_VALUE""}}","[{""expression"": ""1.7%"", ""group_id"": ""g1"", ""mention_id"": ""n1"", ""role"": ""CHANGE_VALUE""}, {""expression"": ""354억원"", ""group_id"": ""g1"", ""mention_id"": ""n2"", ""role"": ""MAIN_VALUE""}, {""expression"": ""38억달러"", ""group_id"": ""g2"", ""mention_id"": ""n3"", ""role"": ""MAIN_VALUE""}]",2,2,일치,일치,일치,claim_464b0eb5c12b0996,indicator=SOURCE | value=SOURCE | unit=SOURCE | time=SOURCE | frequency=SOURCE | region=SOURCE | population=NOT_APPLICABLE | dimension=NOT_APPLICABLE | comparison=NOT_APPLICABLE | calculation=SOURCE | condition=NOT_APPLICABLE | source_hint=SOURCE,CONTEXT_REQUIRED,PARTIAL_CHILD_ADMISSION,multi-claim-representative-v1,072d819725acb2a5d69b6c1985d7aeb53293b6ad9309820cb61ff3839b562709,2026-08-24T03:49:45.168089+00:00
A00279,10,A00279_10,"지역별로는 대구(25.3%)와 대전(25%), 부산(24.5%) 등 전국 17개 시도에서 상가 권리금이 가장 많이 올랐다.","[""25.3%"", ""25%"", ""24.5%"", ""17개""]","{""n1"": {""group_id"": ""g1"", ""role"": ""MAIN_VALUE""}, ""n2"": {""group_id"": ""g2"", ""role"": ""MAIN_VALUE""}, ""n3"": {""group_id"": ""g3"", ""role"": ""MAIN_VALUE""}, ""n4"": {""group_id"": null, ""role"": ""CONTEXT_VALUE""}}","[{""expression"": ""25.3%"", ""group_id"": ""g1"", ""mention_id"": ""n1"", ""role"": ""MAIN_VALUE""}, {""expression"": ""25%"", ""group_id"": ""g2"", ""mention_id"": ""n2"", ""role"": ""MAIN_VALUE""}, {""expression"": ""24.5%"", ""group_id"": ""g3"", ""mention_id"": ""n3"", ""role"": ""MAIN_VALUE""}, {""expression"": ""17개"", ""group_id"": null, ""mention_id"": ""n4"", ""role"": ""CONTEXT_VALUE""}]",3,3,일치,일치,일치,claim_328cfeeaf8623a74,indicator=SOURCE | value=SOURCE | unit=SOURCE | time=MISSING | frequency=NOT_APPLICABLE | region=SOURCE | population=NOT_APPLICABLE | dimension=NOT_APPLICABLE | comparison=SOURCE | calculation=SOURCE | condition=SOURCE | source_hint=NOT_APPLICABLE,CONTEXT_REQUIRED,MISSING_REQUIRED_SLOTS:time,multi-claim-representative-v1,072d819725acb2a5d69b6c1985d7aeb53293b6ad9309820cb61ff3839b562709,2026-08-24T03:49:45.168089+00:00
A00279,10,A00279_10,"지역별로는 대구(25.3%)와 대전(25%), 부산(24.5%) 등 전국 17개 시도에서 상가 권리금이 가장 많이 올랐다.","[""25.3%"", ""25%"", ""24.5%"", ""17개""]","{""n1"": {""group_id"": ""g1"", ""role"": ""MAIN_VALUE""}, ""n2"": {""group_id"": ""g2"", ""role"": ""MAIN_VALUE""}, ""n3"": {""group_id"": ""g3"", ""role"": ""MAIN_VALUE""}, ""n4"": {""group_id"": null, ""role"": ""CONTEXT_VALUE""}}","[{""expression"": ""25.3%"", ""group_id"": ""g1"", ""mention_id"": ""n1"", ""role"": ""MAIN_VALUE""}, {""expression"": ""25%"", ""group_id"": ""g2"", ""mention_id"": ""n2"", ""role"": ""MAIN_VALUE""}, {""expression"": ""24.5%"", ""group_id"": ""g3"", ""mention_id"": ""n3"", ""role"": ""MAIN_VALUE""}, {""expression"": ""17개"", ""group_id"": null, ""mention_id"": ""n4"", ""role"": ""CONTEXT_VALUE""}]",3,3,일치,일치,일치,claim_ae90cef40f9ff016,indicator=SOURCE | value=SOURCE | unit=SOURCE | time=MISSING | frequency=NOT_APPLICABLE | region=SOURCE | population=NOT_APPLICABLE | dimension=NOT_APPLICABLE | comparison=MISSING | calculation=SOURCE | condition=SOURCE | source_hint=NOT_APPLICABLE,STRUCTURAL_HOLD,"MISSING_REQUIRED_SLOTS:time,comparison",multi-claim-representative-v1,072d819725acb2a5d69b6c1985d7aeb53293b6ad9309820cb61ff3839b562709,2026-08-24T03:49:45.168089+00:00
A00279,10,A00279_10,"지역별로는 대구(25.3%)와 대전(25%), 부산(24.5%) 등 전국 17개 시도에서 상가 권리금이 가장 많이 올랐다.","[""25.3%"", ""25%"", ""24.5%"", ""17개""]","{""n1"": {""group_id"": ""g1"", ""role"": ""MAIN_VALUE""}, ""n2"": {""group_id"": ""g2"", ""role"": ""MAIN_VALUE""}, ""n3"": {""group_id"": ""g3"", ""role"": ""MAIN_VALUE""}, ""n4"": {""group_id"": null, ""role"": ""CONTEXT_VALUE""}}","[{""expression"": ""25.3%"", ""group_id"": ""g1"", ""mention_id"": ""n1"", ""role"": ""MAIN_VALUE""}, {""expression"": ""25%"", ""group_id"": ""g2"", ""mention_id"": ""n2"", ""role"": ""MAIN_VALUE""}, {""expression"": ""24.5%"", ""group_id"": ""g3"", ""mention_id"": ""n3"", ""role"": ""MAIN_VALUE""}, {""expression"": ""17개"", ""group_id"": null, ""mention_id"": ""n4"", ""role"": ""CONTEXT_VALUE""}]",3,3,일치,일치,일치,claim_a530820698887a26,indicator=SOURCE | value=SOURCE | unit=SOURCE | time=SOURCE | frequency=SOURCE | region=SOURCE | population=NOT_APPLICABLE | dimension=SOURCE | comparison=SOURCE | calculation=SOURCE | condition=SOURCE | source_hint=SOURCE,KOSIS_PIPELINE_ELIGIBLE,PARTIAL_CHILD_ADMISSION,multi-claim-representative-v1,072d819725acb2a5d69b6c1985d7aeb53293b6ad9309820cb61ff3839b562709,2026-08-24T03:49:45.168089+00:00
A00288,19,A00288_19,"샌프란시스코는 지난해 사이브리드트럭을 비롯한 친환경차 정책을 70... 트럼프 '취임식 취소'에도 불구하고, 100만달러 규모 리얼리티프로그램 출연도 트럼프 전 대통령 재선까지 결혼식과 부대 행사를 포함하는 초호화 결혼 비용으로 100만달러(약 14억7000만원)를 지출했다고 ... 이외에 자세한 이야기가 담긴 글을 확인했다.","[""100만달러"", ""100만달러"", ""14억7000만원""]","{""n1"": {""group_id"": null, ""role"": ""CONTEXT_VALUE""}, ""n2"": {""group_id"": ""g1"", ""role"": ""MAIN_VALUE""}, ""n3"": {""group_id"": ""g1"", ""role"": ""EQUIVALENT_VALUE""}}","[{""expression"": ""100만달러"", ""group_id"": null, ""mention_id"": ""n1"", ""role"": ""CONTEXT_VALUE""}]",1,0,불일치,불일치,불일치,,,HUMAN_REVIEW,CLAIM_GROUPING_PROVIDER_FAILURE,multi-claim-representative-v1,072d819725acb2a5d69b6c1985d7aeb53293b6ad9309820cb61ff3839b562709,2026-08-24T03:49:45.168089+00:00
